ISO-10303-21;
HEADER;
FILE_DESCRIPTION(('Open CASCADE Model'),'2;1');
FILE_NAME('Open CASCADE Shape Model','2024-08-26T15:07:44',('Author'),(
    'Open CASCADE'),'Open CASCADE STEP processor 7.5','Open CASCADE 7.5'
  ,'Unknown');
FILE_SCHEMA(('AUTOMOTIVE_DESIGN { 1 0 10303 214 1 1 1 1 }'));
ENDSEC;
DATA;
#1 = APPLICATION_PROTOCOL_DEFINITION('international standard',
  'automotive_design',2000,#2);
#2 = APPLICATION_CONTEXT(
  'core data for automotive mechanical design processes');
#3 = SHAPE_DEFINITION_REPRESENTATION(#4,#10);
#4 = PRODUCT_DEFINITION_SHAPE('','',#5);
#5 = PRODUCT_DEFINITION('design','',#6,#9);
#6 = PRODUCT_DEFINITION_FORMATION('','',#7);
#7 = PRODUCT('PCB','PCB','',(#8));
#8 = PRODUCT_CONTEXT('',#2,'mechanical');
#9 = PRODUCT_DEFINITION_CONTEXT('part definition',#2,'design');
#10 = SHAPE_REPRESENTATION('',(#11,#15,#19,#23,#27,#31,#35,#39,#43,#47,
    #51,#55,#59,#63,#67,#71,#75,#79,#83,#87,#91,#95,#99,#103,#107,#111,
    #115,#119,#123),#127);
#11 = AXIS2_PLACEMENT_3D('',#12,#13,#14);
#12 = CARTESIAN_POINT('',(0.,0.,0.));
#13 = DIRECTION('',(0.,0.,1.));
#14 = DIRECTION('',(1.,0.,-0.));
#15 = AXIS2_PLACEMENT_3D('',#16,#17,#18);
#16 = CARTESIAN_POINT('',(0.,0.,0.));
#17 = DIRECTION('',(0.,0.,1.));
#18 = DIRECTION('',(1.,0.,-0.));
#19 = AXIS2_PLACEMENT_3D('',#20,#21,#22);
#20 = CARTESIAN_POINT('',(0.,0.,0.));
#21 = DIRECTION('',(0.,0.,1.));
#22 = DIRECTION('',(1.,0.,-0.));
#23 = AXIS2_PLACEMENT_3D('',#24,#25,#26);
#24 = CARTESIAN_POINT('',(0.,0.,0.));
#25 = DIRECTION('',(0.,0.,1.));
#26 = DIRECTION('',(1.,0.,-0.));
#27 = AXIS2_PLACEMENT_3D('',#28,#29,#30);
#28 = CARTESIAN_POINT('',(0.,0.,0.));
#29 = DIRECTION('',(0.,0.,1.));
#30 = DIRECTION('',(1.,0.,-0.));
#31 = AXIS2_PLACEMENT_3D('',#32,#33,#34);
#32 = CARTESIAN_POINT('',(0.,0.,0.));
#33 = DIRECTION('',(0.,0.,1.));
#34 = DIRECTION('',(1.,0.,-0.));
#35 = AXIS2_PLACEMENT_3D('',#36,#37,#38);
#36 = CARTESIAN_POINT('',(0.,0.,0.));
#37 = DIRECTION('',(0.,0.,1.));
#38 = DIRECTION('',(1.,0.,-0.));
#39 = AXIS2_PLACEMENT_3D('',#40,#41,#42);
#40 = CARTESIAN_POINT('',(0.,0.,0.));
#41 = DIRECTION('',(0.,0.,1.));
#42 = DIRECTION('',(1.,0.,-0.));
#43 = AXIS2_PLACEMENT_3D('',#44,#45,#46);
#44 = CARTESIAN_POINT('',(0.,0.,0.));
#45 = DIRECTION('',(0.,0.,1.));
#46 = DIRECTION('',(1.,0.,-0.));
#47 = AXIS2_PLACEMENT_3D('',#48,#49,#50);
#48 = CARTESIAN_POINT('',(0.,0.,0.));
#49 = DIRECTION('',(0.,0.,1.));
#50 = DIRECTION('',(1.,0.,-0.));
#51 = AXIS2_PLACEMENT_3D('',#52,#53,#54);
#52 = CARTESIAN_POINT('',(0.,0.,0.));
#53 = DIRECTION('',(0.,0.,1.));
#54 = DIRECTION('',(1.,0.,-0.));
#55 = AXIS2_PLACEMENT_3D('',#56,#57,#58);
#56 = CARTESIAN_POINT('',(0.,0.,0.));
#57 = DIRECTION('',(0.,0.,1.));
#58 = DIRECTION('',(1.,0.,-0.));
#59 = AXIS2_PLACEMENT_3D('',#60,#61,#62);
#60 = CARTESIAN_POINT('',(0.,0.,0.));
#61 = DIRECTION('',(0.,0.,1.));
#62 = DIRECTION('',(1.,0.,-0.));
#63 = AXIS2_PLACEMENT_3D('',#64,#65,#66);
#64 = CARTESIAN_POINT('',(0.,0.,0.));
#65 = DIRECTION('',(0.,0.,1.));
#66 = DIRECTION('',(1.,0.,-0.));
#67 = AXIS2_PLACEMENT_3D('',#68,#69,#70);
#68 = CARTESIAN_POINT('',(0.,0.,0.));
#69 = DIRECTION('',(0.,0.,1.));
#70 = DIRECTION('',(1.,0.,-0.));
#71 = AXIS2_PLACEMENT_3D('',#72,#73,#74);
#72 = CARTESIAN_POINT('',(0.,0.,0.));
#73 = DIRECTION('',(0.,0.,1.));
#74 = DIRECTION('',(1.,0.,-0.));
#75 = AXIS2_PLACEMENT_3D('',#76,#77,#78);
#76 = CARTESIAN_POINT('',(0.,0.,0.));
#77 = DIRECTION('',(0.,0.,1.));
#78 = DIRECTION('',(1.,0.,-0.));
#79 = AXIS2_PLACEMENT_3D('',#80,#81,#82);
#80 = CARTESIAN_POINT('',(0.,0.,0.));
#81 = DIRECTION('',(0.,0.,1.));
#82 = DIRECTION('',(1.,0.,-0.));
#83 = AXIS2_PLACEMENT_3D('',#84,#85,#86);
#84 = CARTESIAN_POINT('',(0.,0.,0.));
#85 = DIRECTION('',(0.,0.,1.));
#86 = DIRECTION('',(1.,0.,-0.));
#87 = AXIS2_PLACEMENT_3D('',#88,#89,#90);
#88 = CARTESIAN_POINT('',(0.,0.,0.));
#89 = DIRECTION('',(0.,0.,1.));
#90 = DIRECTION('',(1.,0.,-0.));
#91 = AXIS2_PLACEMENT_3D('',#92,#93,#94);
#92 = CARTESIAN_POINT('',(0.,0.,0.));
#93 = DIRECTION('',(0.,0.,1.));
#94 = DIRECTION('',(1.,0.,-0.));
#95 = AXIS2_PLACEMENT_3D('',#96,#97,#98);
#96 = CARTESIAN_POINT('',(0.,0.,0.));
#97 = DIRECTION('',(0.,0.,1.));
#98 = DIRECTION('',(1.,0.,-0.));
#99 = AXIS2_PLACEMENT_3D('',#100,#101,#102);
#100 = CARTESIAN_POINT('',(0.,0.,0.));
#101 = DIRECTION('',(0.,0.,1.));
#102 = DIRECTION('',(1.,0.,-0.));
#103 = AXIS2_PLACEMENT_3D('',#104,#105,#106);
#104 = CARTESIAN_POINT('',(0.,0.,0.));
#105 = DIRECTION('',(0.,0.,1.));
#106 = DIRECTION('',(1.,0.,-0.));
#107 = AXIS2_PLACEMENT_3D('',#108,#109,#110);
#108 = CARTESIAN_POINT('',(0.,0.,0.));
#109 = DIRECTION('',(0.,0.,1.));
#110 = DIRECTION('',(1.,0.,-0.));
#111 = AXIS2_PLACEMENT_3D('',#112,#113,#114);
#112 = CARTESIAN_POINT('',(0.,0.,0.));
#113 = DIRECTION('',(0.,0.,1.));
#114 = DIRECTION('',(1.,0.,-0.));
#115 = AXIS2_PLACEMENT_3D('',#116,#117,#118);
#116 = CARTESIAN_POINT('',(0.,0.,0.));
#117 = DIRECTION('',(0.,0.,1.));
#118 = DIRECTION('',(1.,0.,-0.));
#119 = AXIS2_PLACEMENT_3D('',#120,#121,#122);
#120 = CARTESIAN_POINT('',(0.,0.,0.));
#121 = DIRECTION('',(0.,0.,1.));
#122 = DIRECTION('',(1.,0.,-0.));
#123 = AXIS2_PLACEMENT_3D('',#124,#125,#126);
#124 = CARTESIAN_POINT('',(0.,0.,0.));
#125 = DIRECTION('',(0.,0.,1.));
#126 = DIRECTION('',(1.,0.,-0.));
#127 = ( GEOMETRIC_REPRESENTATION_CONTEXT(3) 
GLOBAL_UNCERTAINTY_ASSIGNED_CONTEXT((#131)) GLOBAL_UNIT_ASSIGNED_CONTEXT
((#128,#129,#130)) REPRESENTATION_CONTEXT('Context #1',
  '3D Context with UNIT and UNCERTAINTY') );
#128 = ( LENGTH_UNIT() NAMED_UNIT(*) SI_UNIT(.MILLI.,.METRE.) );
#129 = ( NAMED_UNIT(*) PLANE_ANGLE_UNIT() SI_UNIT($,.RADIAN.) );
#130 = ( NAMED_UNIT(*) SI_UNIT($,.STERADIAN.) SOLID_ANGLE_UNIT() );
#131 = UNCERTAINTY_MEASURE_WITH_UNIT(LENGTH_MEASURE(2.E-05),#128,
  'distance_accuracy_value','confusion accuracy');
#132 = PRODUCT_RELATED_PRODUCT_CATEGORY('part',$,(#7));
#133 = SHAPE_DEFINITION_REPRESENTATION(#134,#140);
#134 = PRODUCT_DEFINITION_SHAPE('','',#135);
#135 = PRODUCT_DEFINITION('design','',#136,#139);
#136 = PRODUCT_DEFINITION_FORMATION('','',#137);
#137 = PRODUCT('Board','Board','',(#138));
#138 = PRODUCT_CONTEXT('',#2,'mechanical');
#139 = PRODUCT_DEFINITION_CONTEXT('part definition',#2,'design');
#140 = SHAPE_REPRESENTATION('',(#11,#141),#145);
#141 = AXIS2_PLACEMENT_3D('',#142,#143,#144);
#142 = CARTESIAN_POINT('',(0.,0.,-0.41148));
#143 = DIRECTION('',(0.,0.,1.));
#144 = DIRECTION('',(1.,0.,-0.));
#145 = ( GEOMETRIC_REPRESENTATION_CONTEXT(3) 
GLOBAL_UNCERTAINTY_ASSIGNED_CONTEXT((#149)) GLOBAL_UNIT_ASSIGNED_CONTEXT
((#146,#147,#148)) REPRESENTATION_CONTEXT('Context #1',
  '3D Context with UNIT and UNCERTAINTY') );
#146 = ( LENGTH_UNIT() NAMED_UNIT(*) SI_UNIT(.MILLI.,.METRE.) );
#147 = ( NAMED_UNIT(*) PLANE_ANGLE_UNIT() SI_UNIT($,.RADIAN.) );
#148 = ( NAMED_UNIT(*) SI_UNIT($,.STERADIAN.) SOLID_ANGLE_UNIT() );
#149 = UNCERTAINTY_MEASURE_WITH_UNIT(LENGTH_MEASURE(1.E-07),#146,
  'distance_accuracy_value','confusion accuracy');
#150 = ADVANCED_BREP_SHAPE_REPRESENTATION('',(#11,#151),#2311);
#151 = MANIFOLD_SOLID_BREP('',#152);
#152 = CLOSED_SHELL('',(#153,#193,#224,#255,#277,#319,#350,#383,#405,
    #438,#471,#504,#537,#570,#603,#636,#669,#702,#735,#777,#808,#841,
    #863,#896,#929,#962,#995,#1028,#1061,#1103,#1134,#1167,#1189,#1222,
    #1255,#1288,#1321,#1363,#1394,#1427,#1449,#1482,#1515,#1548,#1581,
    #1614,#1656,#1687,#1720,#1742,#1775,#1808,#1841,#1874,#1907,#1949,
    #1980,#2013,#2035,#2173));
#153 = ADVANCED_FACE('',(#154),#188,.F.);
#154 = FACE_BOUND('',#155,.F.);
#155 = EDGE_LOOP('',(#156,#166,#174,#182));
#156 = ORIENTED_EDGE('',*,*,#157,.T.);
#157 = EDGE_CURVE('',#158,#160,#162,.T.);
#158 = VERTEX_POINT('',#159);
#159 = CARTESIAN_POINT('',(27.4,30.6,0.));
#160 = VERTEX_POINT('',#161);
#161 = CARTESIAN_POINT('',(27.4,30.6,0.41148));
#162 = LINE('',#163,#164);
#163 = CARTESIAN_POINT('',(27.4,30.6,0.));
#164 = VECTOR('',#165,1.);
#165 = DIRECTION('',(0.,0.,1.));
#166 = ORIENTED_EDGE('',*,*,#167,.T.);
#167 = EDGE_CURVE('',#160,#168,#170,.T.);
#168 = VERTEX_POINT('',#169);
#169 = CARTESIAN_POINT('',(181.4,30.6,0.41148));
#170 = LINE('',#171,#172);
#171 = CARTESIAN_POINT('',(27.4,30.6,0.41148));
#172 = VECTOR('',#173,1.);
#173 = DIRECTION('',(1.,0.,0.));
#174 = ORIENTED_EDGE('',*,*,#175,.F.);
#175 = EDGE_CURVE('',#176,#168,#178,.T.);
#176 = VERTEX_POINT('',#177);
#177 = CARTESIAN_POINT('',(181.4,30.6,0.));
#178 = LINE('',#179,#180);
#179 = CARTESIAN_POINT('',(181.4,30.6,0.));
#180 = VECTOR('',#181,1.);
#181 = DIRECTION('',(0.,0.,1.));
#182 = ORIENTED_EDGE('',*,*,#183,.F.);
#183 = EDGE_CURVE('',#158,#176,#184,.T.);
#184 = LINE('',#185,#186);
#185 = CARTESIAN_POINT('',(27.4,30.6,0.));
#186 = VECTOR('',#187,1.);
#187 = DIRECTION('',(1.,0.,0.));
#188 = PLANE('',#189);
#189 = AXIS2_PLACEMENT_3D('',#190,#191,#192);
#190 = CARTESIAN_POINT('',(27.4,30.6,0.));
#191 = DIRECTION('',(0.,1.,0.));
#192 = DIRECTION('',(1.,0.,0.));
#193 = ADVANCED_FACE('',(#194),#219,.F.);
#194 = FACE_BOUND('',#195,.F.);
#195 = EDGE_LOOP('',(#196,#197,#205,#213));
#196 = ORIENTED_EDGE('',*,*,#175,.T.);
#197 = ORIENTED_EDGE('',*,*,#198,.T.);
#198 = EDGE_CURVE('',#168,#199,#201,.T.);
#199 = VERTEX_POINT('',#200);
#200 = CARTESIAN_POINT('',(181.4,71.4,0.41148));
#201 = LINE('',#202,#203);
#202 = CARTESIAN_POINT('',(181.4,30.6,0.41148));
#203 = VECTOR('',#204,1.);
#204 = DIRECTION('',(0.,1.,0.));
#205 = ORIENTED_EDGE('',*,*,#206,.F.);
#206 = EDGE_CURVE('',#207,#199,#209,.T.);
#207 = VERTEX_POINT('',#208);
#208 = CARTESIAN_POINT('',(181.4,71.4,0.));
#209 = LINE('',#210,#211);
#210 = CARTESIAN_POINT('',(181.4,71.4,0.));
#211 = VECTOR('',#212,1.);
#212 = DIRECTION('',(0.,0.,1.));
#213 = ORIENTED_EDGE('',*,*,#214,.F.);
#214 = EDGE_CURVE('',#176,#207,#215,.T.);
#215 = LINE('',#216,#217);
#216 = CARTESIAN_POINT('',(181.4,30.6,0.));
#217 = VECTOR('',#218,1.);
#218 = DIRECTION('',(0.,1.,0.));
#219 = PLANE('',#220);
#220 = AXIS2_PLACEMENT_3D('',#221,#222,#223);
#221 = CARTESIAN_POINT('',(181.4,30.6,0.));
#222 = DIRECTION('',(-1.,0.,0.));
#223 = DIRECTION('',(0.,1.,0.));
#224 = ADVANCED_FACE('',(#225),#250,.F.);
#225 = FACE_BOUND('',#226,.F.);
#226 = EDGE_LOOP('',(#227,#228,#236,#244));
#227 = ORIENTED_EDGE('',*,*,#206,.T.);
#228 = ORIENTED_EDGE('',*,*,#229,.T.);
#229 = EDGE_CURVE('',#199,#230,#232,.T.);
#230 = VERTEX_POINT('',#231);
#231 = CARTESIAN_POINT('',(27.4,71.4,0.41148));
#232 = LINE('',#233,#234);
#233 = CARTESIAN_POINT('',(181.4,71.4,0.41148));
#234 = VECTOR('',#235,1.);
#235 = DIRECTION('',(-1.,0.,0.));
#236 = ORIENTED_EDGE('',*,*,#237,.F.);
#237 = EDGE_CURVE('',#238,#230,#240,.T.);
#238 = VERTEX_POINT('',#239);
#239 = CARTESIAN_POINT('',(27.4,71.4,0.));
#240 = LINE('',#241,#242);
#241 = CARTESIAN_POINT('',(27.4,71.4,0.));
#242 = VECTOR('',#243,1.);
#243 = DIRECTION('',(0.,0.,1.));
#244 = ORIENTED_EDGE('',*,*,#245,.F.);
#245 = EDGE_CURVE('',#207,#238,#246,.T.);
#246 = LINE('',#247,#248);
#247 = CARTESIAN_POINT('',(181.4,71.4,0.));
#248 = VECTOR('',#249,1.);
#249 = DIRECTION('',(-1.,0.,0.));
#250 = PLANE('',#251);
#251 = AXIS2_PLACEMENT_3D('',#252,#253,#254);
#252 = CARTESIAN_POINT('',(181.4,71.4,0.));
#253 = DIRECTION('',(0.,-1.,0.));
#254 = DIRECTION('',(-1.,0.,0.));
#255 = ADVANCED_FACE('',(#256),#272,.F.);
#256 = FACE_BOUND('',#257,.F.);
#257 = EDGE_LOOP('',(#258,#259,#265,#266));
#258 = ORIENTED_EDGE('',*,*,#237,.T.);
#259 = ORIENTED_EDGE('',*,*,#260,.T.);
#260 = EDGE_CURVE('',#230,#160,#261,.T.);
#261 = LINE('',#262,#263);
#262 = CARTESIAN_POINT('',(27.4,71.4,0.41148));
#263 = VECTOR('',#264,1.);
#264 = DIRECTION('',(0.,-1.,0.));
#265 = ORIENTED_EDGE('',*,*,#157,.F.);
#266 = ORIENTED_EDGE('',*,*,#267,.F.);
#267 = EDGE_CURVE('',#238,#158,#268,.T.);
#268 = LINE('',#269,#270);
#269 = CARTESIAN_POINT('',(27.4,71.4,0.));
#270 = VECTOR('',#271,1.);
#271 = DIRECTION('',(0.,-1.,0.));
#272 = PLANE('',#273);
#273 = AXIS2_PLACEMENT_3D('',#274,#275,#276);
#274 = CARTESIAN_POINT('',(27.4,71.4,0.));
#275 = DIRECTION('',(1.,0.,-0.));
#276 = DIRECTION('',(0.,-1.,0.));
#277 = ADVANCED_FACE('',(#278),#314,.F.);
#278 = FACE_BOUND('',#279,.T.);
#279 = EDGE_LOOP('',(#280,#290,#299,#307));
#280 = ORIENTED_EDGE('',*,*,#281,.T.);
#281 = EDGE_CURVE('',#282,#284,#286,.T.);
#282 = VERTEX_POINT('',#283);
#283 = CARTESIAN_POINT('',(30.99999896,36.60000046,0.));
#284 = VERTEX_POINT('',#285);
#285 = CARTESIAN_POINT('',(30.99999896,36.60000046,0.41148));
#286 = LINE('',#287,#288);
#287 = CARTESIAN_POINT('',(30.99999896,36.60000046,0.));
#288 = VECTOR('',#289,1.);
#289 = DIRECTION('',(0.,0.,1.));
#290 = ORIENTED_EDGE('',*,*,#291,.T.);
#291 = EDGE_CURVE('',#284,#292,#294,.T.);
#292 = VERTEX_POINT('',#293);
#293 = CARTESIAN_POINT('',(30.99999896,33.40000178,0.41148));
#294 = CIRCLE('',#295,1.59999934);
#295 = AXIS2_PLACEMENT_3D('',#296,#297,#298);
#296 = CARTESIAN_POINT('',(30.99999896,35.00000112,0.41148));
#297 = DIRECTION('',(0.,0.,1.));
#298 = DIRECTION('',(2.220446965185E-15,1.,-0.));
#299 = ORIENTED_EDGE('',*,*,#300,.F.);
#300 = EDGE_CURVE('',#301,#292,#303,.T.);
#301 = VERTEX_POINT('',#302);
#302 = CARTESIAN_POINT('',(30.99999896,33.40000178,0.));
#303 = LINE('',#304,#305);
#304 = CARTESIAN_POINT('',(30.99999896,33.40000178,0.));
#305 = VECTOR('',#306,1.);
#306 = DIRECTION('',(0.,0.,1.));
#307 = ORIENTED_EDGE('',*,*,#308,.F.);
#308 = EDGE_CURVE('',#282,#301,#309,.T.);
#309 = CIRCLE('',#310,1.59999934);
#310 = AXIS2_PLACEMENT_3D('',#311,#312,#313);
#311 = CARTESIAN_POINT('',(30.99999896,35.00000112,0.));
#312 = DIRECTION('',(0.,0.,1.));
#313 = DIRECTION('',(2.220446965185E-15,1.,-0.));
#314 = CYLINDRICAL_SURFACE('',#315,1.59999934);
#315 = AXIS2_PLACEMENT_3D('',#316,#317,#318);
#316 = CARTESIAN_POINT('',(30.99999896,35.00000112,0.));
#317 = DIRECTION('',(-0.,-0.,-1.));
#318 = DIRECTION('',(2.220446965185E-15,1.,-0.));
#319 = ADVANCED_FACE('',(#320),#345,.T.);
#320 = FACE_BOUND('',#321,.T.);
#321 = EDGE_LOOP('',(#322,#332,#338,#339));
#322 = ORIENTED_EDGE('',*,*,#323,.T.);
#323 = EDGE_CURVE('',#324,#326,#328,.T.);
#324 = VERTEX_POINT('',#325);
#325 = CARTESIAN_POINT('',(37.8000006,36.60000046,0.));
#326 = VERTEX_POINT('',#327);
#327 = CARTESIAN_POINT('',(37.8000006,36.60000046,0.41148));
#328 = LINE('',#329,#330);
#329 = CARTESIAN_POINT('',(37.8000006,36.60000046,0.));
#330 = VECTOR('',#331,1.);
#331 = DIRECTION('',(0.,0.,1.));
#332 = ORIENTED_EDGE('',*,*,#333,.T.);
#333 = EDGE_CURVE('',#326,#284,#334,.T.);
#334 = LINE('',#335,#336);
#335 = CARTESIAN_POINT('',(37.8000006,36.60000046,0.41148));
#336 = VECTOR('',#337,1.);
#337 = DIRECTION('',(-1.,0.,0.));
#338 = ORIENTED_EDGE('',*,*,#281,.F.);
#339 = ORIENTED_EDGE('',*,*,#340,.F.);
#340 = EDGE_CURVE('',#324,#282,#341,.T.);
#341 = LINE('',#342,#343);
#342 = CARTESIAN_POINT('',(37.8000006,36.60000046,0.));
#343 = VECTOR('',#344,1.);
#344 = DIRECTION('',(-1.,0.,0.));
#345 = PLANE('',#346);
#346 = AXIS2_PLACEMENT_3D('',#347,#348,#349);
#347 = CARTESIAN_POINT('',(37.8000006,36.60000046,0.));
#348 = DIRECTION('',(0.,-1.,0.));
#349 = DIRECTION('',(-1.,0.,0.));
#350 = ADVANCED_FACE('',(#351),#378,.F.);
#351 = FACE_BOUND('',#352,.T.);
#352 = EDGE_LOOP('',(#353,#363,#370,#371));
#353 = ORIENTED_EDGE('',*,*,#354,.T.);
#354 = EDGE_CURVE('',#355,#357,#359,.T.);
#355 = VERTEX_POINT('',#356);
#356 = CARTESIAN_POINT('',(37.8000006,33.40000178,0.));
#357 = VERTEX_POINT('',#358);
#358 = CARTESIAN_POINT('',(37.8000006,33.40000178,0.41148));
#359 = LINE('',#360,#361);
#360 = CARTESIAN_POINT('',(37.8000006,33.40000178,0.));
#361 = VECTOR('',#362,1.);
#362 = DIRECTION('',(0.,0.,1.));
#363 = ORIENTED_EDGE('',*,*,#364,.T.);
#364 = EDGE_CURVE('',#357,#326,#365,.T.);
#365 = CIRCLE('',#366,1.59999934);
#366 = AXIS2_PLACEMENT_3D('',#367,#368,#369);
#367 = CARTESIAN_POINT('',(37.8000006,35.00000112,0.41148));
#368 = DIRECTION('',(0.,0.,1.));
#369 = DIRECTION('',(-0.,-1.,0.));
#370 = ORIENTED_EDGE('',*,*,#323,.F.);
#371 = ORIENTED_EDGE('',*,*,#372,.F.);
#372 = EDGE_CURVE('',#355,#324,#373,.T.);
#373 = CIRCLE('',#374,1.59999934);
#374 = AXIS2_PLACEMENT_3D('',#375,#376,#377);
#375 = CARTESIAN_POINT('',(37.8000006,35.00000112,0.));
#376 = DIRECTION('',(0.,0.,1.));
#377 = DIRECTION('',(-0.,-1.,0.));
#378 = CYLINDRICAL_SURFACE('',#379,1.59999934);
#379 = AXIS2_PLACEMENT_3D('',#380,#381,#382);
#380 = CARTESIAN_POINT('',(37.8000006,35.00000112,0.));
#381 = DIRECTION('',(-0.,-0.,-1.));
#382 = DIRECTION('',(-0.,-1.,0.));
#383 = ADVANCED_FACE('',(#384),#400,.T.);
#384 = FACE_BOUND('',#385,.T.);
#385 = EDGE_LOOP('',(#386,#387,#393,#394));
#386 = ORIENTED_EDGE('',*,*,#300,.T.);
#387 = ORIENTED_EDGE('',*,*,#388,.T.);
#388 = EDGE_CURVE('',#292,#357,#389,.T.);
#389 = LINE('',#390,#391);
#390 = CARTESIAN_POINT('',(30.99999896,33.40000178,0.41148));
#391 = VECTOR('',#392,1.);
#392 = DIRECTION('',(1.,0.,0.));
#393 = ORIENTED_EDGE('',*,*,#354,.F.);
#394 = ORIENTED_EDGE('',*,*,#395,.F.);
#395 = EDGE_CURVE('',#301,#355,#396,.T.);
#396 = LINE('',#397,#398);
#397 = CARTESIAN_POINT('',(30.99999896,33.40000178,0.));
#398 = VECTOR('',#399,1.);
#399 = DIRECTION('',(1.,0.,0.));
#400 = PLANE('',#401);
#401 = AXIS2_PLACEMENT_3D('',#402,#403,#404);
#402 = CARTESIAN_POINT('',(30.99999896,33.40000178,0.));
#403 = DIRECTION('',(0.,1.,0.));
#404 = DIRECTION('',(1.,0.,0.));
#405 = ADVANCED_FACE('',(#406),#433,.F.);
#406 = FACE_BOUND('',#407,.T.);
#407 = EDGE_LOOP('',(#408,#418,#425,#426));
#408 = ORIENTED_EDGE('',*,*,#409,.T.);
#409 = EDGE_CURVE('',#410,#412,#414,.T.);
#410 = VERTEX_POINT('',#411);
#411 = CARTESIAN_POINT('',(36.425,43.,0.));
#412 = VERTEX_POINT('',#413);
#413 = CARTESIAN_POINT('',(36.425,43.,0.41148));
#414 = LINE('',#415,#416);
#415 = CARTESIAN_POINT('',(36.425,43.,0.));
#416 = VECTOR('',#417,1.);
#417 = DIRECTION('',(0.,0.,1.));
#418 = ORIENTED_EDGE('',*,*,#419,.T.);
#419 = EDGE_CURVE('',#412,#412,#420,.T.);
#420 = CIRCLE('',#421,0.445);
#421 = AXIS2_PLACEMENT_3D('',#422,#423,#424);
#422 = CARTESIAN_POINT('',(35.98,43.,0.41148));
#423 = DIRECTION('',(0.,0.,1.));
#424 = DIRECTION('',(1.,0.,-0.));
#425 = ORIENTED_EDGE('',*,*,#409,.F.);
#426 = ORIENTED_EDGE('',*,*,#427,.F.);
#427 = EDGE_CURVE('',#410,#410,#428,.T.);
#428 = CIRCLE('',#429,0.445);
#429 = AXIS2_PLACEMENT_3D('',#430,#431,#432);
#430 = CARTESIAN_POINT('',(35.98,43.,0.));
#431 = DIRECTION('',(0.,0.,1.));
#432 = DIRECTION('',(1.,0.,-0.));
#433 = CYLINDRICAL_SURFACE('',#434,0.445);
#434 = AXIS2_PLACEMENT_3D('',#435,#436,#437);
#435 = CARTESIAN_POINT('',(35.98,43.,0.));
#436 = DIRECTION('',(-0.,-0.,-1.));
#437 = DIRECTION('',(1.,0.,-0.));
#438 = ADVANCED_FACE('',(#439),#466,.F.);
#439 = FACE_BOUND('',#440,.T.);
#440 = EDGE_LOOP('',(#441,#451,#458,#459));
#441 = ORIENTED_EDGE('',*,*,#442,.T.);
#442 = EDGE_CURVE('',#443,#445,#447,.T.);
#443 = VERTEX_POINT('',#444);
#444 = CARTESIAN_POINT('',(38.965,43.,0.));
#445 = VERTEX_POINT('',#446);
#446 = CARTESIAN_POINT('',(38.965,43.,0.41148));
#447 = LINE('',#448,#449);
#448 = CARTESIAN_POINT('',(38.965,43.,0.));
#449 = VECTOR('',#450,1.);
#450 = DIRECTION('',(0.,0.,1.));
#451 = ORIENTED_EDGE('',*,*,#452,.T.);
#452 = EDGE_CURVE('',#445,#445,#453,.T.);
#453 = CIRCLE('',#454,0.445);
#454 = AXIS2_PLACEMENT_3D('',#455,#456,#457);
#455 = CARTESIAN_POINT('',(38.52,43.,0.41148));
#456 = DIRECTION('',(0.,0.,1.));
#457 = DIRECTION('',(1.,0.,-0.));
#458 = ORIENTED_EDGE('',*,*,#442,.F.);
#459 = ORIENTED_EDGE('',*,*,#460,.F.);
#460 = EDGE_CURVE('',#443,#443,#461,.T.);
#461 = CIRCLE('',#462,0.445);
#462 = AXIS2_PLACEMENT_3D('',#463,#464,#465);
#463 = CARTESIAN_POINT('',(38.52,43.,0.));
#464 = DIRECTION('',(0.,0.,1.));
#465 = DIRECTION('',(1.,0.,-0.));
#466 = CYLINDRICAL_SURFACE('',#467,0.445);
#467 = AXIS2_PLACEMENT_3D('',#468,#469,#470);
#468 = CARTESIAN_POINT('',(38.52,43.,0.));
#469 = DIRECTION('',(-0.,-0.,-1.));
#470 = DIRECTION('',(1.,0.,-0.));
#471 = ADVANCED_FACE('',(#472),#499,.F.);
#472 = FACE_BOUND('',#473,.T.);
#473 = EDGE_LOOP('',(#474,#484,#491,#492));
#474 = ORIENTED_EDGE('',*,*,#475,.T.);
#475 = EDGE_CURVE('',#476,#478,#480,.T.);
#476 = VERTEX_POINT('',#477);
#477 = CARTESIAN_POINT('',(41.505,43.,0.));
#478 = VERTEX_POINT('',#479);
#479 = CARTESIAN_POINT('',(41.505,43.,0.41148));
#480 = LINE('',#481,#482);
#481 = CARTESIAN_POINT('',(41.505,43.,0.));
#482 = VECTOR('',#483,1.);
#483 = DIRECTION('',(0.,0.,1.));
#484 = ORIENTED_EDGE('',*,*,#485,.T.);
#485 = EDGE_CURVE('',#478,#478,#486,.T.);
#486 = CIRCLE('',#487,0.445);
#487 = AXIS2_PLACEMENT_3D('',#488,#489,#490);
#488 = CARTESIAN_POINT('',(41.06,43.,0.41148));
#489 = DIRECTION('',(0.,0.,1.));
#490 = DIRECTION('',(1.,0.,-0.));
#491 = ORIENTED_EDGE('',*,*,#475,.F.);
#492 = ORIENTED_EDGE('',*,*,#493,.F.);
#493 = EDGE_CURVE('',#476,#476,#494,.T.);
#494 = CIRCLE('',#495,0.445);
#495 = AXIS2_PLACEMENT_3D('',#496,#497,#498);
#496 = CARTESIAN_POINT('',(41.06,43.,0.));
#497 = DIRECTION('',(0.,0.,1.));
#498 = DIRECTION('',(1.,0.,-0.));
#499 = CYLINDRICAL_SURFACE('',#500,0.445);
#500 = AXIS2_PLACEMENT_3D('',#501,#502,#503);
#501 = CARTESIAN_POINT('',(41.06,43.,0.));
#502 = DIRECTION('',(-0.,-0.,-1.));
#503 = DIRECTION('',(1.,0.,-0.));
#504 = ADVANCED_FACE('',(#505),#532,.F.);
#505 = FACE_BOUND('',#506,.T.);
#506 = EDGE_LOOP('',(#507,#517,#524,#525));
#507 = ORIENTED_EDGE('',*,*,#508,.T.);
#508 = EDGE_CURVE('',#509,#511,#513,.T.);
#509 = VERTEX_POINT('',#510);
#510 = CARTESIAN_POINT('',(79.525,43.,0.));
#511 = VERTEX_POINT('',#512);
#512 = CARTESIAN_POINT('',(79.525,43.,0.41148));
#513 = LINE('',#514,#515);
#514 = CARTESIAN_POINT('',(79.525,43.,0.));
#515 = VECTOR('',#516,1.);
#516 = DIRECTION('',(0.,0.,1.));
#517 = ORIENTED_EDGE('',*,*,#518,.T.);
#518 = EDGE_CURVE('',#511,#511,#519,.T.);
#519 = CIRCLE('',#520,0.445);
#520 = AXIS2_PLACEMENT_3D('',#521,#522,#523);
#521 = CARTESIAN_POINT('',(79.08,43.,0.41148));
#522 = DIRECTION('',(0.,0.,1.));
#523 = DIRECTION('',(1.,0.,-0.));
#524 = ORIENTED_EDGE('',*,*,#508,.F.);
#525 = ORIENTED_EDGE('',*,*,#526,.F.);
#526 = EDGE_CURVE('',#509,#509,#527,.T.);
#527 = CIRCLE('',#528,0.445);
#528 = AXIS2_PLACEMENT_3D('',#529,#530,#531);
#529 = CARTESIAN_POINT('',(79.08,43.,0.));
#530 = DIRECTION('',(0.,0.,1.));
#531 = DIRECTION('',(1.,0.,-0.));
#532 = CYLINDRICAL_SURFACE('',#533,0.445);
#533 = AXIS2_PLACEMENT_3D('',#534,#535,#536);
#534 = CARTESIAN_POINT('',(79.08,43.,0.));
#535 = DIRECTION('',(-0.,-0.,-1.));
#536 = DIRECTION('',(1.,0.,-0.));
#537 = ADVANCED_FACE('',(#538),#565,.F.);
#538 = FACE_BOUND('',#539,.T.);
#539 = EDGE_LOOP('',(#540,#550,#557,#558));
#540 = ORIENTED_EDGE('',*,*,#541,.T.);
#541 = EDGE_CURVE('',#542,#544,#546,.T.);
#542 = VERTEX_POINT('',#543);
#543 = CARTESIAN_POINT('',(93.445,43.,0.));
#544 = VERTEX_POINT('',#545);
#545 = CARTESIAN_POINT('',(93.445,43.,0.41148));
#546 = LINE('',#547,#548);
#547 = CARTESIAN_POINT('',(93.445,43.,0.));
#548 = VECTOR('',#549,1.);
#549 = DIRECTION('',(0.,0.,1.));
#550 = ORIENTED_EDGE('',*,*,#551,.T.);
#551 = EDGE_CURVE('',#544,#544,#552,.T.);
#552 = CIRCLE('',#553,0.445);
#553 = AXIS2_PLACEMENT_3D('',#554,#555,#556);
#554 = CARTESIAN_POINT('',(93.,43.,0.41148));
#555 = DIRECTION('',(0.,0.,1.));
#556 = DIRECTION('',(1.,0.,-0.));
#557 = ORIENTED_EDGE('',*,*,#541,.F.);
#558 = ORIENTED_EDGE('',*,*,#559,.F.);
#559 = EDGE_CURVE('',#542,#542,#560,.T.);
#560 = CIRCLE('',#561,0.445);
#561 = AXIS2_PLACEMENT_3D('',#562,#563,#564);
#562 = CARTESIAN_POINT('',(93.,43.,0.));
#563 = DIRECTION('',(0.,0.,1.));
#564 = DIRECTION('',(1.,0.,-0.));
#565 = CYLINDRICAL_SURFACE('',#566,0.445);
#566 = AXIS2_PLACEMENT_3D('',#567,#568,#569);
#567 = CARTESIAN_POINT('',(93.,43.,0.));
#568 = DIRECTION('',(-0.,-0.,-1.));
#569 = DIRECTION('',(1.,0.,-0.));
#570 = ADVANCED_FACE('',(#571),#598,.F.);
#571 = FACE_BOUND('',#572,.T.);
#572 = EDGE_LOOP('',(#573,#583,#590,#591));
#573 = ORIENTED_EDGE('',*,*,#574,.T.);
#574 = EDGE_CURVE('',#575,#577,#579,.T.);
#575 = VERTEX_POINT('',#576);
#576 = CARTESIAN_POINT('',(55.425,43.,0.));
#577 = VERTEX_POINT('',#578);
#578 = CARTESIAN_POINT('',(55.425,43.,0.41148));
#579 = LINE('',#580,#581);
#580 = CARTESIAN_POINT('',(55.425,43.,0.));
#581 = VECTOR('',#582,1.);
#582 = DIRECTION('',(0.,0.,1.));
#583 = ORIENTED_EDGE('',*,*,#584,.T.);
#584 = EDGE_CURVE('',#577,#577,#585,.T.);
#585 = CIRCLE('',#586,0.445);
#586 = AXIS2_PLACEMENT_3D('',#587,#588,#589);
#587 = CARTESIAN_POINT('',(54.98,43.,0.41148));
#588 = DIRECTION('',(0.,0.,1.));
#589 = DIRECTION('',(1.,0.,-0.));
#590 = ORIENTED_EDGE('',*,*,#574,.F.);
#591 = ORIENTED_EDGE('',*,*,#592,.F.);
#592 = EDGE_CURVE('',#575,#575,#593,.T.);
#593 = CIRCLE('',#594,0.445);
#594 = AXIS2_PLACEMENT_3D('',#595,#596,#597);
#595 = CARTESIAN_POINT('',(54.98,43.,0.));
#596 = DIRECTION('',(0.,0.,1.));
#597 = DIRECTION('',(1.,0.,-0.));
#598 = CYLINDRICAL_SURFACE('',#599,0.445);
#599 = AXIS2_PLACEMENT_3D('',#600,#601,#602);
#600 = CARTESIAN_POINT('',(54.98,43.,0.));
#601 = DIRECTION('',(-0.,-0.,-1.));
#602 = DIRECTION('',(1.,0.,-0.));
#603 = ADVANCED_FACE('',(#604),#631,.F.);
#604 = FACE_BOUND('',#605,.T.);
#605 = EDGE_LOOP('',(#606,#616,#623,#624));
#606 = ORIENTED_EDGE('',*,*,#607,.T.);
#607 = EDGE_CURVE('',#608,#610,#612,.T.);
#608 = VERTEX_POINT('',#609);
#609 = CARTESIAN_POINT('',(60.505,43.,0.));
#610 = VERTEX_POINT('',#611);
#611 = CARTESIAN_POINT('',(60.505,43.,0.41148));
#612 = LINE('',#613,#614);
#613 = CARTESIAN_POINT('',(60.505,43.,0.));
#614 = VECTOR('',#615,1.);
#615 = DIRECTION('',(0.,0.,1.));
#616 = ORIENTED_EDGE('',*,*,#617,.T.);
#617 = EDGE_CURVE('',#610,#610,#618,.T.);
#618 = CIRCLE('',#619,0.445);
#619 = AXIS2_PLACEMENT_3D('',#620,#621,#622);
#620 = CARTESIAN_POINT('',(60.06,43.,0.41148));
#621 = DIRECTION('',(0.,0.,1.));
#622 = DIRECTION('',(1.,0.,-0.));
#623 = ORIENTED_EDGE('',*,*,#607,.F.);
#624 = ORIENTED_EDGE('',*,*,#625,.F.);
#625 = EDGE_CURVE('',#608,#608,#626,.T.);
#626 = CIRCLE('',#627,0.445);
#627 = AXIS2_PLACEMENT_3D('',#628,#629,#630);
#628 = CARTESIAN_POINT('',(60.06,43.,0.));
#629 = DIRECTION('',(0.,0.,1.));
#630 = DIRECTION('',(1.,0.,-0.));
#631 = CYLINDRICAL_SURFACE('',#632,0.445);
#632 = AXIS2_PLACEMENT_3D('',#633,#634,#635);
#633 = CARTESIAN_POINT('',(60.06,43.,0.));
#634 = DIRECTION('',(-0.,-0.,-1.));
#635 = DIRECTION('',(1.,0.,-0.));
#636 = ADVANCED_FACE('',(#637),#664,.F.);
#637 = FACE_BOUND('',#638,.T.);
#638 = EDGE_LOOP('',(#639,#649,#656,#657));
#639 = ORIENTED_EDGE('',*,*,#640,.T.);
#640 = EDGE_CURVE('',#641,#643,#645,.T.);
#641 = VERTEX_POINT('',#642);
#642 = CARTESIAN_POINT('',(57.965,43.,0.));
#643 = VERTEX_POINT('',#644);
#644 = CARTESIAN_POINT('',(57.965,43.,0.41148));
#645 = LINE('',#646,#647);
#646 = CARTESIAN_POINT('',(57.965,43.,0.));
#647 = VECTOR('',#648,1.);
#648 = DIRECTION('',(0.,0.,1.));
#649 = ORIENTED_EDGE('',*,*,#650,.T.);
#650 = EDGE_CURVE('',#643,#643,#651,.T.);
#651 = CIRCLE('',#652,0.445);
#652 = AXIS2_PLACEMENT_3D('',#653,#654,#655);
#653 = CARTESIAN_POINT('',(57.52,43.,0.41148));
#654 = DIRECTION('',(0.,0.,1.));
#655 = DIRECTION('',(1.,0.,-0.));
#656 = ORIENTED_EDGE('',*,*,#640,.F.);
#657 = ORIENTED_EDGE('',*,*,#658,.F.);
#658 = EDGE_CURVE('',#641,#641,#659,.T.);
#659 = CIRCLE('',#660,0.445);
#660 = AXIS2_PLACEMENT_3D('',#661,#662,#663);
#661 = CARTESIAN_POINT('',(57.52,43.,0.));
#662 = DIRECTION('',(0.,0.,1.));
#663 = DIRECTION('',(1.,0.,-0.));
#664 = CYLINDRICAL_SURFACE('',#665,0.445);
#665 = AXIS2_PLACEMENT_3D('',#666,#667,#668);
#666 = CARTESIAN_POINT('',(57.52,43.,0.));
#667 = DIRECTION('',(-0.,-0.,-1.));
#668 = DIRECTION('',(1.,0.,-0.));
#669 = ADVANCED_FACE('',(#670),#697,.F.);
#670 = FACE_BOUND('',#671,.T.);
#671 = EDGE_LOOP('',(#672,#682,#689,#690));
#672 = ORIENTED_EDGE('',*,*,#673,.T.);
#673 = EDGE_CURVE('',#674,#676,#678,.T.);
#674 = VERTEX_POINT('',#675);
#675 = CARTESIAN_POINT('',(36.425,59.,0.));
#676 = VERTEX_POINT('',#677);
#677 = CARTESIAN_POINT('',(36.425,59.,0.41148));
#678 = LINE('',#679,#680);
#679 = CARTESIAN_POINT('',(36.425,59.,0.));
#680 = VECTOR('',#681,1.);
#681 = DIRECTION('',(0.,0.,1.));
#682 = ORIENTED_EDGE('',*,*,#683,.T.);
#683 = EDGE_CURVE('',#676,#676,#684,.T.);
#684 = CIRCLE('',#685,0.445);
#685 = AXIS2_PLACEMENT_3D('',#686,#687,#688);
#686 = CARTESIAN_POINT('',(35.98,59.,0.41148));
#687 = DIRECTION('',(0.,0.,1.));
#688 = DIRECTION('',(1.,0.,-0.));
#689 = ORIENTED_EDGE('',*,*,#673,.F.);
#690 = ORIENTED_EDGE('',*,*,#691,.F.);
#691 = EDGE_CURVE('',#674,#674,#692,.T.);
#692 = CIRCLE('',#693,0.445);
#693 = AXIS2_PLACEMENT_3D('',#694,#695,#696);
#694 = CARTESIAN_POINT('',(35.98,59.,0.));
#695 = DIRECTION('',(0.,0.,1.));
#696 = DIRECTION('',(1.,0.,-0.));
#697 = CYLINDRICAL_SURFACE('',#698,0.445);
#698 = AXIS2_PLACEMENT_3D('',#699,#700,#701);
#699 = CARTESIAN_POINT('',(35.98,59.,0.));
#700 = DIRECTION('',(-0.,-0.,-1.));
#701 = DIRECTION('',(1.,0.,-0.));
#702 = ADVANCED_FACE('',(#703),#730,.F.);
#703 = FACE_BOUND('',#704,.T.);
#704 = EDGE_LOOP('',(#705,#715,#722,#723));
#705 = ORIENTED_EDGE('',*,*,#706,.T.);
#706 = EDGE_CURVE('',#707,#709,#711,.T.);
#707 = VERTEX_POINT('',#708);
#708 = CARTESIAN_POINT('',(38.965,59.,0.));
#709 = VERTEX_POINT('',#710);
#710 = CARTESIAN_POINT('',(38.965,59.,0.41148));
#711 = LINE('',#712,#713);
#712 = CARTESIAN_POINT('',(38.965,59.,0.));
#713 = VECTOR('',#714,1.);
#714 = DIRECTION('',(0.,0.,1.));
#715 = ORIENTED_EDGE('',*,*,#716,.T.);
#716 = EDGE_CURVE('',#709,#709,#717,.T.);
#717 = CIRCLE('',#718,0.445);
#718 = AXIS2_PLACEMENT_3D('',#719,#720,#721);
#719 = CARTESIAN_POINT('',(38.52,59.,0.41148));
#720 = DIRECTION('',(0.,0.,1.));
#721 = DIRECTION('',(1.,0.,-0.));
#722 = ORIENTED_EDGE('',*,*,#706,.F.);
#723 = ORIENTED_EDGE('',*,*,#724,.F.);
#724 = EDGE_CURVE('',#707,#707,#725,.T.);
#725 = CIRCLE('',#726,0.445);
#726 = AXIS2_PLACEMENT_3D('',#727,#728,#729);
#727 = CARTESIAN_POINT('',(38.52,59.,0.));
#728 = DIRECTION('',(0.,0.,1.));
#729 = DIRECTION('',(1.,0.,-0.));
#730 = CYLINDRICAL_SURFACE('',#731,0.445);
#731 = AXIS2_PLACEMENT_3D('',#732,#733,#734);
#732 = CARTESIAN_POINT('',(38.52,59.,0.));
#733 = DIRECTION('',(-0.,-0.,-1.));
#734 = DIRECTION('',(1.,0.,-0.));
#735 = ADVANCED_FACE('',(#736),#772,.F.);
#736 = FACE_BOUND('',#737,.T.);
#737 = EDGE_LOOP('',(#738,#748,#757,#765));
#738 = ORIENTED_EDGE('',*,*,#739,.T.);
#739 = EDGE_CURVE('',#740,#742,#744,.T.);
#740 = VERTEX_POINT('',#741);
#741 = CARTESIAN_POINT('',(30.99999896,68.59999996,0.));
#742 = VERTEX_POINT('',#743);
#743 = CARTESIAN_POINT('',(30.99999896,68.59999996,0.41148));
#744 = LINE('',#745,#746);
#745 = CARTESIAN_POINT('',(30.99999896,68.59999996,0.));
#746 = VECTOR('',#747,1.);
#747 = DIRECTION('',(0.,0.,1.));
#748 = ORIENTED_EDGE('',*,*,#749,.T.);
#749 = EDGE_CURVE('',#742,#750,#752,.T.);
#750 = VERTEX_POINT('',#751);
#751 = CARTESIAN_POINT('',(30.99999896,65.40000128,0.41148));
#752 = CIRCLE('',#753,1.59999934);
#753 = AXIS2_PLACEMENT_3D('',#754,#755,#756);
#754 = CARTESIAN_POINT('',(30.99999896,67.00000062,0.41148));
#755 = DIRECTION('',(0.,0.,1.));
#756 = DIRECTION('',(6.661340895554E-15,1.,-0.));
#757 = ORIENTED_EDGE('',*,*,#758,.F.);
#758 = EDGE_CURVE('',#759,#750,#761,.T.);
#759 = VERTEX_POINT('',#760);
#760 = CARTESIAN_POINT('',(30.99999896,65.40000128,0.));
#761 = LINE('',#762,#763);
#762 = CARTESIAN_POINT('',(30.99999896,65.40000128,0.));
#763 = VECTOR('',#764,1.);
#764 = DIRECTION('',(0.,0.,1.));
#765 = ORIENTED_EDGE('',*,*,#766,.F.);
#766 = EDGE_CURVE('',#740,#759,#767,.T.);
#767 = CIRCLE('',#768,1.59999934);
#768 = AXIS2_PLACEMENT_3D('',#769,#770,#771);
#769 = CARTESIAN_POINT('',(30.99999896,67.00000062,0.));
#770 = DIRECTION('',(0.,0.,1.));
#771 = DIRECTION('',(6.661340895554E-15,1.,-0.));
#772 = CYLINDRICAL_SURFACE('',#773,1.59999934);
#773 = AXIS2_PLACEMENT_3D('',#774,#775,#776);
#774 = CARTESIAN_POINT('',(30.99999896,67.00000062,0.));
#775 = DIRECTION('',(-0.,-0.,-1.));
#776 = DIRECTION('',(6.661340895554E-15,1.,-0.));
#777 = ADVANCED_FACE('',(#778),#803,.T.);
#778 = FACE_BOUND('',#779,.T.);
#779 = EDGE_LOOP('',(#780,#790,#796,#797));
#780 = ORIENTED_EDGE('',*,*,#781,.T.);
#781 = EDGE_CURVE('',#782,#784,#786,.T.);
#782 = VERTEX_POINT('',#783);
#783 = CARTESIAN_POINT('',(37.8000006,68.59999996,0.));
#784 = VERTEX_POINT('',#785);
#785 = CARTESIAN_POINT('',(37.8000006,68.59999996,0.41148));
#786 = LINE('',#787,#788);
#787 = CARTESIAN_POINT('',(37.8000006,68.59999996,0.));
#788 = VECTOR('',#789,1.);
#789 = DIRECTION('',(0.,0.,1.));
#790 = ORIENTED_EDGE('',*,*,#791,.T.);
#791 = EDGE_CURVE('',#784,#742,#792,.T.);
#792 = LINE('',#793,#794);
#793 = CARTESIAN_POINT('',(37.8000006,68.59999996,0.41148));
#794 = VECTOR('',#795,1.);
#795 = DIRECTION('',(-1.,0.,0.));
#796 = ORIENTED_EDGE('',*,*,#739,.F.);
#797 = ORIENTED_EDGE('',*,*,#798,.F.);
#798 = EDGE_CURVE('',#782,#740,#799,.T.);
#799 = LINE('',#800,#801);
#800 = CARTESIAN_POINT('',(37.8000006,68.59999996,0.));
#801 = VECTOR('',#802,1.);
#802 = DIRECTION('',(-1.,0.,0.));
#803 = PLANE('',#804);
#804 = AXIS2_PLACEMENT_3D('',#805,#806,#807);
#805 = CARTESIAN_POINT('',(37.8000006,68.59999996,0.));
#806 = DIRECTION('',(0.,-1.,0.));
#807 = DIRECTION('',(-1.,0.,0.));
#808 = ADVANCED_FACE('',(#809),#836,.F.);
#809 = FACE_BOUND('',#810,.T.);
#810 = EDGE_LOOP('',(#811,#821,#828,#829));
#811 = ORIENTED_EDGE('',*,*,#812,.T.);
#812 = EDGE_CURVE('',#813,#815,#817,.T.);
#813 = VERTEX_POINT('',#814);
#814 = CARTESIAN_POINT('',(37.8000006,65.40000128,0.));
#815 = VERTEX_POINT('',#816);
#816 = CARTESIAN_POINT('',(37.8000006,65.40000128,0.41148));
#817 = LINE('',#818,#819);
#818 = CARTESIAN_POINT('',(37.8000006,65.40000128,0.));
#819 = VECTOR('',#820,1.);
#820 = DIRECTION('',(0.,0.,1.));
#821 = ORIENTED_EDGE('',*,*,#822,.T.);
#822 = EDGE_CURVE('',#815,#784,#823,.T.);
#823 = CIRCLE('',#824,1.59999934);
#824 = AXIS2_PLACEMENT_3D('',#825,#826,#827);
#825 = CARTESIAN_POINT('',(37.8000006,67.00000062,0.41148));
#826 = DIRECTION('',(0.,0.,1.));
#827 = DIRECTION('',(-4.440893930369E-15,-1.,0.));
#828 = ORIENTED_EDGE('',*,*,#781,.F.);
#829 = ORIENTED_EDGE('',*,*,#830,.F.);
#830 = EDGE_CURVE('',#813,#782,#831,.T.);
#831 = CIRCLE('',#832,1.59999934);
#832 = AXIS2_PLACEMENT_3D('',#833,#834,#835);
#833 = CARTESIAN_POINT('',(37.8000006,67.00000062,0.));
#834 = DIRECTION('',(0.,0.,1.));
#835 = DIRECTION('',(-4.440893930369E-15,-1.,0.));
#836 = CYLINDRICAL_SURFACE('',#837,1.59999934);
#837 = AXIS2_PLACEMENT_3D('',#838,#839,#840);
#838 = CARTESIAN_POINT('',(37.8000006,67.00000062,0.));
#839 = DIRECTION('',(-0.,-0.,-1.));
#840 = DIRECTION('',(-4.440893930369E-15,-1.,0.));
#841 = ADVANCED_FACE('',(#842),#858,.T.);
#842 = FACE_BOUND('',#843,.T.);
#843 = EDGE_LOOP('',(#844,#845,#851,#852));
#844 = ORIENTED_EDGE('',*,*,#758,.T.);
#845 = ORIENTED_EDGE('',*,*,#846,.T.);
#846 = EDGE_CURVE('',#750,#815,#847,.T.);
#847 = LINE('',#848,#849);
#848 = CARTESIAN_POINT('',(30.99999896,65.40000128,0.41148));
#849 = VECTOR('',#850,1.);
#850 = DIRECTION('',(1.,0.,0.));
#851 = ORIENTED_EDGE('',*,*,#812,.F.);
#852 = ORIENTED_EDGE('',*,*,#853,.F.);
#853 = EDGE_CURVE('',#759,#813,#854,.T.);
#854 = LINE('',#855,#856);
#855 = CARTESIAN_POINT('',(30.99999896,65.40000128,0.));
#856 = VECTOR('',#857,1.);
#857 = DIRECTION('',(1.,0.,0.));
#858 = PLANE('',#859);
#859 = AXIS2_PLACEMENT_3D('',#860,#861,#862);
#860 = CARTESIAN_POINT('',(30.99999896,65.40000128,0.));
#861 = DIRECTION('',(0.,1.,0.));
#862 = DIRECTION('',(1.,0.,0.));
#863 = ADVANCED_FACE('',(#864),#891,.F.);
#864 = FACE_BOUND('',#865,.T.);
#865 = EDGE_LOOP('',(#866,#876,#883,#884));
#866 = ORIENTED_EDGE('',*,*,#867,.T.);
#867 = EDGE_CURVE('',#868,#870,#872,.T.);
#868 = VERTEX_POINT('',#869);
#869 = CARTESIAN_POINT('',(41.505,59.,0.));
#870 = VERTEX_POINT('',#871);
#871 = CARTESIAN_POINT('',(41.505,59.,0.41148));
#872 = LINE('',#873,#874);
#873 = CARTESIAN_POINT('',(41.505,59.,0.));
#874 = VECTOR('',#875,1.);
#875 = DIRECTION('',(0.,0.,1.));
#876 = ORIENTED_EDGE('',*,*,#877,.T.);
#877 = EDGE_CURVE('',#870,#870,#878,.T.);
#878 = CIRCLE('',#879,0.445);
#879 = AXIS2_PLACEMENT_3D('',#880,#881,#882);
#880 = CARTESIAN_POINT('',(41.06,59.,0.41148));
#881 = DIRECTION('',(0.,0.,1.));
#882 = DIRECTION('',(1.,0.,-0.));
#883 = ORIENTED_EDGE('',*,*,#867,.F.);
#884 = ORIENTED_EDGE('',*,*,#885,.F.);
#885 = EDGE_CURVE('',#868,#868,#886,.T.);
#886 = CIRCLE('',#887,0.445);
#887 = AXIS2_PLACEMENT_3D('',#888,#889,#890);
#888 = CARTESIAN_POINT('',(41.06,59.,0.));
#889 = DIRECTION('',(0.,0.,1.));
#890 = DIRECTION('',(1.,0.,-0.));
#891 = CYLINDRICAL_SURFACE('',#892,0.445);
#892 = AXIS2_PLACEMENT_3D('',#893,#894,#895);
#893 = CARTESIAN_POINT('',(41.06,59.,0.));
#894 = DIRECTION('',(-0.,-0.,-1.));
#895 = DIRECTION('',(1.,0.,-0.));
#896 = ADVANCED_FACE('',(#897),#924,.F.);
#897 = FACE_BOUND('',#898,.T.);
#898 = EDGE_LOOP('',(#899,#909,#916,#917));
#899 = ORIENTED_EDGE('',*,*,#900,.T.);
#900 = EDGE_CURVE('',#901,#903,#905,.T.);
#901 = VERTEX_POINT('',#902);
#902 = CARTESIAN_POINT('',(95.985,43.,0.));
#903 = VERTEX_POINT('',#904);
#904 = CARTESIAN_POINT('',(95.985,43.,0.41148));
#905 = LINE('',#906,#907);
#906 = CARTESIAN_POINT('',(95.985,43.,0.));
#907 = VECTOR('',#908,1.);
#908 = DIRECTION('',(0.,0.,1.));
#909 = ORIENTED_EDGE('',*,*,#910,.T.);
#910 = EDGE_CURVE('',#903,#903,#911,.T.);
#911 = CIRCLE('',#912,0.445);
#912 = AXIS2_PLACEMENT_3D('',#913,#914,#915);
#913 = CARTESIAN_POINT('',(95.54,43.,0.41148));
#914 = DIRECTION('',(0.,0.,1.));
#915 = DIRECTION('',(1.,0.,-0.));
#916 = ORIENTED_EDGE('',*,*,#900,.F.);
#917 = ORIENTED_EDGE('',*,*,#918,.F.);
#918 = EDGE_CURVE('',#901,#901,#919,.T.);
#919 = CIRCLE('',#920,0.445);
#920 = AXIS2_PLACEMENT_3D('',#921,#922,#923);
#921 = CARTESIAN_POINT('',(95.54,43.,0.));
#922 = DIRECTION('',(0.,0.,1.));
#923 = DIRECTION('',(1.,0.,-0.));
#924 = CYLINDRICAL_SURFACE('',#925,0.445);
#925 = AXIS2_PLACEMENT_3D('',#926,#927,#928);
#926 = CARTESIAN_POINT('',(95.54,43.,0.));
#927 = DIRECTION('',(-0.,-0.,-1.));
#928 = DIRECTION('',(1.,0.,-0.));
#929 = ADVANCED_FACE('',(#930),#957,.F.);
#930 = FACE_BOUND('',#931,.T.);
#931 = EDGE_LOOP('',(#932,#942,#949,#950));
#932 = ORIENTED_EDGE('',*,*,#933,.T.);
#933 = EDGE_CURVE('',#934,#936,#938,.T.);
#934 = VERTEX_POINT('',#935);
#935 = CARTESIAN_POINT('',(98.525,43.,0.));
#936 = VERTEX_POINT('',#937);
#937 = CARTESIAN_POINT('',(98.525,43.,0.41148));
#938 = LINE('',#939,#940);
#939 = CARTESIAN_POINT('',(98.525,43.,0.));
#940 = VECTOR('',#941,1.);
#941 = DIRECTION('',(0.,0.,1.));
#942 = ORIENTED_EDGE('',*,*,#943,.T.);
#943 = EDGE_CURVE('',#936,#936,#944,.T.);
#944 = CIRCLE('',#945,0.445);
#945 = AXIS2_PLACEMENT_3D('',#946,#947,#948);
#946 = CARTESIAN_POINT('',(98.08,43.,0.41148));
#947 = DIRECTION('',(0.,0.,1.));
#948 = DIRECTION('',(1.,0.,-0.));
#949 = ORIENTED_EDGE('',*,*,#933,.F.);
#950 = ORIENTED_EDGE('',*,*,#951,.F.);
#951 = EDGE_CURVE('',#934,#934,#952,.T.);
#952 = CIRCLE('',#953,0.445);
#953 = AXIS2_PLACEMENT_3D('',#954,#955,#956);
#954 = CARTESIAN_POINT('',(98.08,43.,0.));
#955 = DIRECTION('',(0.,0.,1.));
#956 = DIRECTION('',(1.,0.,-0.));
#957 = CYLINDRICAL_SURFACE('',#958,0.445);
#958 = AXIS2_PLACEMENT_3D('',#959,#960,#961);
#959 = CARTESIAN_POINT('',(98.08,43.,0.));
#960 = DIRECTION('',(-0.,-0.,-1.));
#961 = DIRECTION('',(1.,0.,-0.));
#962 = ADVANCED_FACE('',(#963),#990,.F.);
#963 = FACE_BOUND('',#964,.T.);
#964 = EDGE_LOOP('',(#965,#975,#982,#983));
#965 = ORIENTED_EDGE('',*,*,#966,.T.);
#966 = EDGE_CURVE('',#967,#969,#971,.T.);
#967 = VERTEX_POINT('',#968);
#968 = CARTESIAN_POINT('',(49.05,51.,0.));
#969 = VERTEX_POINT('',#970);
#970 = CARTESIAN_POINT('',(49.05,51.,0.41148));
#971 = LINE('',#972,#973);
#972 = CARTESIAN_POINT('',(49.05,51.,0.));
#973 = VECTOR('',#974,1.);
#974 = DIRECTION('',(0.,0.,1.));
#975 = ORIENTED_EDGE('',*,*,#976,.T.);
#976 = EDGE_CURVE('',#969,#969,#977,.T.);
#977 = CIRCLE('',#978,1.6);
#978 = AXIS2_PLACEMENT_3D('',#979,#980,#981);
#979 = CARTESIAN_POINT('',(47.45,51.,0.41148));
#980 = DIRECTION('',(0.,0.,1.));
#981 = DIRECTION('',(1.,0.,-0.));
#982 = ORIENTED_EDGE('',*,*,#966,.F.);
#983 = ORIENTED_EDGE('',*,*,#984,.F.);
#984 = EDGE_CURVE('',#967,#967,#985,.T.);
#985 = CIRCLE('',#986,1.6);
#986 = AXIS2_PLACEMENT_3D('',#987,#988,#989);
#987 = CARTESIAN_POINT('',(47.45,51.,0.));
#988 = DIRECTION('',(0.,0.,1.));
#989 = DIRECTION('',(1.,0.,-0.));
#990 = CYLINDRICAL_SURFACE('',#991,1.6);
#991 = AXIS2_PLACEMENT_3D('',#992,#993,#994);
#992 = CARTESIAN_POINT('',(47.45,51.,0.));
#993 = DIRECTION('',(-0.,-0.,-1.));
#994 = DIRECTION('',(1.,0.,-0.));
#995 = ADVANCED_FACE('',(#996),#1023,.F.);
#996 = FACE_BOUND('',#997,.T.);
#997 = EDGE_LOOP('',(#998,#1008,#1015,#1016));
#998 = ORIENTED_EDGE('',*,*,#999,.T.);
#999 = EDGE_CURVE('',#1000,#1002,#1004,.T.);
#1000 = VERTEX_POINT('',#1001);
#1001 = CARTESIAN_POINT('',(76.985,43.,0.));
#1002 = VERTEX_POINT('',#1003);
#1003 = CARTESIAN_POINT('',(76.985,43.,0.41148));
#1004 = LINE('',#1005,#1006);
#1005 = CARTESIAN_POINT('',(76.985,43.,0.));
#1006 = VECTOR('',#1007,1.);
#1007 = DIRECTION('',(0.,0.,1.));
#1008 = ORIENTED_EDGE('',*,*,#1009,.T.);
#1009 = EDGE_CURVE('',#1002,#1002,#1010,.T.);
#1010 = CIRCLE('',#1011,0.445);
#1011 = AXIS2_PLACEMENT_3D('',#1012,#1013,#1014);
#1012 = CARTESIAN_POINT('',(76.54,43.,0.41148));
#1013 = DIRECTION('',(0.,0.,1.));
#1014 = DIRECTION('',(1.,0.,-0.));
#1015 = ORIENTED_EDGE('',*,*,#999,.F.);
#1016 = ORIENTED_EDGE('',*,*,#1017,.F.);
#1017 = EDGE_CURVE('',#1000,#1000,#1018,.T.);
#1018 = CIRCLE('',#1019,0.445);
#1019 = AXIS2_PLACEMENT_3D('',#1020,#1021,#1022);
#1020 = CARTESIAN_POINT('',(76.54,43.,0.));
#1021 = DIRECTION('',(0.,0.,1.));
#1022 = DIRECTION('',(1.,0.,-0.));
#1023 = CYLINDRICAL_SURFACE('',#1024,0.445);
#1024 = AXIS2_PLACEMENT_3D('',#1025,#1026,#1027);
#1025 = CARTESIAN_POINT('',(76.54,43.,0.));
#1026 = DIRECTION('',(-0.,-0.,-1.));
#1027 = DIRECTION('',(1.,0.,-0.));
#1028 = ADVANCED_FACE('',(#1029),#1056,.F.);
#1029 = FACE_BOUND('',#1030,.T.);
#1030 = EDGE_LOOP('',(#1031,#1041,#1048,#1049));
#1031 = ORIENTED_EDGE('',*,*,#1032,.T.);
#1032 = EDGE_CURVE('',#1033,#1035,#1037,.T.);
#1033 = VERTEX_POINT('',#1034);
#1034 = CARTESIAN_POINT('',(74.445,43.,0.));
#1035 = VERTEX_POINT('',#1036);
#1036 = CARTESIAN_POINT('',(74.445,43.,0.41148));
#1037 = LINE('',#1038,#1039);
#1038 = CARTESIAN_POINT('',(74.445,43.,0.));
#1039 = VECTOR('',#1040,1.);
#1040 = DIRECTION('',(0.,0.,1.));
#1041 = ORIENTED_EDGE('',*,*,#1042,.T.);
#1042 = EDGE_CURVE('',#1035,#1035,#1043,.T.);
#1043 = CIRCLE('',#1044,0.445);
#1044 = AXIS2_PLACEMENT_3D('',#1045,#1046,#1047);
#1045 = CARTESIAN_POINT('',(74.,43.,0.41148));
#1046 = DIRECTION('',(0.,0.,1.));
#1047 = DIRECTION('',(1.,0.,-0.));
#1048 = ORIENTED_EDGE('',*,*,#1032,.F.);
#1049 = ORIENTED_EDGE('',*,*,#1050,.F.);
#1050 = EDGE_CURVE('',#1033,#1033,#1051,.T.);
#1051 = CIRCLE('',#1052,0.445);
#1052 = AXIS2_PLACEMENT_3D('',#1053,#1054,#1055);
#1053 = CARTESIAN_POINT('',(74.,43.,0.));
#1054 = DIRECTION('',(0.,0.,1.));
#1055 = DIRECTION('',(1.,0.,-0.));
#1056 = CYLINDRICAL_SURFACE('',#1057,0.445);
#1057 = AXIS2_PLACEMENT_3D('',#1058,#1059,#1060);
#1058 = CARTESIAN_POINT('',(74.,43.,0.));
#1059 = DIRECTION('',(-0.,-0.,-1.));
#1060 = DIRECTION('',(1.,0.,-0.));
#1061 = ADVANCED_FACE('',(#1062),#1098,.F.);
#1062 = FACE_BOUND('',#1063,.T.);
#1063 = EDGE_LOOP('',(#1064,#1074,#1083,#1091));
#1064 = ORIENTED_EDGE('',*,*,#1065,.T.);
#1065 = EDGE_CURVE('',#1066,#1068,#1070,.T.);
#1066 = VERTEX_POINT('',#1067);
#1067 = CARTESIAN_POINT('',(100.99999866,36.60000046,0.));
#1068 = VERTEX_POINT('',#1069);
#1069 = CARTESIAN_POINT('',(100.99999866,36.60000046,0.41148));
#1070 = LINE('',#1071,#1072);
#1071 = CARTESIAN_POINT('',(100.99999866,36.60000046,0.));
#1072 = VECTOR('',#1073,1.);
#1073 = DIRECTION('',(0.,0.,1.));
#1074 = ORIENTED_EDGE('',*,*,#1075,.T.);
#1075 = EDGE_CURVE('',#1068,#1076,#1078,.T.);
#1076 = VERTEX_POINT('',#1077);
#1077 = CARTESIAN_POINT('',(100.99999866,33.40000178,0.41148));
#1078 = CIRCLE('',#1079,1.59999934);
#1079 = AXIS2_PLACEMENT_3D('',#1080,#1081,#1082);
#1080 = CARTESIAN_POINT('',(100.99999866,35.00000112,0.41148));
#1081 = DIRECTION('',(0.,0.,1.));
#1082 = DIRECTION('',(-8.881787860739E-15,1.,0.));
#1083 = ORIENTED_EDGE('',*,*,#1084,.F.);
#1084 = EDGE_CURVE('',#1085,#1076,#1087,.T.);
#1085 = VERTEX_POINT('',#1086);
#1086 = CARTESIAN_POINT('',(100.99999866,33.40000178,0.));
#1087 = LINE('',#1088,#1089);
#1088 = CARTESIAN_POINT('',(100.99999866,33.40000178,0.));
#1089 = VECTOR('',#1090,1.);
#1090 = DIRECTION('',(0.,0.,1.));
#1091 = ORIENTED_EDGE('',*,*,#1092,.F.);
#1092 = EDGE_CURVE('',#1066,#1085,#1093,.T.);
#1093 = CIRCLE('',#1094,1.59999934);
#1094 = AXIS2_PLACEMENT_3D('',#1095,#1096,#1097);
#1095 = CARTESIAN_POINT('',(100.99999866,35.00000112,0.));
#1096 = DIRECTION('',(0.,0.,1.));
#1097 = DIRECTION('',(-8.881787860739E-15,1.,0.));
#1098 = CYLINDRICAL_SURFACE('',#1099,1.59999934);
#1099 = AXIS2_PLACEMENT_3D('',#1100,#1101,#1102);
#1100 = CARTESIAN_POINT('',(100.99999866,35.00000112,0.));
#1101 = DIRECTION('',(-0.,-0.,-1.));
#1102 = DIRECTION('',(-8.881787860739E-15,1.,0.));
#1103 = ADVANCED_FACE('',(#1104),#1129,.T.);
#1104 = FACE_BOUND('',#1105,.T.);
#1105 = EDGE_LOOP('',(#1106,#1116,#1122,#1123));
#1106 = ORIENTED_EDGE('',*,*,#1107,.T.);
#1107 = EDGE_CURVE('',#1108,#1110,#1112,.T.);
#1108 = VERTEX_POINT('',#1109);
#1109 = CARTESIAN_POINT('',(107.8000003,36.60000046,0.));
#1110 = VERTEX_POINT('',#1111);
#1111 = CARTESIAN_POINT('',(107.8000003,36.60000046,0.41148));
#1112 = LINE('',#1113,#1114);
#1113 = CARTESIAN_POINT('',(107.8000003,36.60000046,0.));
#1114 = VECTOR('',#1115,1.);
#1115 = DIRECTION('',(0.,0.,1.));
#1116 = ORIENTED_EDGE('',*,*,#1117,.T.);
#1117 = EDGE_CURVE('',#1110,#1068,#1118,.T.);
#1118 = LINE('',#1119,#1120);
#1119 = CARTESIAN_POINT('',(107.8000003,36.60000046,0.41148));
#1120 = VECTOR('',#1121,1.);
#1121 = DIRECTION('',(-1.,0.,0.));
#1122 = ORIENTED_EDGE('',*,*,#1065,.F.);
#1123 = ORIENTED_EDGE('',*,*,#1124,.F.);
#1124 = EDGE_CURVE('',#1108,#1066,#1125,.T.);
#1125 = LINE('',#1126,#1127);
#1126 = CARTESIAN_POINT('',(107.8000003,36.60000046,0.));
#1127 = VECTOR('',#1128,1.);
#1128 = DIRECTION('',(-1.,0.,0.));
#1129 = PLANE('',#1130);
#1130 = AXIS2_PLACEMENT_3D('',#1131,#1132,#1133);
#1131 = CARTESIAN_POINT('',(107.8000003,36.60000046,0.));
#1132 = DIRECTION('',(0.,-1.,0.));
#1133 = DIRECTION('',(-1.,0.,0.));
#1134 = ADVANCED_FACE('',(#1135),#1162,.F.);
#1135 = FACE_BOUND('',#1136,.T.);
#1136 = EDGE_LOOP('',(#1137,#1147,#1154,#1155));
#1137 = ORIENTED_EDGE('',*,*,#1138,.T.);
#1138 = EDGE_CURVE('',#1139,#1141,#1143,.T.);
#1139 = VERTEX_POINT('',#1140);
#1140 = CARTESIAN_POINT('',(107.8000003,33.40000178,0.));
#1141 = VERTEX_POINT('',#1142);
#1142 = CARTESIAN_POINT('',(107.8000003,33.40000178,0.41148));
#1143 = LINE('',#1144,#1145);
#1144 = CARTESIAN_POINT('',(107.8000003,33.40000178,0.));
#1145 = VECTOR('',#1146,1.);
#1146 = DIRECTION('',(0.,0.,1.));
#1147 = ORIENTED_EDGE('',*,*,#1148,.T.);
#1148 = EDGE_CURVE('',#1141,#1110,#1149,.T.);
#1149 = CIRCLE('',#1150,1.59999934);
#1150 = AXIS2_PLACEMENT_3D('',#1151,#1152,#1153);
#1151 = CARTESIAN_POINT('',(107.8000003,35.00000112,0.41148));
#1152 = DIRECTION('',(0.,-0.,1.));
#1153 = DIRECTION('',(8.881787860739E-15,-1.,-0.));
#1154 = ORIENTED_EDGE('',*,*,#1107,.F.);
#1155 = ORIENTED_EDGE('',*,*,#1156,.F.);
#1156 = EDGE_CURVE('',#1139,#1108,#1157,.T.);
#1157 = CIRCLE('',#1158,1.59999934);
#1158 = AXIS2_PLACEMENT_3D('',#1159,#1160,#1161);
#1159 = CARTESIAN_POINT('',(107.8000003,35.00000112,0.));
#1160 = DIRECTION('',(0.,-0.,1.));
#1161 = DIRECTION('',(8.881787860739E-15,-1.,-0.));
#1162 = CYLINDRICAL_SURFACE('',#1163,1.59999934);
#1163 = AXIS2_PLACEMENT_3D('',#1164,#1165,#1166);
#1164 = CARTESIAN_POINT('',(107.8000003,35.00000112,0.));
#1165 = DIRECTION('',(-0.,0.,-1.));
#1166 = DIRECTION('',(8.881787860739E-15,-1.,-0.));
#1167 = ADVANCED_FACE('',(#1168),#1184,.T.);
#1168 = FACE_BOUND('',#1169,.T.);
#1169 = EDGE_LOOP('',(#1170,#1171,#1177,#1178));
#1170 = ORIENTED_EDGE('',*,*,#1084,.T.);
#1171 = ORIENTED_EDGE('',*,*,#1172,.T.);
#1172 = EDGE_CURVE('',#1076,#1141,#1173,.T.);
#1173 = LINE('',#1174,#1175);
#1174 = CARTESIAN_POINT('',(100.99999866,33.40000178,0.41148));
#1175 = VECTOR('',#1176,1.);
#1176 = DIRECTION('',(1.,0.,0.));
#1177 = ORIENTED_EDGE('',*,*,#1138,.F.);
#1178 = ORIENTED_EDGE('',*,*,#1179,.F.);
#1179 = EDGE_CURVE('',#1085,#1139,#1180,.T.);
#1180 = LINE('',#1181,#1182);
#1181 = CARTESIAN_POINT('',(100.99999866,33.40000178,0.));
#1182 = VECTOR('',#1183,1.);
#1183 = DIRECTION('',(1.,0.,0.));
#1184 = PLANE('',#1185);
#1185 = AXIS2_PLACEMENT_3D('',#1186,#1187,#1188);
#1186 = CARTESIAN_POINT('',(100.99999866,33.40000178,0.));
#1187 = DIRECTION('',(0.,1.,0.));
#1188 = DIRECTION('',(1.,0.,0.));
#1189 = ADVANCED_FACE('',(#1190),#1217,.F.);
#1190 = FACE_BOUND('',#1191,.T.);
#1191 = EDGE_LOOP('',(#1192,#1202,#1209,#1210));
#1192 = ORIENTED_EDGE('',*,*,#1193,.T.);
#1193 = EDGE_CURVE('',#1194,#1196,#1198,.T.);
#1194 = VERTEX_POINT('',#1195);
#1195 = CARTESIAN_POINT('',(112.445,43.,0.));
#1196 = VERTEX_POINT('',#1197);
#1197 = CARTESIAN_POINT('',(112.445,43.,0.41148));
#1198 = LINE('',#1199,#1200);
#1199 = CARTESIAN_POINT('',(112.445,43.,0.));
#1200 = VECTOR('',#1201,1.);
#1201 = DIRECTION('',(0.,0.,1.));
#1202 = ORIENTED_EDGE('',*,*,#1203,.T.);
#1203 = EDGE_CURVE('',#1196,#1196,#1204,.T.);
#1204 = CIRCLE('',#1205,0.445);
#1205 = AXIS2_PLACEMENT_3D('',#1206,#1207,#1208);
#1206 = CARTESIAN_POINT('',(112.,43.,0.41148));
#1207 = DIRECTION('',(0.,0.,1.));
#1208 = DIRECTION('',(1.,0.,-0.));
#1209 = ORIENTED_EDGE('',*,*,#1193,.F.);
#1210 = ORIENTED_EDGE('',*,*,#1211,.F.);
#1211 = EDGE_CURVE('',#1194,#1194,#1212,.T.);
#1212 = CIRCLE('',#1213,0.445);
#1213 = AXIS2_PLACEMENT_3D('',#1214,#1215,#1216);
#1214 = CARTESIAN_POINT('',(112.,43.,0.));
#1215 = DIRECTION('',(0.,0.,1.));
#1216 = DIRECTION('',(1.,0.,-0.));
#1217 = CYLINDRICAL_SURFACE('',#1218,0.445);
#1218 = AXIS2_PLACEMENT_3D('',#1219,#1220,#1221);
#1219 = CARTESIAN_POINT('',(112.,43.,0.));
#1220 = DIRECTION('',(-0.,-0.,-1.));
#1221 = DIRECTION('',(1.,0.,-0.));
#1222 = ADVANCED_FACE('',(#1223),#1250,.F.);
#1223 = FACE_BOUND('',#1224,.T.);
#1224 = EDGE_LOOP('',(#1225,#1235,#1242,#1243));
#1225 = ORIENTED_EDGE('',*,*,#1226,.T.);
#1226 = EDGE_CURVE('',#1227,#1229,#1231,.T.);
#1227 = VERTEX_POINT('',#1228);
#1228 = CARTESIAN_POINT('',(114.985,43.,0.));
#1229 = VERTEX_POINT('',#1230);
#1230 = CARTESIAN_POINT('',(114.985,43.,0.41148));
#1231 = LINE('',#1232,#1233);
#1232 = CARTESIAN_POINT('',(114.985,43.,0.));
#1233 = VECTOR('',#1234,1.);
#1234 = DIRECTION('',(0.,0.,1.));
#1235 = ORIENTED_EDGE('',*,*,#1236,.T.);
#1236 = EDGE_CURVE('',#1229,#1229,#1237,.T.);
#1237 = CIRCLE('',#1238,0.445);
#1238 = AXIS2_PLACEMENT_3D('',#1239,#1240,#1241);
#1239 = CARTESIAN_POINT('',(114.54,43.,0.41148));
#1240 = DIRECTION('',(0.,0.,1.));
#1241 = DIRECTION('',(1.,0.,-0.));
#1242 = ORIENTED_EDGE('',*,*,#1226,.F.);
#1243 = ORIENTED_EDGE('',*,*,#1244,.F.);
#1244 = EDGE_CURVE('',#1227,#1227,#1245,.T.);
#1245 = CIRCLE('',#1246,0.445);
#1246 = AXIS2_PLACEMENT_3D('',#1247,#1248,#1249);
#1247 = CARTESIAN_POINT('',(114.54,43.,0.));
#1248 = DIRECTION('',(0.,0.,1.));
#1249 = DIRECTION('',(1.,0.,-0.));
#1250 = CYLINDRICAL_SURFACE('',#1251,0.445);
#1251 = AXIS2_PLACEMENT_3D('',#1252,#1253,#1254);
#1252 = CARTESIAN_POINT('',(114.54,43.,0.));
#1253 = DIRECTION('',(-0.,-0.,-1.));
#1254 = DIRECTION('',(1.,0.,-0.));
#1255 = ADVANCED_FACE('',(#1256),#1283,.F.);
#1256 = FACE_BOUND('',#1257,.T.);
#1257 = EDGE_LOOP('',(#1258,#1268,#1275,#1276));
#1258 = ORIENTED_EDGE('',*,*,#1259,.T.);
#1259 = EDGE_CURVE('',#1260,#1262,#1264,.T.);
#1260 = VERTEX_POINT('',#1261);
#1261 = CARTESIAN_POINT('',(117.525,43.,0.));
#1262 = VERTEX_POINT('',#1263);
#1263 = CARTESIAN_POINT('',(117.525,43.,0.41148));
#1264 = LINE('',#1265,#1266);
#1265 = CARTESIAN_POINT('',(117.525,43.,0.));
#1266 = VECTOR('',#1267,1.);
#1267 = DIRECTION('',(0.,0.,1.));
#1268 = ORIENTED_EDGE('',*,*,#1269,.T.);
#1269 = EDGE_CURVE('',#1262,#1262,#1270,.T.);
#1270 = CIRCLE('',#1271,0.445);
#1271 = AXIS2_PLACEMENT_3D('',#1272,#1273,#1274);
#1272 = CARTESIAN_POINT('',(117.08,43.,0.41148));
#1273 = DIRECTION('',(0.,0.,1.));
#1274 = DIRECTION('',(1.,0.,-0.));
#1275 = ORIENTED_EDGE('',*,*,#1259,.F.);
#1276 = ORIENTED_EDGE('',*,*,#1277,.F.);
#1277 = EDGE_CURVE('',#1260,#1260,#1278,.T.);
#1278 = CIRCLE('',#1279,0.445);
#1279 = AXIS2_PLACEMENT_3D('',#1280,#1281,#1282);
#1280 = CARTESIAN_POINT('',(117.08,43.,0.));
#1281 = DIRECTION('',(0.,0.,1.));
#1282 = DIRECTION('',(1.,0.,-0.));
#1283 = CYLINDRICAL_SURFACE('',#1284,0.445);
#1284 = AXIS2_PLACEMENT_3D('',#1285,#1286,#1287);
#1285 = CARTESIAN_POINT('',(117.08,43.,0.));
#1286 = DIRECTION('',(-0.,-0.,-1.));
#1287 = DIRECTION('',(1.,0.,-0.));
#1288 = ADVANCED_FACE('',(#1289),#1316,.F.);
#1289 = FACE_BOUND('',#1290,.T.);
#1290 = EDGE_LOOP('',(#1291,#1301,#1308,#1309));
#1291 = ORIENTED_EDGE('',*,*,#1292,.T.);
#1292 = EDGE_CURVE('',#1293,#1295,#1297,.T.);
#1293 = VERTEX_POINT('',#1294);
#1294 = CARTESIAN_POINT('',(150.445,43.,0.));
#1295 = VERTEX_POINT('',#1296);
#1296 = CARTESIAN_POINT('',(150.445,43.,0.41148));
#1297 = LINE('',#1298,#1299);
#1298 = CARTESIAN_POINT('',(150.445,43.,0.));
#1299 = VECTOR('',#1300,1.);
#1300 = DIRECTION('',(0.,0.,1.));
#1301 = ORIENTED_EDGE('',*,*,#1302,.T.);
#1302 = EDGE_CURVE('',#1295,#1295,#1303,.T.);
#1303 = CIRCLE('',#1304,0.445);
#1304 = AXIS2_PLACEMENT_3D('',#1305,#1306,#1307);
#1305 = CARTESIAN_POINT('',(150.,43.,0.41148));
#1306 = DIRECTION('',(0.,0.,1.));
#1307 = DIRECTION('',(1.,0.,-0.));
#1308 = ORIENTED_EDGE('',*,*,#1292,.F.);
#1309 = ORIENTED_EDGE('',*,*,#1310,.F.);
#1310 = EDGE_CURVE('',#1293,#1293,#1311,.T.);
#1311 = CIRCLE('',#1312,0.445);
#1312 = AXIS2_PLACEMENT_3D('',#1313,#1314,#1315);
#1313 = CARTESIAN_POINT('',(150.,43.,0.));
#1314 = DIRECTION('',(0.,0.,1.));
#1315 = DIRECTION('',(1.,0.,-0.));
#1316 = CYLINDRICAL_SURFACE('',#1317,0.445);
#1317 = AXIS2_PLACEMENT_3D('',#1318,#1319,#1320);
#1318 = CARTESIAN_POINT('',(150.,43.,0.));
#1319 = DIRECTION('',(-0.,-0.,-1.));
#1320 = DIRECTION('',(1.,0.,-0.));
#1321 = ADVANCED_FACE('',(#1322),#1358,.F.);
#1322 = FACE_BOUND('',#1323,.T.);
#1323 = EDGE_LOOP('',(#1324,#1334,#1343,#1351));
#1324 = ORIENTED_EDGE('',*,*,#1325,.T.);
#1325 = EDGE_CURVE('',#1326,#1328,#1330,.T.);
#1326 = VERTEX_POINT('',#1327);
#1327 = CARTESIAN_POINT('',(170.99999836,36.60000046,0.));
#1328 = VERTEX_POINT('',#1329);
#1329 = CARTESIAN_POINT('',(170.99999836,36.60000046,0.41148));
#1330 = LINE('',#1331,#1332);
#1331 = CARTESIAN_POINT('',(170.99999836,36.60000046,0.));
#1332 = VECTOR('',#1333,1.);
#1333 = DIRECTION('',(0.,0.,1.));
#1334 = ORIENTED_EDGE('',*,*,#1335,.T.);
#1335 = EDGE_CURVE('',#1328,#1336,#1338,.T.);
#1336 = VERTEX_POINT('',#1337);
#1337 = CARTESIAN_POINT('',(170.99999836,33.40000178,0.41148));
#1338 = CIRCLE('',#1339,1.59999934);
#1339 = AXIS2_PLACEMENT_3D('',#1340,#1341,#1342);
#1340 = CARTESIAN_POINT('',(170.99999836,35.00000112,0.41148));
#1341 = DIRECTION('',(0.,0.,1.));
#1342 = DIRECTION('',(1.776357572148E-14,1.,-0.));
#1343 = ORIENTED_EDGE('',*,*,#1344,.F.);
#1344 = EDGE_CURVE('',#1345,#1336,#1347,.T.);
#1345 = VERTEX_POINT('',#1346);
#1346 = CARTESIAN_POINT('',(170.99999836,33.40000178,0.));
#1347 = LINE('',#1348,#1349);
#1348 = CARTESIAN_POINT('',(170.99999836,33.40000178,0.));
#1349 = VECTOR('',#1350,1.);
#1350 = DIRECTION('',(0.,0.,1.));
#1351 = ORIENTED_EDGE('',*,*,#1352,.F.);
#1352 = EDGE_CURVE('',#1326,#1345,#1353,.T.);
#1353 = CIRCLE('',#1354,1.59999934);
#1354 = AXIS2_PLACEMENT_3D('',#1355,#1356,#1357);
#1355 = CARTESIAN_POINT('',(170.99999836,35.00000112,0.));
#1356 = DIRECTION('',(0.,0.,1.));
#1357 = DIRECTION('',(1.776357572148E-14,1.,-0.));
#1358 = CYLINDRICAL_SURFACE('',#1359,1.59999934);
#1359 = AXIS2_PLACEMENT_3D('',#1360,#1361,#1362);
#1360 = CARTESIAN_POINT('',(170.99999836,35.00000112,0.));
#1361 = DIRECTION('',(-0.,-0.,-1.));
#1362 = DIRECTION('',(1.776357572148E-14,1.,-0.));
#1363 = ADVANCED_FACE('',(#1364),#1389,.T.);
#1364 = FACE_BOUND('',#1365,.T.);
#1365 = EDGE_LOOP('',(#1366,#1376,#1382,#1383));
#1366 = ORIENTED_EDGE('',*,*,#1367,.T.);
#1367 = EDGE_CURVE('',#1368,#1370,#1372,.T.);
#1368 = VERTEX_POINT('',#1369);
#1369 = CARTESIAN_POINT('',(177.8,36.60000046,0.));
#1370 = VERTEX_POINT('',#1371);
#1371 = CARTESIAN_POINT('',(177.8,36.60000046,0.41148));
#1372 = LINE('',#1373,#1374);
#1373 = CARTESIAN_POINT('',(177.8,36.60000046,0.));
#1374 = VECTOR('',#1375,1.);
#1375 = DIRECTION('',(0.,0.,1.));
#1376 = ORIENTED_EDGE('',*,*,#1377,.T.);
#1377 = EDGE_CURVE('',#1370,#1328,#1378,.T.);
#1378 = LINE('',#1379,#1380);
#1379 = CARTESIAN_POINT('',(177.8,36.60000046,0.41148));
#1380 = VECTOR('',#1381,1.);
#1381 = DIRECTION('',(-1.,0.,0.));
#1382 = ORIENTED_EDGE('',*,*,#1325,.F.);
#1383 = ORIENTED_EDGE('',*,*,#1384,.F.);
#1384 = EDGE_CURVE('',#1368,#1326,#1385,.T.);
#1385 = LINE('',#1386,#1387);
#1386 = CARTESIAN_POINT('',(177.8,36.60000046,0.));
#1387 = VECTOR('',#1388,1.);
#1388 = DIRECTION('',(-1.,0.,0.));
#1389 = PLANE('',#1390);
#1390 = AXIS2_PLACEMENT_3D('',#1391,#1392,#1393);
#1391 = CARTESIAN_POINT('',(177.8,36.60000046,0.));
#1392 = DIRECTION('',(0.,-1.,0.));
#1393 = DIRECTION('',(-1.,0.,0.));
#1394 = ADVANCED_FACE('',(#1395),#1422,.F.);
#1395 = FACE_BOUND('',#1396,.T.);
#1396 = EDGE_LOOP('',(#1397,#1407,#1414,#1415));
#1397 = ORIENTED_EDGE('',*,*,#1398,.T.);
#1398 = EDGE_CURVE('',#1399,#1401,#1403,.T.);
#1399 = VERTEX_POINT('',#1400);
#1400 = CARTESIAN_POINT('',(177.8,33.40000178,0.));
#1401 = VERTEX_POINT('',#1402);
#1402 = CARTESIAN_POINT('',(177.8,33.40000178,0.41148));
#1403 = LINE('',#1404,#1405);
#1404 = CARTESIAN_POINT('',(177.8,33.40000178,0.));
#1405 = VECTOR('',#1406,1.);
#1406 = DIRECTION('',(0.,0.,1.));
#1407 = ORIENTED_EDGE('',*,*,#1408,.T.);
#1408 = EDGE_CURVE('',#1401,#1370,#1409,.T.);
#1409 = CIRCLE('',#1410,1.59999934);
#1410 = AXIS2_PLACEMENT_3D('',#1411,#1412,#1413);
#1411 = CARTESIAN_POINT('',(177.8,35.00000112,0.41148));
#1412 = DIRECTION('',(0.,0.,1.));
#1413 = DIRECTION('',(-1.776357572148E-14,-1.,0.));
#1414 = ORIENTED_EDGE('',*,*,#1367,.F.);
#1415 = ORIENTED_EDGE('',*,*,#1416,.F.);
#1416 = EDGE_CURVE('',#1399,#1368,#1417,.T.);
#1417 = CIRCLE('',#1418,1.59999934);
#1418 = AXIS2_PLACEMENT_3D('',#1419,#1420,#1421);
#1419 = CARTESIAN_POINT('',(177.8,35.00000112,0.));
#1420 = DIRECTION('',(0.,0.,1.));
#1421 = DIRECTION('',(-1.776357572148E-14,-1.,0.));
#1422 = CYLINDRICAL_SURFACE('',#1423,1.59999934);
#1423 = AXIS2_PLACEMENT_3D('',#1424,#1425,#1426);
#1424 = CARTESIAN_POINT('',(177.8,35.00000112,0.));
#1425 = DIRECTION('',(-0.,-0.,-1.));
#1426 = DIRECTION('',(-1.776357572148E-14,-1.,0.));
#1427 = ADVANCED_FACE('',(#1428),#1444,.T.);
#1428 = FACE_BOUND('',#1429,.T.);
#1429 = EDGE_LOOP('',(#1430,#1431,#1437,#1438));
#1430 = ORIENTED_EDGE('',*,*,#1344,.T.);
#1431 = ORIENTED_EDGE('',*,*,#1432,.T.);
#1432 = EDGE_CURVE('',#1336,#1401,#1433,.T.);
#1433 = LINE('',#1434,#1435);
#1434 = CARTESIAN_POINT('',(170.99999836,33.40000178,0.41148));
#1435 = VECTOR('',#1436,1.);
#1436 = DIRECTION('',(1.,0.,0.));
#1437 = ORIENTED_EDGE('',*,*,#1398,.F.);
#1438 = ORIENTED_EDGE('',*,*,#1439,.F.);
#1439 = EDGE_CURVE('',#1345,#1399,#1440,.T.);
#1440 = LINE('',#1441,#1442);
#1441 = CARTESIAN_POINT('',(170.99999836,33.40000178,0.));
#1442 = VECTOR('',#1443,1.);
#1443 = DIRECTION('',(1.,0.,0.));
#1444 = PLANE('',#1445);
#1445 = AXIS2_PLACEMENT_3D('',#1446,#1447,#1448);
#1446 = CARTESIAN_POINT('',(170.99999836,33.40000178,0.));
#1447 = DIRECTION('',(0.,1.,0.));
#1448 = DIRECTION('',(1.,0.,0.));
#1449 = ADVANCED_FACE('',(#1450),#1477,.F.);
#1450 = FACE_BOUND('',#1451,.T.);
#1451 = EDGE_LOOP('',(#1452,#1462,#1469,#1470));
#1452 = ORIENTED_EDGE('',*,*,#1453,.T.);
#1453 = EDGE_CURVE('',#1454,#1456,#1458,.T.);
#1454 = VERTEX_POINT('',#1455);
#1455 = CARTESIAN_POINT('',(131.445,43.,0.));
#1456 = VERTEX_POINT('',#1457);
#1457 = CARTESIAN_POINT('',(131.445,43.,0.41148));
#1458 = LINE('',#1459,#1460);
#1459 = CARTESIAN_POINT('',(131.445,43.,0.));
#1460 = VECTOR('',#1461,1.);
#1461 = DIRECTION('',(0.,0.,1.));
#1462 = ORIENTED_EDGE('',*,*,#1463,.T.);
#1463 = EDGE_CURVE('',#1456,#1456,#1464,.T.);
#1464 = CIRCLE('',#1465,0.445);
#1465 = AXIS2_PLACEMENT_3D('',#1466,#1467,#1468);
#1466 = CARTESIAN_POINT('',(131.,43.,0.41148));
#1467 = DIRECTION('',(0.,0.,1.));
#1468 = DIRECTION('',(1.,0.,-0.));
#1469 = ORIENTED_EDGE('',*,*,#1453,.F.);
#1470 = ORIENTED_EDGE('',*,*,#1471,.F.);
#1471 = EDGE_CURVE('',#1454,#1454,#1472,.T.);
#1472 = CIRCLE('',#1473,0.445);
#1473 = AXIS2_PLACEMENT_3D('',#1474,#1475,#1476);
#1474 = CARTESIAN_POINT('',(131.,43.,0.));
#1475 = DIRECTION('',(0.,0.,1.));
#1476 = DIRECTION('',(1.,0.,-0.));
#1477 = CYLINDRICAL_SURFACE('',#1478,0.445);
#1478 = AXIS2_PLACEMENT_3D('',#1479,#1480,#1481);
#1479 = CARTESIAN_POINT('',(131.,43.,0.));
#1480 = DIRECTION('',(-0.,-0.,-1.));
#1481 = DIRECTION('',(1.,0.,-0.));
#1482 = ADVANCED_FACE('',(#1483),#1510,.F.);
#1483 = FACE_BOUND('',#1484,.T.);
#1484 = EDGE_LOOP('',(#1485,#1495,#1502,#1503));
#1485 = ORIENTED_EDGE('',*,*,#1486,.T.);
#1486 = EDGE_CURVE('',#1487,#1489,#1491,.T.);
#1487 = VERTEX_POINT('',#1488);
#1488 = CARTESIAN_POINT('',(136.525,43.,0.));
#1489 = VERTEX_POINT('',#1490);
#1490 = CARTESIAN_POINT('',(136.525,43.,0.41148));
#1491 = LINE('',#1492,#1493);
#1492 = CARTESIAN_POINT('',(136.525,43.,0.));
#1493 = VECTOR('',#1494,1.);
#1494 = DIRECTION('',(0.,0.,1.));
#1495 = ORIENTED_EDGE('',*,*,#1496,.T.);
#1496 = EDGE_CURVE('',#1489,#1489,#1497,.T.);
#1497 = CIRCLE('',#1498,0.445);
#1498 = AXIS2_PLACEMENT_3D('',#1499,#1500,#1501);
#1499 = CARTESIAN_POINT('',(136.08,43.,0.41148));
#1500 = DIRECTION('',(0.,0.,1.));
#1501 = DIRECTION('',(1.,0.,-0.));
#1502 = ORIENTED_EDGE('',*,*,#1486,.F.);
#1503 = ORIENTED_EDGE('',*,*,#1504,.F.);
#1504 = EDGE_CURVE('',#1487,#1487,#1505,.T.);
#1505 = CIRCLE('',#1506,0.445);
#1506 = AXIS2_PLACEMENT_3D('',#1507,#1508,#1509);
#1507 = CARTESIAN_POINT('',(136.08,43.,0.));
#1508 = DIRECTION('',(0.,0.,1.));
#1509 = DIRECTION('',(1.,0.,-0.));
#1510 = CYLINDRICAL_SURFACE('',#1511,0.445);
#1511 = AXIS2_PLACEMENT_3D('',#1512,#1513,#1514);
#1512 = CARTESIAN_POINT('',(136.08,43.,0.));
#1513 = DIRECTION('',(-0.,-0.,-1.));
#1514 = DIRECTION('',(1.,0.,-0.));
#1515 = ADVANCED_FACE('',(#1516),#1543,.F.);
#1516 = FACE_BOUND('',#1517,.T.);
#1517 = EDGE_LOOP('',(#1518,#1528,#1535,#1536));
#1518 = ORIENTED_EDGE('',*,*,#1519,.T.);
#1519 = EDGE_CURVE('',#1520,#1522,#1524,.T.);
#1520 = VERTEX_POINT('',#1521);
#1521 = CARTESIAN_POINT('',(133.985,43.,0.));
#1522 = VERTEX_POINT('',#1523);
#1523 = CARTESIAN_POINT('',(133.985,43.,0.41148));
#1524 = LINE('',#1525,#1526);
#1525 = CARTESIAN_POINT('',(133.985,43.,0.));
#1526 = VECTOR('',#1527,1.);
#1527 = DIRECTION('',(0.,0.,1.));
#1528 = ORIENTED_EDGE('',*,*,#1529,.T.);
#1529 = EDGE_CURVE('',#1522,#1522,#1530,.T.);
#1530 = CIRCLE('',#1531,0.445);
#1531 = AXIS2_PLACEMENT_3D('',#1532,#1533,#1534);
#1532 = CARTESIAN_POINT('',(133.54,43.,0.41148));
#1533 = DIRECTION('',(0.,0.,1.));
#1534 = DIRECTION('',(1.,0.,-0.));
#1535 = ORIENTED_EDGE('',*,*,#1519,.F.);
#1536 = ORIENTED_EDGE('',*,*,#1537,.F.);
#1537 = EDGE_CURVE('',#1520,#1520,#1538,.T.);
#1538 = CIRCLE('',#1539,0.445);
#1539 = AXIS2_PLACEMENT_3D('',#1540,#1541,#1542);
#1540 = CARTESIAN_POINT('',(133.54,43.,0.));
#1541 = DIRECTION('',(0.,0.,1.));
#1542 = DIRECTION('',(1.,0.,-0.));
#1543 = CYLINDRICAL_SURFACE('',#1544,0.445);
#1544 = AXIS2_PLACEMENT_3D('',#1545,#1546,#1547);
#1545 = CARTESIAN_POINT('',(133.54,43.,0.));
#1546 = DIRECTION('',(-0.,-0.,-1.));
#1547 = DIRECTION('',(1.,0.,-0.));
#1548 = ADVANCED_FACE('',(#1549),#1576,.F.);
#1549 = FACE_BOUND('',#1550,.T.);
#1550 = EDGE_LOOP('',(#1551,#1561,#1568,#1569));
#1551 = ORIENTED_EDGE('',*,*,#1552,.T.);
#1552 = EDGE_CURVE('',#1553,#1555,#1557,.T.);
#1553 = VERTEX_POINT('',#1554);
#1554 = CARTESIAN_POINT('',(152.985,43.,0.));
#1555 = VERTEX_POINT('',#1556);
#1556 = CARTESIAN_POINT('',(152.985,43.,0.41148));
#1557 = LINE('',#1558,#1559);
#1558 = CARTESIAN_POINT('',(152.985,43.,0.));
#1559 = VECTOR('',#1560,1.);
#1560 = DIRECTION('',(0.,0.,1.));
#1561 = ORIENTED_EDGE('',*,*,#1562,.T.);
#1562 = EDGE_CURVE('',#1555,#1555,#1563,.T.);
#1563 = CIRCLE('',#1564,0.445);
#1564 = AXIS2_PLACEMENT_3D('',#1565,#1566,#1567);
#1565 = CARTESIAN_POINT('',(152.54,43.,0.41148));
#1566 = DIRECTION('',(0.,0.,1.));
#1567 = DIRECTION('',(1.,0.,-0.));
#1568 = ORIENTED_EDGE('',*,*,#1552,.F.);
#1569 = ORIENTED_EDGE('',*,*,#1570,.F.);
#1570 = EDGE_CURVE('',#1553,#1553,#1571,.T.);
#1571 = CIRCLE('',#1572,0.445);
#1572 = AXIS2_PLACEMENT_3D('',#1573,#1574,#1575);
#1573 = CARTESIAN_POINT('',(152.54,43.,0.));
#1574 = DIRECTION('',(0.,0.,1.));
#1575 = DIRECTION('',(1.,0.,-0.));
#1576 = CYLINDRICAL_SURFACE('',#1577,0.445);
#1577 = AXIS2_PLACEMENT_3D('',#1578,#1579,#1580);
#1578 = CARTESIAN_POINT('',(152.54,43.,0.));
#1579 = DIRECTION('',(-0.,-0.,-1.));
#1580 = DIRECTION('',(1.,0.,-0.));
#1581 = ADVANCED_FACE('',(#1582),#1609,.F.);
#1582 = FACE_BOUND('',#1583,.T.);
#1583 = EDGE_LOOP('',(#1584,#1594,#1601,#1602));
#1584 = ORIENTED_EDGE('',*,*,#1585,.T.);
#1585 = EDGE_CURVE('',#1586,#1588,#1590,.T.);
#1586 = VERTEX_POINT('',#1587);
#1587 = CARTESIAN_POINT('',(155.525,43.,0.));
#1588 = VERTEX_POINT('',#1589);
#1589 = CARTESIAN_POINT('',(155.525,43.,0.41148));
#1590 = LINE('',#1591,#1592);
#1591 = CARTESIAN_POINT('',(155.525,43.,0.));
#1592 = VECTOR('',#1593,1.);
#1593 = DIRECTION('',(0.,0.,1.));
#1594 = ORIENTED_EDGE('',*,*,#1595,.T.);
#1595 = EDGE_CURVE('',#1588,#1588,#1596,.T.);
#1596 = CIRCLE('',#1597,0.445);
#1597 = AXIS2_PLACEMENT_3D('',#1598,#1599,#1600);
#1598 = CARTESIAN_POINT('',(155.08,43.,0.41148));
#1599 = DIRECTION('',(0.,0.,1.));
#1600 = DIRECTION('',(1.,0.,-0.));
#1601 = ORIENTED_EDGE('',*,*,#1585,.F.);
#1602 = ORIENTED_EDGE('',*,*,#1603,.F.);
#1603 = EDGE_CURVE('',#1586,#1586,#1604,.T.);
#1604 = CIRCLE('',#1605,0.445);
#1605 = AXIS2_PLACEMENT_3D('',#1606,#1607,#1608);
#1606 = CARTESIAN_POINT('',(155.08,43.,0.));
#1607 = DIRECTION('',(0.,0.,1.));
#1608 = DIRECTION('',(1.,0.,-0.));
#1609 = CYLINDRICAL_SURFACE('',#1610,0.445);
#1610 = AXIS2_PLACEMENT_3D('',#1611,#1612,#1613);
#1611 = CARTESIAN_POINT('',(155.08,43.,0.));
#1612 = DIRECTION('',(-0.,-0.,-1.));
#1613 = DIRECTION('',(1.,0.,-0.));
#1614 = ADVANCED_FACE('',(#1615),#1651,.F.);
#1615 = FACE_BOUND('',#1616,.T.);
#1616 = EDGE_LOOP('',(#1617,#1627,#1636,#1644));
#1617 = ORIENTED_EDGE('',*,*,#1618,.T.);
#1618 = EDGE_CURVE('',#1619,#1621,#1623,.T.);
#1619 = VERTEX_POINT('',#1620);
#1620 = CARTESIAN_POINT('',(100.99999866,68.59999996,0.));
#1621 = VERTEX_POINT('',#1622);
#1622 = CARTESIAN_POINT('',(100.99999866,68.59999996,0.41148));
#1623 = LINE('',#1624,#1625);
#1624 = CARTESIAN_POINT('',(100.99999866,68.59999996,0.));
#1625 = VECTOR('',#1626,1.);
#1626 = DIRECTION('',(0.,0.,1.));
#1627 = ORIENTED_EDGE('',*,*,#1628,.T.);
#1628 = EDGE_CURVE('',#1621,#1629,#1631,.T.);
#1629 = VERTEX_POINT('',#1630);
#1630 = CARTESIAN_POINT('',(100.99999866,65.40000128,0.41148));
#1631 = CIRCLE('',#1632,1.59999934);
#1632 = AXIS2_PLACEMENT_3D('',#1633,#1634,#1635);
#1633 = CARTESIAN_POINT('',(100.99999866,67.00000062,0.41148));
#1634 = DIRECTION('',(0.,-0.,1.));
#1635 = DIRECTION('',(0.,1.,0.));
#1636 = ORIENTED_EDGE('',*,*,#1637,.F.);
#1637 = EDGE_CURVE('',#1638,#1629,#1640,.T.);
#1638 = VERTEX_POINT('',#1639);
#1639 = CARTESIAN_POINT('',(100.99999866,65.40000128,0.));
#1640 = LINE('',#1641,#1642);
#1641 = CARTESIAN_POINT('',(100.99999866,65.40000128,0.));
#1642 = VECTOR('',#1643,1.);
#1643 = DIRECTION('',(0.,0.,1.));
#1644 = ORIENTED_EDGE('',*,*,#1645,.F.);
#1645 = EDGE_CURVE('',#1619,#1638,#1646,.T.);
#1646 = CIRCLE('',#1647,1.59999934);
#1647 = AXIS2_PLACEMENT_3D('',#1648,#1649,#1650);
#1648 = CARTESIAN_POINT('',(100.99999866,67.00000062,0.));
#1649 = DIRECTION('',(0.,-0.,1.));
#1650 = DIRECTION('',(0.,1.,0.));
#1651 = CYLINDRICAL_SURFACE('',#1652,1.59999934);
#1652 = AXIS2_PLACEMENT_3D('',#1653,#1654,#1655);
#1653 = CARTESIAN_POINT('',(100.99999866,67.00000062,0.));
#1654 = DIRECTION('',(-0.,0.,-1.));
#1655 = DIRECTION('',(0.,1.,0.));
#1656 = ADVANCED_FACE('',(#1657),#1682,.T.);
#1657 = FACE_BOUND('',#1658,.T.);
#1658 = EDGE_LOOP('',(#1659,#1669,#1675,#1676));
#1659 = ORIENTED_EDGE('',*,*,#1660,.T.);
#1660 = EDGE_CURVE('',#1661,#1663,#1665,.T.);
#1661 = VERTEX_POINT('',#1662);
#1662 = CARTESIAN_POINT('',(107.8000003,68.59999996,0.));
#1663 = VERTEX_POINT('',#1664);
#1664 = CARTESIAN_POINT('',(107.8000003,68.59999996,0.41148));
#1665 = LINE('',#1666,#1667);
#1666 = CARTESIAN_POINT('',(107.8000003,68.59999996,0.));
#1667 = VECTOR('',#1668,1.);
#1668 = DIRECTION('',(0.,0.,1.));
#1669 = ORIENTED_EDGE('',*,*,#1670,.T.);
#1670 = EDGE_CURVE('',#1663,#1621,#1671,.T.);
#1671 = LINE('',#1672,#1673);
#1672 = CARTESIAN_POINT('',(107.8000003,68.59999996,0.41148));
#1673 = VECTOR('',#1674,1.);
#1674 = DIRECTION('',(-1.,0.,0.));
#1675 = ORIENTED_EDGE('',*,*,#1618,.F.);
#1676 = ORIENTED_EDGE('',*,*,#1677,.F.);
#1677 = EDGE_CURVE('',#1661,#1619,#1678,.T.);
#1678 = LINE('',#1679,#1680);
#1679 = CARTESIAN_POINT('',(107.8000003,68.59999996,0.));
#1680 = VECTOR('',#1681,1.);
#1681 = DIRECTION('',(-1.,0.,0.));
#1682 = PLANE('',#1683);
#1683 = AXIS2_PLACEMENT_3D('',#1684,#1685,#1686);
#1684 = CARTESIAN_POINT('',(107.8000003,68.59999996,0.));
#1685 = DIRECTION('',(0.,-1.,0.));
#1686 = DIRECTION('',(-1.,0.,0.));
#1687 = ADVANCED_FACE('',(#1688),#1715,.F.);
#1688 = FACE_BOUND('',#1689,.T.);
#1689 = EDGE_LOOP('',(#1690,#1700,#1707,#1708));
#1690 = ORIENTED_EDGE('',*,*,#1691,.T.);
#1691 = EDGE_CURVE('',#1692,#1694,#1696,.T.);
#1692 = VERTEX_POINT('',#1693);
#1693 = CARTESIAN_POINT('',(107.8000003,65.40000128,0.));
#1694 = VERTEX_POINT('',#1695);
#1695 = CARTESIAN_POINT('',(107.8000003,65.40000128,0.41148));
#1696 = LINE('',#1697,#1698);
#1697 = CARTESIAN_POINT('',(107.8000003,65.40000128,0.));
#1698 = VECTOR('',#1699,1.);
#1699 = DIRECTION('',(0.,0.,1.));
#1700 = ORIENTED_EDGE('',*,*,#1701,.T.);
#1701 = EDGE_CURVE('',#1694,#1663,#1702,.T.);
#1702 = CIRCLE('',#1703,1.59999934);
#1703 = AXIS2_PLACEMENT_3D('',#1704,#1705,#1706);
#1704 = CARTESIAN_POINT('',(107.8000003,67.00000062,0.41148));
#1705 = DIRECTION('',(0.,0.,1.));
#1706 = DIRECTION('',(-0.,-1.,0.));
#1707 = ORIENTED_EDGE('',*,*,#1660,.F.);
#1708 = ORIENTED_EDGE('',*,*,#1709,.F.);
#1709 = EDGE_CURVE('',#1692,#1661,#1710,.T.);
#1710 = CIRCLE('',#1711,1.59999934);
#1711 = AXIS2_PLACEMENT_3D('',#1712,#1713,#1714);
#1712 = CARTESIAN_POINT('',(107.8000003,67.00000062,0.));
#1713 = DIRECTION('',(0.,0.,1.));
#1714 = DIRECTION('',(-0.,-1.,0.));
#1715 = CYLINDRICAL_SURFACE('',#1716,1.59999934);
#1716 = AXIS2_PLACEMENT_3D('',#1717,#1718,#1719);
#1717 = CARTESIAN_POINT('',(107.8000003,67.00000062,0.));
#1718 = DIRECTION('',(-0.,-0.,-1.));
#1719 = DIRECTION('',(-0.,-1.,0.));
#1720 = ADVANCED_FACE('',(#1721),#1737,.T.);
#1721 = FACE_BOUND('',#1722,.T.);
#1722 = EDGE_LOOP('',(#1723,#1724,#1730,#1731));
#1723 = ORIENTED_EDGE('',*,*,#1637,.T.);
#1724 = ORIENTED_EDGE('',*,*,#1725,.T.);
#1725 = EDGE_CURVE('',#1629,#1694,#1726,.T.);
#1726 = LINE('',#1727,#1728);
#1727 = CARTESIAN_POINT('',(100.99999866,65.40000128,0.41148));
#1728 = VECTOR('',#1729,1.);
#1729 = DIRECTION('',(1.,0.,0.));
#1730 = ORIENTED_EDGE('',*,*,#1691,.F.);
#1731 = ORIENTED_EDGE('',*,*,#1732,.F.);
#1732 = EDGE_CURVE('',#1638,#1692,#1733,.T.);
#1733 = LINE('',#1734,#1735);
#1734 = CARTESIAN_POINT('',(100.99999866,65.40000128,0.));
#1735 = VECTOR('',#1736,1.);
#1736 = DIRECTION('',(1.,0.,0.));
#1737 = PLANE('',#1738);
#1738 = AXIS2_PLACEMENT_3D('',#1739,#1740,#1741);
#1739 = CARTESIAN_POINT('',(100.99999866,65.40000128,0.));
#1740 = DIRECTION('',(0.,1.,0.));
#1741 = DIRECTION('',(1.,0.,0.));
#1742 = ADVANCED_FACE('',(#1743),#1770,.F.);
#1743 = FACE_BOUND('',#1744,.T.);
#1744 = EDGE_LOOP('',(#1745,#1755,#1762,#1763));
#1745 = ORIENTED_EDGE('',*,*,#1746,.T.);
#1746 = EDGE_CURVE('',#1747,#1749,#1751,.T.);
#1747 = VERTEX_POINT('',#1748);
#1748 = CARTESIAN_POINT('',(106.05,51.,0.));
#1749 = VERTEX_POINT('',#1750);
#1750 = CARTESIAN_POINT('',(106.05,51.,0.41148));
#1751 = LINE('',#1752,#1753);
#1752 = CARTESIAN_POINT('',(106.05,51.,0.));
#1753 = VECTOR('',#1754,1.);
#1754 = DIRECTION('',(0.,0.,1.));
#1755 = ORIENTED_EDGE('',*,*,#1756,.T.);
#1756 = EDGE_CURVE('',#1749,#1749,#1757,.T.);
#1757 = CIRCLE('',#1758,1.6);
#1758 = AXIS2_PLACEMENT_3D('',#1759,#1760,#1761);
#1759 = CARTESIAN_POINT('',(104.45,51.,0.41148));
#1760 = DIRECTION('',(0.,0.,1.));
#1761 = DIRECTION('',(1.,0.,-0.));
#1762 = ORIENTED_EDGE('',*,*,#1746,.F.);
#1763 = ORIENTED_EDGE('',*,*,#1764,.F.);
#1764 = EDGE_CURVE('',#1747,#1747,#1765,.T.);
#1765 = CIRCLE('',#1766,1.6);
#1766 = AXIS2_PLACEMENT_3D('',#1767,#1768,#1769);
#1767 = CARTESIAN_POINT('',(104.45,51.,0.));
#1768 = DIRECTION('',(0.,0.,1.));
#1769 = DIRECTION('',(1.,0.,-0.));
#1770 = CYLINDRICAL_SURFACE('',#1771,1.6);
#1771 = AXIS2_PLACEMENT_3D('',#1772,#1773,#1774);
#1772 = CARTESIAN_POINT('',(104.45,51.,0.));
#1773 = DIRECTION('',(-0.,-0.,-1.));
#1774 = DIRECTION('',(1.,0.,-0.));
#1775 = ADVANCED_FACE('',(#1776),#1803,.F.);
#1776 = FACE_BOUND('',#1777,.T.);
#1777 = EDGE_LOOP('',(#1778,#1788,#1795,#1796));
#1778 = ORIENTED_EDGE('',*,*,#1779,.T.);
#1779 = EDGE_CURVE('',#1780,#1782,#1784,.T.);
#1780 = VERTEX_POINT('',#1781);
#1781 = CARTESIAN_POINT('',(169.445,43.,0.));
#1782 = VERTEX_POINT('',#1783);
#1783 = CARTESIAN_POINT('',(169.445,43.,0.41148));
#1784 = LINE('',#1785,#1786);
#1785 = CARTESIAN_POINT('',(169.445,43.,0.));
#1786 = VECTOR('',#1787,1.);
#1787 = DIRECTION('',(0.,0.,1.));
#1788 = ORIENTED_EDGE('',*,*,#1789,.T.);
#1789 = EDGE_CURVE('',#1782,#1782,#1790,.T.);
#1790 = CIRCLE('',#1791,0.445);
#1791 = AXIS2_PLACEMENT_3D('',#1792,#1793,#1794);
#1792 = CARTESIAN_POINT('',(169.,43.,0.41148));
#1793 = DIRECTION('',(0.,0.,1.));
#1794 = DIRECTION('',(1.,0.,-0.));
#1795 = ORIENTED_EDGE('',*,*,#1779,.F.);
#1796 = ORIENTED_EDGE('',*,*,#1797,.F.);
#1797 = EDGE_CURVE('',#1780,#1780,#1798,.T.);
#1798 = CIRCLE('',#1799,0.445);
#1799 = AXIS2_PLACEMENT_3D('',#1800,#1801,#1802);
#1800 = CARTESIAN_POINT('',(169.,43.,0.));
#1801 = DIRECTION('',(0.,0.,1.));
#1802 = DIRECTION('',(1.,0.,-0.));
#1803 = CYLINDRICAL_SURFACE('',#1804,0.445);
#1804 = AXIS2_PLACEMENT_3D('',#1805,#1806,#1807);
#1805 = CARTESIAN_POINT('',(169.,43.,0.));
#1806 = DIRECTION('',(-0.,-0.,-1.));
#1807 = DIRECTION('',(1.,0.,-0.));
#1808 = ADVANCED_FACE('',(#1809),#1836,.F.);
#1809 = FACE_BOUND('',#1810,.T.);
#1810 = EDGE_LOOP('',(#1811,#1821,#1828,#1829));
#1811 = ORIENTED_EDGE('',*,*,#1812,.T.);
#1812 = EDGE_CURVE('',#1813,#1815,#1817,.T.);
#1813 = VERTEX_POINT('',#1814);
#1814 = CARTESIAN_POINT('',(171.985,43.,0.));
#1815 = VERTEX_POINT('',#1816);
#1816 = CARTESIAN_POINT('',(171.985,43.,0.41148));
#1817 = LINE('',#1818,#1819);
#1818 = CARTESIAN_POINT('',(171.985,43.,0.));
#1819 = VECTOR('',#1820,1.);
#1820 = DIRECTION('',(0.,0.,1.));
#1821 = ORIENTED_EDGE('',*,*,#1822,.T.);
#1822 = EDGE_CURVE('',#1815,#1815,#1823,.T.);
#1823 = CIRCLE('',#1824,0.445);
#1824 = AXIS2_PLACEMENT_3D('',#1825,#1826,#1827);
#1825 = CARTESIAN_POINT('',(171.54,43.,0.41148));
#1826 = DIRECTION('',(0.,0.,1.));
#1827 = DIRECTION('',(1.,0.,-0.));
#1828 = ORIENTED_EDGE('',*,*,#1812,.F.);
#1829 = ORIENTED_EDGE('',*,*,#1830,.F.);
#1830 = EDGE_CURVE('',#1813,#1813,#1831,.T.);
#1831 = CIRCLE('',#1832,0.445);
#1832 = AXIS2_PLACEMENT_3D('',#1833,#1834,#1835);
#1833 = CARTESIAN_POINT('',(171.54,43.,0.));
#1834 = DIRECTION('',(0.,0.,1.));
#1835 = DIRECTION('',(1.,0.,-0.));
#1836 = CYLINDRICAL_SURFACE('',#1837,0.445);
#1837 = AXIS2_PLACEMENT_3D('',#1838,#1839,#1840);
#1838 = CARTESIAN_POINT('',(171.54,43.,0.));
#1839 = DIRECTION('',(-0.,-0.,-1.));
#1840 = DIRECTION('',(1.,0.,-0.));
#1841 = ADVANCED_FACE('',(#1842),#1869,.F.);
#1842 = FACE_BOUND('',#1843,.T.);
#1843 = EDGE_LOOP('',(#1844,#1854,#1861,#1862));
#1844 = ORIENTED_EDGE('',*,*,#1845,.T.);
#1845 = EDGE_CURVE('',#1846,#1848,#1850,.T.);
#1846 = VERTEX_POINT('',#1847);
#1847 = CARTESIAN_POINT('',(163.05,51.,0.));
#1848 = VERTEX_POINT('',#1849);
#1849 = CARTESIAN_POINT('',(163.05,51.,0.41148));
#1850 = LINE('',#1851,#1852);
#1851 = CARTESIAN_POINT('',(163.05,51.,0.));
#1852 = VECTOR('',#1853,1.);
#1853 = DIRECTION('',(0.,0.,1.));
#1854 = ORIENTED_EDGE('',*,*,#1855,.T.);
#1855 = EDGE_CURVE('',#1848,#1848,#1856,.T.);
#1856 = CIRCLE('',#1857,1.6);
#1857 = AXIS2_PLACEMENT_3D('',#1858,#1859,#1860);
#1858 = CARTESIAN_POINT('',(161.45,51.,0.41148));
#1859 = DIRECTION('',(0.,0.,1.));
#1860 = DIRECTION('',(1.,0.,-0.));
#1861 = ORIENTED_EDGE('',*,*,#1845,.F.);
#1862 = ORIENTED_EDGE('',*,*,#1863,.F.);
#1863 = EDGE_CURVE('',#1846,#1846,#1864,.T.);
#1864 = CIRCLE('',#1865,1.6);
#1865 = AXIS2_PLACEMENT_3D('',#1866,#1867,#1868);
#1866 = CARTESIAN_POINT('',(161.45,51.,0.));
#1867 = DIRECTION('',(0.,0.,1.));
#1868 = DIRECTION('',(1.,0.,-0.));
#1869 = CYLINDRICAL_SURFACE('',#1870,1.6);
#1870 = AXIS2_PLACEMENT_3D('',#1871,#1872,#1873);
#1871 = CARTESIAN_POINT('',(161.45,51.,0.));
#1872 = DIRECTION('',(-0.,-0.,-1.));
#1873 = DIRECTION('',(1.,0.,-0.));
#1874 = ADVANCED_FACE('',(#1875),#1902,.F.);
#1875 = FACE_BOUND('',#1876,.T.);
#1876 = EDGE_LOOP('',(#1877,#1887,#1894,#1895));
#1877 = ORIENTED_EDGE('',*,*,#1878,.T.);
#1878 = EDGE_CURVE('',#1879,#1881,#1883,.T.);
#1879 = VERTEX_POINT('',#1880);
#1880 = CARTESIAN_POINT('',(174.525,43.,0.));
#1881 = VERTEX_POINT('',#1882);
#1882 = CARTESIAN_POINT('',(174.525,43.,0.41148));
#1883 = LINE('',#1884,#1885);
#1884 = CARTESIAN_POINT('',(174.525,43.,0.));
#1885 = VECTOR('',#1886,1.);
#1886 = DIRECTION('',(0.,0.,1.));
#1887 = ORIENTED_EDGE('',*,*,#1888,.T.);
#1888 = EDGE_CURVE('',#1881,#1881,#1889,.T.);
#1889 = CIRCLE('',#1890,0.445);
#1890 = AXIS2_PLACEMENT_3D('',#1891,#1892,#1893);
#1891 = CARTESIAN_POINT('',(174.08,43.,0.41148));
#1892 = DIRECTION('',(0.,0.,1.));
#1893 = DIRECTION('',(1.,0.,-0.));
#1894 = ORIENTED_EDGE('',*,*,#1878,.F.);
#1895 = ORIENTED_EDGE('',*,*,#1896,.F.);
#1896 = EDGE_CURVE('',#1879,#1879,#1897,.T.);
#1897 = CIRCLE('',#1898,0.445);
#1898 = AXIS2_PLACEMENT_3D('',#1899,#1900,#1901);
#1899 = CARTESIAN_POINT('',(174.08,43.,0.));
#1900 = DIRECTION('',(0.,0.,1.));
#1901 = DIRECTION('',(1.,0.,-0.));
#1902 = CYLINDRICAL_SURFACE('',#1903,0.445);
#1903 = AXIS2_PLACEMENT_3D('',#1904,#1905,#1906);
#1904 = CARTESIAN_POINT('',(174.08,43.,0.));
#1905 = DIRECTION('',(-0.,-0.,-1.));
#1906 = DIRECTION('',(1.,0.,-0.));
#1907 = ADVANCED_FACE('',(#1908),#1944,.F.);
#1908 = FACE_BOUND('',#1909,.T.);
#1909 = EDGE_LOOP('',(#1910,#1920,#1929,#1937));
#1910 = ORIENTED_EDGE('',*,*,#1911,.T.);
#1911 = EDGE_CURVE('',#1912,#1914,#1916,.T.);
#1912 = VERTEX_POINT('',#1913);
#1913 = CARTESIAN_POINT('',(170.99999836,68.59999996,0.));
#1914 = VERTEX_POINT('',#1915);
#1915 = CARTESIAN_POINT('',(170.99999836,68.59999996,0.41148));
#1916 = LINE('',#1917,#1918);
#1917 = CARTESIAN_POINT('',(170.99999836,68.59999996,0.));
#1918 = VECTOR('',#1919,1.);
#1919 = DIRECTION('',(0.,0.,1.));
#1920 = ORIENTED_EDGE('',*,*,#1921,.T.);
#1921 = EDGE_CURVE('',#1914,#1922,#1924,.T.);
#1922 = VERTEX_POINT('',#1923);
#1923 = CARTESIAN_POINT('',(170.99999836,65.40000128,0.41148));
#1924 = CIRCLE('',#1925,1.59999934);
#1925 = AXIS2_PLACEMENT_3D('',#1926,#1927,#1928);
#1926 = CARTESIAN_POINT('',(170.99999836,67.00000062,0.41148));
#1927 = DIRECTION('',(0.,0.,1.));
#1928 = DIRECTION('',(1.776357572148E-14,1.,-0.));
#1929 = ORIENTED_EDGE('',*,*,#1930,.F.);
#1930 = EDGE_CURVE('',#1931,#1922,#1933,.T.);
#1931 = VERTEX_POINT('',#1932);
#1932 = CARTESIAN_POINT('',(170.99999836,65.40000128,0.));
#1933 = LINE('',#1934,#1935);
#1934 = CARTESIAN_POINT('',(170.99999836,65.40000128,0.));
#1935 = VECTOR('',#1936,1.);
#1936 = DIRECTION('',(0.,0.,1.));
#1937 = ORIENTED_EDGE('',*,*,#1938,.F.);
#1938 = EDGE_CURVE('',#1912,#1931,#1939,.T.);
#1939 = CIRCLE('',#1940,1.59999934);
#1940 = AXIS2_PLACEMENT_3D('',#1941,#1942,#1943);
#1941 = CARTESIAN_POINT('',(170.99999836,67.00000062,0.));
#1942 = DIRECTION('',(0.,0.,1.));
#1943 = DIRECTION('',(1.776357572148E-14,1.,-0.));
#1944 = CYLINDRICAL_SURFACE('',#1945,1.59999934);
#1945 = AXIS2_PLACEMENT_3D('',#1946,#1947,#1948);
#1946 = CARTESIAN_POINT('',(170.99999836,67.00000062,0.));
#1947 = DIRECTION('',(-0.,-0.,-1.));
#1948 = DIRECTION('',(1.776357572148E-14,1.,-0.));
#1949 = ADVANCED_FACE('',(#1950),#1975,.T.);
#1950 = FACE_BOUND('',#1951,.T.);
#1951 = EDGE_LOOP('',(#1952,#1962,#1968,#1969));
#1952 = ORIENTED_EDGE('',*,*,#1953,.T.);
#1953 = EDGE_CURVE('',#1954,#1956,#1958,.T.);
#1954 = VERTEX_POINT('',#1955);
#1955 = CARTESIAN_POINT('',(177.8,68.59999996,0.));
#1956 = VERTEX_POINT('',#1957);
#1957 = CARTESIAN_POINT('',(177.8,68.59999996,0.41148));
#1958 = LINE('',#1959,#1960);
#1959 = CARTESIAN_POINT('',(177.8,68.59999996,0.));
#1960 = VECTOR('',#1961,1.);
#1961 = DIRECTION('',(0.,0.,1.));
#1962 = ORIENTED_EDGE('',*,*,#1963,.T.);
#1963 = EDGE_CURVE('',#1956,#1914,#1964,.T.);
#1964 = LINE('',#1965,#1966);
#1965 = CARTESIAN_POINT('',(177.8,68.59999996,0.41148));
#1966 = VECTOR('',#1967,1.);
#1967 = DIRECTION('',(-1.,0.,0.));
#1968 = ORIENTED_EDGE('',*,*,#1911,.F.);
#1969 = ORIENTED_EDGE('',*,*,#1970,.F.);
#1970 = EDGE_CURVE('',#1954,#1912,#1971,.T.);
#1971 = LINE('',#1972,#1973);
#1972 = CARTESIAN_POINT('',(177.8,68.59999996,0.));
#1973 = VECTOR('',#1974,1.);
#1974 = DIRECTION('',(-1.,0.,0.));
#1975 = PLANE('',#1976);
#1976 = AXIS2_PLACEMENT_3D('',#1977,#1978,#1979);
#1977 = CARTESIAN_POINT('',(177.8,68.59999996,0.));
#1978 = DIRECTION('',(0.,-1.,0.));
#1979 = DIRECTION('',(-1.,0.,0.));
#1980 = ADVANCED_FACE('',(#1981),#2008,.F.);
#1981 = FACE_BOUND('',#1982,.T.);
#1982 = EDGE_LOOP('',(#1983,#1993,#2000,#2001));
#1983 = ORIENTED_EDGE('',*,*,#1984,.T.);
#1984 = EDGE_CURVE('',#1985,#1987,#1989,.T.);
#1985 = VERTEX_POINT('',#1986);
#1986 = CARTESIAN_POINT('',(177.8,65.40000128,0.));
#1987 = VERTEX_POINT('',#1988);
#1988 = CARTESIAN_POINT('',(177.8,65.40000128,0.41148));
#1989 = LINE('',#1990,#1991);
#1990 = CARTESIAN_POINT('',(177.8,65.40000128,0.));
#1991 = VECTOR('',#1992,1.);
#1992 = DIRECTION('',(0.,0.,1.));
#1993 = ORIENTED_EDGE('',*,*,#1994,.T.);
#1994 = EDGE_CURVE('',#1987,#1956,#1995,.T.);
#1995 = CIRCLE('',#1996,1.59999934);
#1996 = AXIS2_PLACEMENT_3D('',#1997,#1998,#1999);
#1997 = CARTESIAN_POINT('',(177.8,67.00000062,0.41148));
#1998 = DIRECTION('',(0.,0.,1.));
#1999 = DIRECTION('',(-1.776357572148E-14,-1.,0.));
#2000 = ORIENTED_EDGE('',*,*,#1953,.F.);
#2001 = ORIENTED_EDGE('',*,*,#2002,.F.);
#2002 = EDGE_CURVE('',#1985,#1954,#2003,.T.);
#2003 = CIRCLE('',#2004,1.59999934);
#2004 = AXIS2_PLACEMENT_3D('',#2005,#2006,#2007);
#2005 = CARTESIAN_POINT('',(177.8,67.00000062,0.));
#2006 = DIRECTION('',(0.,0.,1.));
#2007 = DIRECTION('',(-1.776357572148E-14,-1.,0.));
#2008 = CYLINDRICAL_SURFACE('',#2009,1.59999934);
#2009 = AXIS2_PLACEMENT_3D('',#2010,#2011,#2012);
#2010 = CARTESIAN_POINT('',(177.8,67.00000062,0.));
#2011 = DIRECTION('',(-0.,-0.,-1.));
#2012 = DIRECTION('',(-1.776357572148E-14,-1.,0.));
#2013 = ADVANCED_FACE('',(#2014),#2030,.T.);
#2014 = FACE_BOUND('',#2015,.T.);
#2015 = EDGE_LOOP('',(#2016,#2017,#2023,#2024));
#2016 = ORIENTED_EDGE('',*,*,#1930,.T.);
#2017 = ORIENTED_EDGE('',*,*,#2018,.T.);
#2018 = EDGE_CURVE('',#1922,#1987,#2019,.T.);
#2019 = LINE('',#2020,#2021);
#2020 = CARTESIAN_POINT('',(170.99999836,65.40000128,0.41148));
#2021 = VECTOR('',#2022,1.);
#2022 = DIRECTION('',(1.,0.,0.));
#2023 = ORIENTED_EDGE('',*,*,#1984,.F.);
#2024 = ORIENTED_EDGE('',*,*,#2025,.F.);
#2025 = EDGE_CURVE('',#1931,#1985,#2026,.T.);
#2026 = LINE('',#2027,#2028);
#2027 = CARTESIAN_POINT('',(170.99999836,65.40000128,0.));
#2028 = VECTOR('',#2029,1.);
#2029 = DIRECTION('',(1.,0.,0.));
#2030 = PLANE('',#2031);
#2031 = AXIS2_PLACEMENT_3D('',#2032,#2033,#2034);
#2032 = CARTESIAN_POINT('',(170.99999836,65.40000128,0.));
#2033 = DIRECTION('',(0.,1.,0.));
#2034 = DIRECTION('',(1.,0.,0.));
#2035 = ADVANCED_FACE('',(#2036,#2042,#2048,#2051,#2054,#2057,#2060,
    #2063,#2066,#2069,#2072,#2075,#2078,#2084,#2087,#2090,#2093,#2096,
    #2099,#2102,#2108,#2111,#2114,#2117,#2120,#2126,#2129,#2132,#2135,
    #2138,#2141,#2147,#2150,#2153,#2156,#2159,#2162),#2168,.F.);
#2036 = FACE_BOUND('',#2037,.F.);
#2037 = EDGE_LOOP('',(#2038,#2039,#2040,#2041));
#2038 = ORIENTED_EDGE('',*,*,#183,.T.);
#2039 = ORIENTED_EDGE('',*,*,#214,.T.);
#2040 = ORIENTED_EDGE('',*,*,#245,.T.);
#2041 = ORIENTED_EDGE('',*,*,#267,.T.);
#2042 = FACE_BOUND('',#2043,.F.);
#2043 = EDGE_LOOP('',(#2044,#2045,#2046,#2047));
#2044 = ORIENTED_EDGE('',*,*,#308,.F.);
#2045 = ORIENTED_EDGE('',*,*,#340,.F.);
#2046 = ORIENTED_EDGE('',*,*,#372,.F.);
#2047 = ORIENTED_EDGE('',*,*,#395,.F.);
#2048 = FACE_BOUND('',#2049,.F.);
#2049 = EDGE_LOOP('',(#2050));
#2050 = ORIENTED_EDGE('',*,*,#427,.F.);
#2051 = FACE_BOUND('',#2052,.F.);
#2052 = EDGE_LOOP('',(#2053));
#2053 = ORIENTED_EDGE('',*,*,#460,.F.);
#2054 = FACE_BOUND('',#2055,.F.);
#2055 = EDGE_LOOP('',(#2056));
#2056 = ORIENTED_EDGE('',*,*,#493,.F.);
#2057 = FACE_BOUND('',#2058,.F.);
#2058 = EDGE_LOOP('',(#2059));
#2059 = ORIENTED_EDGE('',*,*,#526,.F.);
#2060 = FACE_BOUND('',#2061,.F.);
#2061 = EDGE_LOOP('',(#2062));
#2062 = ORIENTED_EDGE('',*,*,#559,.F.);
#2063 = FACE_BOUND('',#2064,.F.);
#2064 = EDGE_LOOP('',(#2065));
#2065 = ORIENTED_EDGE('',*,*,#592,.F.);
#2066 = FACE_BOUND('',#2067,.F.);
#2067 = EDGE_LOOP('',(#2068));
#2068 = ORIENTED_EDGE('',*,*,#625,.F.);
#2069 = FACE_BOUND('',#2070,.F.);
#2070 = EDGE_LOOP('',(#2071));
#2071 = ORIENTED_EDGE('',*,*,#658,.F.);
#2072 = FACE_BOUND('',#2073,.F.);
#2073 = EDGE_LOOP('',(#2074));
#2074 = ORIENTED_EDGE('',*,*,#691,.F.);
#2075 = FACE_BOUND('',#2076,.F.);
#2076 = EDGE_LOOP('',(#2077));
#2077 = ORIENTED_EDGE('',*,*,#724,.F.);
#2078 = FACE_BOUND('',#2079,.F.);
#2079 = EDGE_LOOP('',(#2080,#2081,#2082,#2083));
#2080 = ORIENTED_EDGE('',*,*,#766,.F.);
#2081 = ORIENTED_EDGE('',*,*,#798,.F.);
#2082 = ORIENTED_EDGE('',*,*,#830,.F.);
#2083 = ORIENTED_EDGE('',*,*,#853,.F.);
#2084 = FACE_BOUND('',#2085,.F.);
#2085 = EDGE_LOOP('',(#2086));
#2086 = ORIENTED_EDGE('',*,*,#885,.F.);
#2087 = FACE_BOUND('',#2088,.F.);
#2088 = EDGE_LOOP('',(#2089));
#2089 = ORIENTED_EDGE('',*,*,#918,.F.);
#2090 = FACE_BOUND('',#2091,.F.);
#2091 = EDGE_LOOP('',(#2092));
#2092 = ORIENTED_EDGE('',*,*,#951,.F.);
#2093 = FACE_BOUND('',#2094,.F.);
#2094 = EDGE_LOOP('',(#2095));
#2095 = ORIENTED_EDGE('',*,*,#984,.F.);
#2096 = FACE_BOUND('',#2097,.F.);
#2097 = EDGE_LOOP('',(#2098));
#2098 = ORIENTED_EDGE('',*,*,#1017,.F.);
#2099 = FACE_BOUND('',#2100,.F.);
#2100 = EDGE_LOOP('',(#2101));
#2101 = ORIENTED_EDGE('',*,*,#1050,.F.);
#2102 = FACE_BOUND('',#2103,.F.);
#2103 = EDGE_LOOP('',(#2104,#2105,#2106,#2107));
#2104 = ORIENTED_EDGE('',*,*,#1092,.F.);
#2105 = ORIENTED_EDGE('',*,*,#1124,.F.);
#2106 = ORIENTED_EDGE('',*,*,#1156,.F.);
#2107 = ORIENTED_EDGE('',*,*,#1179,.F.);
#2108 = FACE_BOUND('',#2109,.F.);
#2109 = EDGE_LOOP('',(#2110));
#2110 = ORIENTED_EDGE('',*,*,#1211,.F.);
#2111 = FACE_BOUND('',#2112,.F.);
#2112 = EDGE_LOOP('',(#2113));
#2113 = ORIENTED_EDGE('',*,*,#1244,.F.);
#2114 = FACE_BOUND('',#2115,.F.);
#2115 = EDGE_LOOP('',(#2116));
#2116 = ORIENTED_EDGE('',*,*,#1277,.F.);
#2117 = FACE_BOUND('',#2118,.F.);
#2118 = EDGE_LOOP('',(#2119));
#2119 = ORIENTED_EDGE('',*,*,#1310,.F.);
#2120 = FACE_BOUND('',#2121,.F.);
#2121 = EDGE_LOOP('',(#2122,#2123,#2124,#2125));
#2122 = ORIENTED_EDGE('',*,*,#1352,.F.);
#2123 = ORIENTED_EDGE('',*,*,#1384,.F.);
#2124 = ORIENTED_EDGE('',*,*,#1416,.F.);
#2125 = ORIENTED_EDGE('',*,*,#1439,.F.);
#2126 = FACE_BOUND('',#2127,.F.);
#2127 = EDGE_LOOP('',(#2128));
#2128 = ORIENTED_EDGE('',*,*,#1471,.F.);
#2129 = FACE_BOUND('',#2130,.F.);
#2130 = EDGE_LOOP('',(#2131));
#2131 = ORIENTED_EDGE('',*,*,#1504,.F.);
#2132 = FACE_BOUND('',#2133,.F.);
#2133 = EDGE_LOOP('',(#2134));
#2134 = ORIENTED_EDGE('',*,*,#1537,.F.);
#2135 = FACE_BOUND('',#2136,.F.);
#2136 = EDGE_LOOP('',(#2137));
#2137 = ORIENTED_EDGE('',*,*,#1570,.F.);
#2138 = FACE_BOUND('',#2139,.F.);
#2139 = EDGE_LOOP('',(#2140));
#2140 = ORIENTED_EDGE('',*,*,#1603,.F.);
#2141 = FACE_BOUND('',#2142,.F.);
#2142 = EDGE_LOOP('',(#2143,#2144,#2145,#2146));
#2143 = ORIENTED_EDGE('',*,*,#1645,.F.);
#2144 = ORIENTED_EDGE('',*,*,#1677,.F.);
#2145 = ORIENTED_EDGE('',*,*,#1709,.F.);
#2146 = ORIENTED_EDGE('',*,*,#1732,.F.);
#2147 = FACE_BOUND('',#2148,.F.);
#2148 = EDGE_LOOP('',(#2149));
#2149 = ORIENTED_EDGE('',*,*,#1764,.F.);
#2150 = FACE_BOUND('',#2151,.F.);
#2151 = EDGE_LOOP('',(#2152));
#2152 = ORIENTED_EDGE('',*,*,#1797,.F.);
#2153 = FACE_BOUND('',#2154,.F.);
#2154 = EDGE_LOOP('',(#2155));
#2155 = ORIENTED_EDGE('',*,*,#1830,.F.);
#2156 = FACE_BOUND('',#2157,.F.);
#2157 = EDGE_LOOP('',(#2158));
#2158 = ORIENTED_EDGE('',*,*,#1863,.F.);
#2159 = FACE_BOUND('',#2160,.F.);
#2160 = EDGE_LOOP('',(#2161));
#2161 = ORIENTED_EDGE('',*,*,#1896,.F.);
#2162 = FACE_BOUND('',#2163,.F.);
#2163 = EDGE_LOOP('',(#2164,#2165,#2166,#2167));
#2164 = ORIENTED_EDGE('',*,*,#1938,.F.);
#2165 = ORIENTED_EDGE('',*,*,#1970,.F.);
#2166 = ORIENTED_EDGE('',*,*,#2002,.F.);
#2167 = ORIENTED_EDGE('',*,*,#2025,.F.);
#2168 = PLANE('',#2169);
#2169 = AXIS2_PLACEMENT_3D('',#2170,#2171,#2172);
#2170 = CARTESIAN_POINT('',(104.4,51.,0.));
#2171 = DIRECTION('',(0.,0.,1.));
#2172 = DIRECTION('',(1.,0.,-0.));
#2173 = ADVANCED_FACE('',(#2174,#2180,#2186,#2189,#2192,#2195,#2198,
    #2201,#2204,#2207,#2210,#2213,#2216,#2222,#2225,#2228,#2231,#2234,
    #2237,#2240,#2246,#2249,#2252,#2255,#2258,#2264,#2267,#2270,#2273,
    #2276,#2279,#2285,#2288,#2291,#2294,#2297,#2300),#2306,.T.);
#2174 = FACE_BOUND('',#2175,.T.);
#2175 = EDGE_LOOP('',(#2176,#2177,#2178,#2179));
#2176 = ORIENTED_EDGE('',*,*,#167,.T.);
#2177 = ORIENTED_EDGE('',*,*,#198,.T.);
#2178 = ORIENTED_EDGE('',*,*,#229,.T.);
#2179 = ORIENTED_EDGE('',*,*,#260,.T.);
#2180 = FACE_BOUND('',#2181,.T.);
#2181 = EDGE_LOOP('',(#2182,#2183,#2184,#2185));
#2182 = ORIENTED_EDGE('',*,*,#291,.F.);
#2183 = ORIENTED_EDGE('',*,*,#333,.F.);
#2184 = ORIENTED_EDGE('',*,*,#364,.F.);
#2185 = ORIENTED_EDGE('',*,*,#388,.F.);
#2186 = FACE_BOUND('',#2187,.T.);
#2187 = EDGE_LOOP('',(#2188));
#2188 = ORIENTED_EDGE('',*,*,#419,.F.);
#2189 = FACE_BOUND('',#2190,.T.);
#2190 = EDGE_LOOP('',(#2191));
#2191 = ORIENTED_EDGE('',*,*,#452,.F.);
#2192 = FACE_BOUND('',#2193,.T.);
#2193 = EDGE_LOOP('',(#2194));
#2194 = ORIENTED_EDGE('',*,*,#485,.F.);
#2195 = FACE_BOUND('',#2196,.T.);
#2196 = EDGE_LOOP('',(#2197));
#2197 = ORIENTED_EDGE('',*,*,#518,.F.);
#2198 = FACE_BOUND('',#2199,.T.);
#2199 = EDGE_LOOP('',(#2200));
#2200 = ORIENTED_EDGE('',*,*,#551,.F.);
#2201 = FACE_BOUND('',#2202,.T.);
#2202 = EDGE_LOOP('',(#2203));
#2203 = ORIENTED_EDGE('',*,*,#584,.F.);
#2204 = FACE_BOUND('',#2205,.T.);
#2205 = EDGE_LOOP('',(#2206));
#2206 = ORIENTED_EDGE('',*,*,#617,.F.);
#2207 = FACE_BOUND('',#2208,.T.);
#2208 = EDGE_LOOP('',(#2209));
#2209 = ORIENTED_EDGE('',*,*,#650,.F.);
#2210 = FACE_BOUND('',#2211,.T.);
#2211 = EDGE_LOOP('',(#2212));
#2212 = ORIENTED_EDGE('',*,*,#683,.F.);
#2213 = FACE_BOUND('',#2214,.T.);
#2214 = EDGE_LOOP('',(#2215));
#2215 = ORIENTED_EDGE('',*,*,#716,.F.);
#2216 = FACE_BOUND('',#2217,.T.);
#2217 = EDGE_LOOP('',(#2218,#2219,#2220,#2221));
#2218 = ORIENTED_EDGE('',*,*,#749,.F.);
#2219 = ORIENTED_EDGE('',*,*,#791,.F.);
#2220 = ORIENTED_EDGE('',*,*,#822,.F.);
#2221 = ORIENTED_EDGE('',*,*,#846,.F.);
#2222 = FACE_BOUND('',#2223,.T.);
#2223 = EDGE_LOOP('',(#2224));
#2224 = ORIENTED_EDGE('',*,*,#877,.F.);
#2225 = FACE_BOUND('',#2226,.T.);
#2226 = EDGE_LOOP('',(#2227));
#2227 = ORIENTED_EDGE('',*,*,#910,.F.);
#2228 = FACE_BOUND('',#2229,.T.);
#2229 = EDGE_LOOP('',(#2230));
#2230 = ORIENTED_EDGE('',*,*,#943,.F.);
#2231 = FACE_BOUND('',#2232,.T.);
#2232 = EDGE_LOOP('',(#2233));
#2233 = ORIENTED_EDGE('',*,*,#976,.F.);
#2234 = FACE_BOUND('',#2235,.T.);
#2235 = EDGE_LOOP('',(#2236));
#2236 = ORIENTED_EDGE('',*,*,#1009,.F.);
#2237 = FACE_BOUND('',#2238,.T.);
#2238 = EDGE_LOOP('',(#2239));
#2239 = ORIENTED_EDGE('',*,*,#1042,.F.);
#2240 = FACE_BOUND('',#2241,.T.);
#2241 = EDGE_LOOP('',(#2242,#2243,#2244,#2245));
#2242 = ORIENTED_EDGE('',*,*,#1075,.F.);
#2243 = ORIENTED_EDGE('',*,*,#1117,.F.);
#2244 = ORIENTED_EDGE('',*,*,#1148,.F.);
#2245 = ORIENTED_EDGE('',*,*,#1172,.F.);
#2246 = FACE_BOUND('',#2247,.T.);
#2247 = EDGE_LOOP('',(#2248));
#2248 = ORIENTED_EDGE('',*,*,#1203,.F.);
#2249 = FACE_BOUND('',#2250,.T.);
#2250 = EDGE_LOOP('',(#2251));
#2251 = ORIENTED_EDGE('',*,*,#1236,.F.);
#2252 = FACE_BOUND('',#2253,.T.);
#2253 = EDGE_LOOP('',(#2254));
#2254 = ORIENTED_EDGE('',*,*,#1269,.F.);
#2255 = FACE_BOUND('',#2256,.T.);
#2256 = EDGE_LOOP('',(#2257));
#2257 = ORIENTED_EDGE('',*,*,#1302,.F.);
#2258 = FACE_BOUND('',#2259,.T.);
#2259 = EDGE_LOOP('',(#2260,#2261,#2262,#2263));
#2260 = ORIENTED_EDGE('',*,*,#1335,.F.);
#2261 = ORIENTED_EDGE('',*,*,#1377,.F.);
#2262 = ORIENTED_EDGE('',*,*,#1408,.F.);
#2263 = ORIENTED_EDGE('',*,*,#1432,.F.);
#2264 = FACE_BOUND('',#2265,.T.);
#2265 = EDGE_LOOP('',(#2266));
#2266 = ORIENTED_EDGE('',*,*,#1463,.F.);
#2267 = FACE_BOUND('',#2268,.T.);
#2268 = EDGE_LOOP('',(#2269));
#2269 = ORIENTED_EDGE('',*,*,#1496,.F.);
#2270 = FACE_BOUND('',#2271,.T.);
#2271 = EDGE_LOOP('',(#2272));
#2272 = ORIENTED_EDGE('',*,*,#1529,.F.);
#2273 = FACE_BOUND('',#2274,.T.);
#2274 = EDGE_LOOP('',(#2275));
#2275 = ORIENTED_EDGE('',*,*,#1562,.F.);
#2276 = FACE_BOUND('',#2277,.T.);
#2277 = EDGE_LOOP('',(#2278));
#2278 = ORIENTED_EDGE('',*,*,#1595,.F.);
#2279 = FACE_BOUND('',#2280,.T.);
#2280 = EDGE_LOOP('',(#2281,#2282,#2283,#2284));
#2281 = ORIENTED_EDGE('',*,*,#1628,.F.);
#2282 = ORIENTED_EDGE('',*,*,#1670,.F.);
#2283 = ORIENTED_EDGE('',*,*,#1701,.F.);
#2284 = ORIENTED_EDGE('',*,*,#1725,.F.);
#2285 = FACE_BOUND('',#2286,.T.);
#2286 = EDGE_LOOP('',(#2287));
#2287 = ORIENTED_EDGE('',*,*,#1756,.F.);
#2288 = FACE_BOUND('',#2289,.T.);
#2289 = EDGE_LOOP('',(#2290));
#2290 = ORIENTED_EDGE('',*,*,#1789,.F.);
#2291 = FACE_BOUND('',#2292,.T.);
#2292 = EDGE_LOOP('',(#2293));
#2293 = ORIENTED_EDGE('',*,*,#1822,.F.);
#2294 = FACE_BOUND('',#2295,.T.);
#2295 = EDGE_LOOP('',(#2296));
#2296 = ORIENTED_EDGE('',*,*,#1855,.F.);
#2297 = FACE_BOUND('',#2298,.T.);
#2298 = EDGE_LOOP('',(#2299));
#2299 = ORIENTED_EDGE('',*,*,#1888,.F.);
#2300 = FACE_BOUND('',#2301,.T.);
#2301 = EDGE_LOOP('',(#2302,#2303,#2304,#2305));
#2302 = ORIENTED_EDGE('',*,*,#1921,.F.);
#2303 = ORIENTED_EDGE('',*,*,#1963,.F.);
#2304 = ORIENTED_EDGE('',*,*,#1994,.F.);
#2305 = ORIENTED_EDGE('',*,*,#2018,.F.);
#2306 = PLANE('',#2307);
#2307 = AXIS2_PLACEMENT_3D('',#2308,#2309,#2310);
#2308 = CARTESIAN_POINT('',(104.4,51.,0.41148));
#2309 = DIRECTION('',(0.,0.,1.));
#2310 = DIRECTION('',(1.,0.,-0.));
#2311 = ( GEOMETRIC_REPRESENTATION_CONTEXT(3) 
GLOBAL_UNCERTAINTY_ASSIGNED_CONTEXT((#2315)) 
GLOBAL_UNIT_ASSIGNED_CONTEXT((#2312,#2313,#2314)) REPRESENTATION_CONTEXT
('Context #1','3D Context with UNIT and UNCERTAINTY') );
#2312 = ( LENGTH_UNIT() NAMED_UNIT(*) SI_UNIT(.MILLI.,.METRE.) );
#2313 = ( NAMED_UNIT(*) PLANE_ANGLE_UNIT() SI_UNIT($,.RADIAN.) );
#2314 = ( NAMED_UNIT(*) SI_UNIT($,.STERADIAN.) SOLID_ANGLE_UNIT() );
#2315 = UNCERTAINTY_MEASURE_WITH_UNIT(LENGTH_MEASURE(1.E-07),#2312,
  'distance_accuracy_value','confusion accuracy');
#2316 = SHAPE_DEFINITION_REPRESENTATION(#2317,#150);
#2317 = PRODUCT_DEFINITION_SHAPE('','',#2318);
#2318 = PRODUCT_DEFINITION('design','',#2319,#2322);
#2319 = PRODUCT_DEFINITION_FORMATION('','',#2320);
#2320 = PRODUCT('Open CASCADE STEP translator 7.5 1.1.1',
  'Open CASCADE STEP translator 7.5 1.1.1','',(#2321));
#2321 = PRODUCT_CONTEXT('',#2,'mechanical');
#2322 = PRODUCT_DEFINITION_CONTEXT('part definition',#2,'design');
#2323 = CONTEXT_DEPENDENT_SHAPE_REPRESENTATION(#2324,#2326);
#2324 = ( REPRESENTATION_RELATIONSHIP('','',#150,#140) 
REPRESENTATION_RELATIONSHIP_WITH_TRANSFORMATION(#2325) 
SHAPE_REPRESENTATION_RELATIONSHIP() );
#2325 = ITEM_DEFINED_TRANSFORMATION('','',#11,#141);
#2326 = PRODUCT_DEFINITION_SHAPE('Placement','Placement of an item',
  #2327);
#2327 = NEXT_ASSEMBLY_USAGE_OCCURRENCE('1','','',#135,#2318,$);
#2328 = PRODUCT_RELATED_PRODUCT_CATEGORY('part',$,(#2320));
#2329 = CONTEXT_DEPENDENT_SHAPE_REPRESENTATION(#2330,#2332);
#2330 = ( REPRESENTATION_RELATIONSHIP('','',#140,#10) 
REPRESENTATION_RELATIONSHIP_WITH_TRANSFORMATION(#2331) 
SHAPE_REPRESENTATION_RELATIONSHIP() );
#2331 = ITEM_DEFINED_TRANSFORMATION('','',#11,#15);
#2332 = PRODUCT_DEFINITION_SHAPE('Placement','Placement of an item',
  #2333);
#2333 = NEXT_ASSEMBLY_USAGE_OCCURRENCE('2','','',#5,#135,$);
#2334 = PRODUCT_RELATED_PRODUCT_CATEGORY('part',$,(#137));
#2335 = SHAPE_DEFINITION_REPRESENTATION(#2336,#2342);
#2336 = PRODUCT_DEFINITION_SHAPE('','',#2337);
#2337 = PRODUCT_DEFINITION('design','',#2338,#2341);
#2338 = PRODUCT_DEFINITION_FORMATION('','',#2339);
#2339 = PRODUCT('U1','U1','',(#2340));
#2340 = PRODUCT_CONTEXT('',#2,'mechanical');
#2341 = PRODUCT_DEFINITION_CONTEXT('part definition',#2,'design');
#2342 = SHAPE_REPRESENTATION('',(#11,#2343),#2347);
#2343 = AXIS2_PLACEMENT_3D('',#2344,#2345,#2346);
#2344 = CARTESIAN_POINT('',(51.799999237061,61.099998474121,0.));
#2345 = DIRECTION('',(0.,-0.,1.));
#2346 = DIRECTION('',(1.,1.748455531469E-07,0.));
#2347 = ( GEOMETRIC_REPRESENTATION_CONTEXT(3) 
GLOBAL_UNCERTAINTY_ASSIGNED_CONTEXT((#2351)) 
GLOBAL_UNIT_ASSIGNED_CONTEXT((#2348,#2349,#2350)) REPRESENTATION_CONTEXT
('Context #1','3D Context with UNIT and UNCERTAINTY') );
#2348 = ( LENGTH_UNIT() NAMED_UNIT(*) SI_UNIT(.MILLI.,.METRE.) );
#2349 = ( NAMED_UNIT(*) PLANE_ANGLE_UNIT() SI_UNIT($,.RADIAN.) );
#2350 = ( NAMED_UNIT(*) SI_UNIT($,.STERADIAN.) SOLID_ANGLE_UNIT() );
#2351 = UNCERTAINTY_MEASURE_WITH_UNIT(LENGTH_MEASURE(2.E-04),#2348,
  'distance_accuracy_value','confusion accuracy');
#2352 = SHAPE_REPRESENTATION('',(#11,#2353,#2405,#2747,#3169,#3591,#4013
    ,#4435),#4857);
#2353 = MANIFOLD_SOLID_BREP('',#2354);
#2354 = CLOSED_SHELL('',(#2355,#2387,#2396));
#2355 = ADVANCED_FACE('',(#2356),#2382,.T.);
#2356 = FACE_BOUND('',#2357,.T.);
#2357 = EDGE_LOOP('',(#2358,#2367,#2374,#2381));
#2358 = ORIENTED_EDGE('',*,*,#2359,.F.);
#2359 = EDGE_CURVE('',#2360,#2360,#2362,.T.);
#2360 = VERTEX_POINT('',#2361);
#2361 = CARTESIAN_POINT('',(-0.503,0.95,1.45));
#2362 = CIRCLE('',#2363,4.2545E-02);
#2363 = AXIS2_PLACEMENT_3D('',#2364,#2365,#2366);
#2364 = CARTESIAN_POINT('',(-0.461,0.95,1.45));
#2365 = DIRECTION('',(0.,0.,1.));
#2366 = DIRECTION('',(1.,0.,-0.));
#2367 = ORIENTED_EDGE('',*,*,#2368,.F.);
#2368 = EDGE_CURVE('',#2369,#2360,#2371,.T.);
#2369 = VERTEX_POINT('',#2370);
#2370 = CARTESIAN_POINT('',(-0.503,0.95,1.448));
#2371 = B_SPLINE_CURVE_WITH_KNOTS('',1,(#2372,#2373),.UNSPECIFIED.,.F.,
  .F.,(2,2),(0.,2.E-03),.PIECEWISE_BEZIER_KNOTS.);
#2372 = CARTESIAN_POINT('',(-0.503545,0.95,1.448));
#2373 = CARTESIAN_POINT('',(-0.503545,0.95,1.45));
#2374 = ORIENTED_EDGE('',*,*,#2375,.F.);
#2375 = EDGE_CURVE('',#2369,#2369,#2376,.T.);
#2376 = CIRCLE('',#2377,4.2545E-02);
#2377 = AXIS2_PLACEMENT_3D('',#2378,#2379,#2380);
#2378 = CARTESIAN_POINT('',(-0.461,0.95,1.448));
#2379 = DIRECTION('',(0.,0.,-1.));
#2380 = DIRECTION('',(1.,0.,0.));
#2381 = ORIENTED_EDGE('',*,*,#2368,.T.);
#2382 = CYLINDRICAL_SURFACE('',#2383,4.2545E-02);
#2383 = AXIS2_PLACEMENT_3D('',#2384,#2385,#2386);
#2384 = CARTESIAN_POINT('',(-0.461,0.95,1.448));
#2385 = DIRECTION('',(0.,0.,1.));
#2386 = DIRECTION('',(1.,0.,-0.));
#2387 = ADVANCED_FACE('',(#2388),#2391,.F.);
#2388 = FACE_BOUND('',#2389,.T.);
#2389 = EDGE_LOOP('',(#2390));
#2390 = ORIENTED_EDGE('',*,*,#2375,.T.);
#2391 = PLANE('',#2392);
#2392 = AXIS2_PLACEMENT_3D('',#2393,#2394,#2395);
#2393 = CARTESIAN_POINT('',(-0.461,0.95,1.448));
#2394 = DIRECTION('',(0.,0.,1.));
#2395 = DIRECTION('',(0.,1.,0.));
#2396 = ADVANCED_FACE('',(#2397),#2400,.T.);
#2397 = FACE_BOUND('',#2398,.T.);
#2398 = EDGE_LOOP('',(#2399));
#2399 = ORIENTED_EDGE('',*,*,#2359,.T.);
#2400 = PLANE('',#2401);
#2401 = AXIS2_PLACEMENT_3D('',#2402,#2403,#2404);
#2402 = CARTESIAN_POINT('',(-0.461,0.95,1.45));
#2403 = DIRECTION('',(0.,0.,1.));
#2404 = DIRECTION('',(0.,1.,0.));
#2405 = MANIFOLD_SOLID_BREP('',#2406);
#2406 = CLOSED_SHELL('',(#2407,#2447,#2478,#2502,#2526,#2543,#2574,#2598
    ,#2622,#2639,#2670,#2694,#2718,#2735));
#2407 = ADVANCED_FACE('',(#2408),#2442,.T.);
#2408 = FACE_BOUND('',#2409,.T.);
#2409 = EDGE_LOOP('',(#2410,#2420,#2428,#2436));
#2410 = ORIENTED_EDGE('',*,*,#2411,.F.);
#2411 = EDGE_CURVE('',#2412,#2414,#2416,.T.);
#2412 = VERTEX_POINT('',#2413);
#2413 = CARTESIAN_POINT('',(0.648,-1.448,1.448));
#2414 = VERTEX_POINT('',#2415);
#2415 = CARTESIAN_POINT('',(-0.648,-1.448,1.448));
#2416 = LINE('',#2417,#2418);
#2417 = CARTESIAN_POINT('',(0.648,-1.448,1.448));
#2418 = VECTOR('',#2419,1.);
#2419 = DIRECTION('',(-1.,0.,0.));
#2420 = ORIENTED_EDGE('',*,*,#2421,.F.);
#2421 = EDGE_CURVE('',#2422,#2412,#2424,.T.);
#2422 = VERTEX_POINT('',#2423);
#2423 = CARTESIAN_POINT('',(0.648,1.448,1.448));
#2424 = LINE('',#2425,#2426);
#2425 = CARTESIAN_POINT('',(0.648,1.448,1.448));
#2426 = VECTOR('',#2427,1.);
#2427 = DIRECTION('',(0.,-1.,0.));
#2428 = ORIENTED_EDGE('',*,*,#2429,.F.);
#2429 = EDGE_CURVE('',#2430,#2422,#2432,.T.);
#2430 = VERTEX_POINT('',#2431);
#2431 = CARTESIAN_POINT('',(-0.648,1.448,1.448));
#2432 = LINE('',#2433,#2434);
#2433 = CARTESIAN_POINT('',(-0.648,1.448,1.448));
#2434 = VECTOR('',#2435,1.);
#2435 = DIRECTION('',(1.,0.,0.));
#2436 = ORIENTED_EDGE('',*,*,#2437,.F.);
#2437 = EDGE_CURVE('',#2414,#2430,#2438,.T.);
#2438 = LINE('',#2439,#2440);
#2439 = CARTESIAN_POINT('',(-0.648,-1.448,1.448));
#2440 = VECTOR('',#2441,1.);
#2441 = DIRECTION('',(0.,1.,0.));
#2442 = PLANE('',#2443);
#2443 = AXIS2_PLACEMENT_3D('',#2444,#2445,#2446);
#2444 = CARTESIAN_POINT('',(-0.648,-1.448,1.448));
#2445 = DIRECTION('',(0.,0.,1.));
#2446 = DIRECTION('',(0.,1.,0.));
#2447 = ADVANCED_FACE('',(#2448),#2473,.T.);
#2448 = FACE_BOUND('',#2449,.T.);
#2449 = EDGE_LOOP('',(#2450,#2460,#2466,#2467));
#2450 = ORIENTED_EDGE('',*,*,#2451,.F.);
#2451 = EDGE_CURVE('',#2452,#2454,#2456,.T.);
#2452 = VERTEX_POINT('',#2453);
#2453 = CARTESIAN_POINT('',(0.851,-1.499,0.942));
#2454 = VERTEX_POINT('',#2455);
#2455 = CARTESIAN_POINT('',(-0.851,-1.499,0.942));
#2456 = LINE('',#2457,#2458);
#2457 = CARTESIAN_POINT('',(0.851,-1.499,0.942));
#2458 = VECTOR('',#2459,1.);
#2459 = DIRECTION('',(-1.,0.,0.));
#2460 = ORIENTED_EDGE('',*,*,#2461,.F.);
#2461 = EDGE_CURVE('',#2412,#2452,#2462,.T.);
#2462 = LINE('',#2463,#2464);
#2463 = CARTESIAN_POINT('',(0.648,-1.448,1.448));
#2464 = VECTOR('',#2465,1.);
#2465 = DIRECTION('',(0.370987757606,-9.299693115191E-02,-0.923969509509
    ));
#2466 = ORIENTED_EDGE('',*,*,#2411,.T.);
#2467 = ORIENTED_EDGE('',*,*,#2468,.F.);
#2468 = EDGE_CURVE('',#2454,#2414,#2469,.T.);
#2469 = LINE('',#2470,#2471);
#2470 = CARTESIAN_POINT('',(-0.851,-1.499,0.942));
#2471 = VECTOR('',#2472,1.);
#2472 = DIRECTION('',(0.370987757606,9.299693115191E-02,0.923969509509)
  );
#2473 = PLANE('',#2474);
#2474 = AXIS2_PLACEMENT_3D('',#2475,#2476,#2477);
#2475 = CARTESIAN_POINT('',(-0.851,-1.499,0.942));
#2476 = DIRECTION('',(0.,-0.994987562733,9.999875002344E-02));
#2477 = DIRECTION('',(0.,9.999875002344E-02,0.994987562733));
#2478 = ADVANCED_FACE('',(#2479),#2497,.T.);
#2479 = FACE_BOUND('',#2480,.T.);
#2480 = EDGE_LOOP('',(#2481,#2489,#2495,#2496));
#2481 = ORIENTED_EDGE('',*,*,#2482,.F.);
#2482 = EDGE_CURVE('',#2483,#2452,#2485,.T.);
#2483 = VERTEX_POINT('',#2484);
#2484 = CARTESIAN_POINT('',(0.851,1.499,0.942));
#2485 = LINE('',#2486,#2487);
#2486 = CARTESIAN_POINT('',(0.851,1.499,0.942));
#2487 = VECTOR('',#2488,1.);
#2488 = DIRECTION('',(0.,-1.,0.));
#2489 = ORIENTED_EDGE('',*,*,#2490,.F.);
#2490 = EDGE_CURVE('',#2422,#2483,#2491,.T.);
#2491 = LINE('',#2492,#2493);
#2492 = CARTESIAN_POINT('',(0.648,1.448,1.448));
#2493 = VECTOR('',#2494,1.);
#2494 = DIRECTION('',(0.370987757606,9.299693115191E-02,-0.923969509509)
  );
#2495 = ORIENTED_EDGE('',*,*,#2421,.T.);
#2496 = ORIENTED_EDGE('',*,*,#2461,.T.);
#2497 = PLANE('',#2498);
#2498 = AXIS2_PLACEMENT_3D('',#2499,#2500,#2501);
#2499 = CARTESIAN_POINT('',(0.851,-1.499,0.942));
#2500 = DIRECTION('',(0.927854802084,0.,0.3729416392));
#2501 = DIRECTION('',(-0.3729416392,0.,0.927854802084));
#2502 = ADVANCED_FACE('',(#2503),#2521,.T.);
#2503 = FACE_BOUND('',#2504,.T.);
#2504 = EDGE_LOOP('',(#2505,#2513,#2519,#2520));
#2505 = ORIENTED_EDGE('',*,*,#2506,.F.);
#2506 = EDGE_CURVE('',#2507,#2483,#2509,.T.);
#2507 = VERTEX_POINT('',#2508);
#2508 = CARTESIAN_POINT('',(-0.851,1.499,0.942));
#2509 = LINE('',#2510,#2511);
#2510 = CARTESIAN_POINT('',(-0.851,1.499,0.942));
#2511 = VECTOR('',#2512,1.);
#2512 = DIRECTION('',(1.,0.,0.));
#2513 = ORIENTED_EDGE('',*,*,#2514,.F.);
#2514 = EDGE_CURVE('',#2430,#2507,#2515,.T.);
#2515 = LINE('',#2516,#2517);
#2516 = CARTESIAN_POINT('',(-0.648,1.448,1.448));
#2517 = VECTOR('',#2518,1.);
#2518 = DIRECTION('',(-0.370987757606,9.299693115191E-02,-0.923969509509
    ));
#2519 = ORIENTED_EDGE('',*,*,#2429,.T.);
#2520 = ORIENTED_EDGE('',*,*,#2490,.T.);
#2521 = PLANE('',#2522);
#2522 = AXIS2_PLACEMENT_3D('',#2523,#2524,#2525);
#2523 = CARTESIAN_POINT('',(0.851,1.499,0.942));
#2524 = DIRECTION('',(0.,0.994987562733,9.999875002344E-02));
#2525 = DIRECTION('',(0.,-9.999875002344E-02,0.994987562733));
#2526 = ADVANCED_FACE('',(#2527),#2538,.T.);
#2527 = FACE_BOUND('',#2528,.T.);
#2528 = EDGE_LOOP('',(#2529,#2535,#2536,#2537));
#2529 = ORIENTED_EDGE('',*,*,#2530,.F.);
#2530 = EDGE_CURVE('',#2454,#2507,#2531,.T.);
#2531 = LINE('',#2532,#2533);
#2532 = CARTESIAN_POINT('',(-0.851,-1.499,0.942));
#2533 = VECTOR('',#2534,1.);
#2534 = DIRECTION('',(0.,1.,0.));
#2535 = ORIENTED_EDGE('',*,*,#2468,.T.);
#2536 = ORIENTED_EDGE('',*,*,#2437,.T.);
#2537 = ORIENTED_EDGE('',*,*,#2514,.T.);
#2538 = PLANE('',#2539);
#2539 = AXIS2_PLACEMENT_3D('',#2540,#2541,#2542);
#2540 = CARTESIAN_POINT('',(-0.851,1.499,0.942));
#2541 = DIRECTION('',(-0.927854802084,0.,0.3729416392));
#2542 = DIRECTION('',(0.3729416392,0.,0.927854802084));
#2543 = ADVANCED_FACE('',(#2544),#2569,.T.);
#2544 = FACE_BOUND('',#2545,.T.);
#2545 = EDGE_LOOP('',(#2546,#2556,#2562,#2563));
#2546 = ORIENTED_EDGE('',*,*,#2547,.F.);
#2547 = EDGE_CURVE('',#2548,#2550,#2552,.T.);
#2548 = VERTEX_POINT('',#2549);
#2549 = CARTESIAN_POINT('',(0.851,-1.499,0.658));
#2550 = VERTEX_POINT('',#2551);
#2551 = CARTESIAN_POINT('',(-0.851,-1.499,0.658));
#2552 = LINE('',#2553,#2554);
#2553 = CARTESIAN_POINT('',(0.851,-1.499,0.658));
#2554 = VECTOR('',#2555,1.);
#2555 = DIRECTION('',(-1.,0.,0.));
#2556 = ORIENTED_EDGE('',*,*,#2557,.F.);
#2557 = EDGE_CURVE('',#2452,#2548,#2558,.T.);
#2558 = LINE('',#2559,#2560);
#2559 = CARTESIAN_POINT('',(0.851,-1.499,0.942));
#2560 = VECTOR('',#2561,1.);
#2561 = DIRECTION('',(0.,0.,-1.));
#2562 = ORIENTED_EDGE('',*,*,#2451,.T.);
#2563 = ORIENTED_EDGE('',*,*,#2564,.F.);
#2564 = EDGE_CURVE('',#2550,#2454,#2565,.T.);
#2565 = LINE('',#2566,#2567);
#2566 = CARTESIAN_POINT('',(-0.851,-1.499,0.658));
#2567 = VECTOR('',#2568,1.);
#2568 = DIRECTION('',(0.,0.,1.));
#2569 = PLANE('',#2570);
#2570 = AXIS2_PLACEMENT_3D('',#2571,#2572,#2573);
#2571 = CARTESIAN_POINT('',(-0.851,-1.499,0.658));
#2572 = DIRECTION('',(0.,-1.,0.));
#2573 = DIRECTION('',(0.,0.,1.));
#2574 = ADVANCED_FACE('',(#2575),#2593,.T.);
#2575 = FACE_BOUND('',#2576,.T.);
#2576 = EDGE_LOOP('',(#2577,#2585,#2591,#2592));
#2577 = ORIENTED_EDGE('',*,*,#2578,.F.);
#2578 = EDGE_CURVE('',#2579,#2548,#2581,.T.);
#2579 = VERTEX_POINT('',#2580);
#2580 = CARTESIAN_POINT('',(0.851,1.499,0.658));
#2581 = LINE('',#2582,#2583);
#2582 = CARTESIAN_POINT('',(0.851,1.499,0.658));
#2583 = VECTOR('',#2584,1.);
#2584 = DIRECTION('',(0.,-1.,0.));
#2585 = ORIENTED_EDGE('',*,*,#2586,.F.);
#2586 = EDGE_CURVE('',#2483,#2579,#2587,.T.);
#2587 = LINE('',#2588,#2589);
#2588 = CARTESIAN_POINT('',(0.851,1.499,0.942));
#2589 = VECTOR('',#2590,1.);
#2590 = DIRECTION('',(0.,0.,-1.));
#2591 = ORIENTED_EDGE('',*,*,#2482,.T.);
#2592 = ORIENTED_EDGE('',*,*,#2557,.T.);
#2593 = PLANE('',#2594);
#2594 = AXIS2_PLACEMENT_3D('',#2595,#2596,#2597);
#2595 = CARTESIAN_POINT('',(0.851,-1.499,0.658));
#2596 = DIRECTION('',(1.,0.,0.));
#2597 = DIRECTION('',(0.,0.,1.));
#2598 = ADVANCED_FACE('',(#2599),#2617,.T.);
#2599 = FACE_BOUND('',#2600,.T.);
#2600 = EDGE_LOOP('',(#2601,#2609,#2615,#2616));
#2601 = ORIENTED_EDGE('',*,*,#2602,.F.);
#2602 = EDGE_CURVE('',#2603,#2579,#2605,.T.);
#2603 = VERTEX_POINT('',#2604);
#2604 = CARTESIAN_POINT('',(-0.851,1.499,0.658));
#2605 = LINE('',#2606,#2607);
#2606 = CARTESIAN_POINT('',(-0.851,1.499,0.658));
#2607 = VECTOR('',#2608,1.);
#2608 = DIRECTION('',(1.,0.,0.));
#2609 = ORIENTED_EDGE('',*,*,#2610,.F.);
#2610 = EDGE_CURVE('',#2507,#2603,#2611,.T.);
#2611 = LINE('',#2612,#2613);
#2612 = CARTESIAN_POINT('',(-0.851,1.499,0.942));
#2613 = VECTOR('',#2614,1.);
#2614 = DIRECTION('',(0.,0.,-1.));
#2615 = ORIENTED_EDGE('',*,*,#2506,.T.);
#2616 = ORIENTED_EDGE('',*,*,#2586,.T.);
#2617 = PLANE('',#2618);
#2618 = AXIS2_PLACEMENT_3D('',#2619,#2620,#2621);
#2619 = CARTESIAN_POINT('',(0.851,1.499,0.658));
#2620 = DIRECTION('',(0.,1.,0.));
#2621 = DIRECTION('',(0.,-0.,1.));
#2622 = ADVANCED_FACE('',(#2623),#2634,.T.);
#2623 = FACE_BOUND('',#2624,.T.);
#2624 = EDGE_LOOP('',(#2625,#2631,#2632,#2633));
#2625 = ORIENTED_EDGE('',*,*,#2626,.F.);
#2626 = EDGE_CURVE('',#2550,#2603,#2627,.T.);
#2627 = LINE('',#2628,#2629);
#2628 = CARTESIAN_POINT('',(-0.851,-1.499,0.658));
#2629 = VECTOR('',#2630,1.);
#2630 = DIRECTION('',(0.,1.,0.));
#2631 = ORIENTED_EDGE('',*,*,#2564,.T.);
#2632 = ORIENTED_EDGE('',*,*,#2530,.T.);
#2633 = ORIENTED_EDGE('',*,*,#2610,.T.);
#2634 = PLANE('',#2635);
#2635 = AXIS2_PLACEMENT_3D('',#2636,#2637,#2638);
#2636 = CARTESIAN_POINT('',(-0.851,1.499,0.658));
#2637 = DIRECTION('',(-1.,0.,0.));
#2638 = DIRECTION('',(0.,0.,1.));
#2639 = ADVANCED_FACE('',(#2640),#2665,.T.);
#2640 = FACE_BOUND('',#2641,.T.);
#2641 = EDGE_LOOP('',(#2642,#2652,#2658,#2659));
#2642 = ORIENTED_EDGE('',*,*,#2643,.F.);
#2643 = EDGE_CURVE('',#2644,#2646,#2648,.T.);
#2644 = VERTEX_POINT('',#2645);
#2645 = CARTESIAN_POINT('',(0.749,-1.448,0.152));
#2646 = VERTEX_POINT('',#2647);
#2647 = CARTESIAN_POINT('',(-0.749,-1.448,0.152));
#2648 = LINE('',#2649,#2650);
#2649 = CARTESIAN_POINT('',(0.749,-1.448,0.152));
#2650 = VECTOR('',#2651,1.);
#2651 = DIRECTION('',(-1.,0.,0.));
#2652 = ORIENTED_EDGE('',*,*,#2653,.F.);
#2653 = EDGE_CURVE('',#2548,#2644,#2654,.T.);
#2654 = LINE('',#2655,#2656);
#2655 = CARTESIAN_POINT('',(0.851,-1.499,0.658));
#2656 = VECTOR('',#2657,1.);
#2657 = DIRECTION('',(-0.195941618095,9.797080904771E-02,-0.975709281945
    ));
#2658 = ORIENTED_EDGE('',*,*,#2547,.T.);
#2659 = ORIENTED_EDGE('',*,*,#2660,.F.);
#2660 = EDGE_CURVE('',#2646,#2550,#2661,.T.);
#2661 = LINE('',#2662,#2663);
#2662 = CARTESIAN_POINT('',(-0.749,-1.448,0.152));
#2663 = VECTOR('',#2664,1.);
#2664 = DIRECTION('',(-0.195941618095,-9.797080904771E-02,0.975709281945
    ));
#2665 = PLANE('',#2666);
#2666 = AXIS2_PLACEMENT_3D('',#2667,#2668,#2669);
#2667 = CARTESIAN_POINT('',(-0.749,-1.448,0.152));
#2668 = DIRECTION('',(0.,-0.994987562733,-9.999875002344E-02));
#2669 = DIRECTION('',(0.,-9.999875002344E-02,0.994987562733));
#2670 = ADVANCED_FACE('',(#2671),#2689,.T.);
#2671 = FACE_BOUND('',#2672,.T.);
#2672 = EDGE_LOOP('',(#2673,#2681,#2687,#2688));
#2673 = ORIENTED_EDGE('',*,*,#2674,.F.);
#2674 = EDGE_CURVE('',#2675,#2644,#2677,.T.);
#2675 = VERTEX_POINT('',#2676);
#2676 = CARTESIAN_POINT('',(0.749,1.448,0.152));
#2677 = LINE('',#2678,#2679);
#2678 = CARTESIAN_POINT('',(0.749,1.448,0.152));
#2679 = VECTOR('',#2680,1.);
#2680 = DIRECTION('',(0.,-1.,0.));
#2681 = ORIENTED_EDGE('',*,*,#2682,.F.);
#2682 = EDGE_CURVE('',#2579,#2675,#2683,.T.);
#2683 = LINE('',#2684,#2685);
#2684 = CARTESIAN_POINT('',(0.851,1.499,0.658));
#2685 = VECTOR('',#2686,1.);
#2686 = DIRECTION('',(-0.195941618095,-9.797080904771E-02,
    -0.975709281945));
#2687 = ORIENTED_EDGE('',*,*,#2578,.T.);
#2688 = ORIENTED_EDGE('',*,*,#2653,.T.);
#2689 = PLANE('',#2690);
#2690 = AXIS2_PLACEMENT_3D('',#2691,#2692,#2693);
#2691 = CARTESIAN_POINT('',(0.749,-1.448,0.152));
#2692 = DIRECTION('',(0.980387820089,0.,-0.197077959753));
#2693 = DIRECTION('',(0.197077959753,0.,0.980387820089));
#2694 = ADVANCED_FACE('',(#2695),#2713,.T.);
#2695 = FACE_BOUND('',#2696,.T.);
#2696 = EDGE_LOOP('',(#2697,#2705,#2711,#2712));
#2697 = ORIENTED_EDGE('',*,*,#2698,.F.);
#2698 = EDGE_CURVE('',#2699,#2675,#2701,.T.);
#2699 = VERTEX_POINT('',#2700);
#2700 = CARTESIAN_POINT('',(-0.749,1.448,0.152));
#2701 = LINE('',#2702,#2703);
#2702 = CARTESIAN_POINT('',(-0.749,1.448,0.152));
#2703 = VECTOR('',#2704,1.);
#2704 = DIRECTION('',(1.,0.,0.));
#2705 = ORIENTED_EDGE('',*,*,#2706,.F.);
#2706 = EDGE_CURVE('',#2603,#2699,#2707,.T.);
#2707 = LINE('',#2708,#2709);
#2708 = CARTESIAN_POINT('',(-0.851,1.499,0.658));
#2709 = VECTOR('',#2710,1.);
#2710 = DIRECTION('',(0.195941618095,-9.797080904771E-02,-0.975709281945
    ));
#2711 = ORIENTED_EDGE('',*,*,#2602,.T.);
#2712 = ORIENTED_EDGE('',*,*,#2682,.T.);
#2713 = PLANE('',#2714);
#2714 = AXIS2_PLACEMENT_3D('',#2715,#2716,#2717);
#2715 = CARTESIAN_POINT('',(0.749,1.448,0.152));
#2716 = DIRECTION('',(0.,0.994987562733,-9.999875002344E-02));
#2717 = DIRECTION('',(0.,9.999875002344E-02,0.994987562733));
#2718 = ADVANCED_FACE('',(#2719),#2730,.T.);
#2719 = FACE_BOUND('',#2720,.T.);
#2720 = EDGE_LOOP('',(#2721,#2727,#2728,#2729));
#2721 = ORIENTED_EDGE('',*,*,#2722,.F.);
#2722 = EDGE_CURVE('',#2646,#2699,#2723,.T.);
#2723 = LINE('',#2724,#2725);
#2724 = CARTESIAN_POINT('',(-0.749,-1.448,0.152));
#2725 = VECTOR('',#2726,1.);
#2726 = DIRECTION('',(0.,1.,0.));
#2727 = ORIENTED_EDGE('',*,*,#2660,.T.);
#2728 = ORIENTED_EDGE('',*,*,#2626,.T.);
#2729 = ORIENTED_EDGE('',*,*,#2706,.T.);
#2730 = PLANE('',#2731);
#2731 = AXIS2_PLACEMENT_3D('',#2732,#2733,#2734);
#2732 = CARTESIAN_POINT('',(-0.749,1.448,0.152));
#2733 = DIRECTION('',(-0.980387820089,0.,-0.197077959753));
#2734 = DIRECTION('',(-0.197077959753,0.,0.980387820089));
#2735 = ADVANCED_FACE('',(#2736),#2742,.T.);
#2736 = FACE_BOUND('',#2737,.T.);
#2737 = EDGE_LOOP('',(#2738,#2739,#2740,#2741));
#2738 = ORIENTED_EDGE('',*,*,#2698,.T.);
#2739 = ORIENTED_EDGE('',*,*,#2674,.T.);
#2740 = ORIENTED_EDGE('',*,*,#2643,.T.);
#2741 = ORIENTED_EDGE('',*,*,#2722,.T.);
#2742 = PLANE('',#2743);
#2743 = AXIS2_PLACEMENT_3D('',#2744,#2745,#2746);
#2744 = CARTESIAN_POINT('',(-0.749,1.448,0.152));
#2745 = DIRECTION('',(0.,0.,-1.));
#2746 = DIRECTION('',(0.,1.,0.));
#2747 = MANIFOLD_SOLID_BREP('',#2748);
#2748 = CLOSED_SHELL('',(#2749,#2789,#2820,#2851,#2891,#2931,#2971,#3011
    ,#3033,#3057,#3081,#3105,#3129,#3149));
#2749 = ADVANCED_FACE('',(#2750),#2784,.T.);
#2750 = FACE_BOUND('',#2751,.T.);
#2751 = EDGE_LOOP('',(#2752,#2762,#2770,#2778));
#2752 = ORIENTED_EDGE('',*,*,#2753,.F.);
#2753 = EDGE_CURVE('',#2754,#2756,#2758,.T.);
#2754 = VERTEX_POINT('',#2755);
#2755 = CARTESIAN_POINT('',(-0.851,1.204,0.765));
#2756 = VERTEX_POINT('',#2757);
#2757 = CARTESIAN_POINT('',(-0.851,0.696,0.765));
#2758 = LINE('',#2759,#2760);
#2759 = CARTESIAN_POINT('',(-0.851,1.204,0.765));
#2760 = VECTOR('',#2761,1.);
#2761 = DIRECTION('',(0.,-1.,0.));
#2762 = ORIENTED_EDGE('',*,*,#2763,.F.);
#2763 = EDGE_CURVE('',#2764,#2754,#2766,.T.);
#2764 = VERTEX_POINT('',#2765);
#2765 = CARTESIAN_POINT('',(-0.851,1.204,0.927));
#2766 = LINE('',#2767,#2768);
#2767 = CARTESIAN_POINT('',(-0.851,1.204,0.927));
#2768 = VECTOR('',#2769,1.);
#2769 = DIRECTION('',(0.,0.,-1.));
#2770 = ORIENTED_EDGE('',*,*,#2771,.F.);
#2771 = EDGE_CURVE('',#2772,#2764,#2774,.T.);
#2772 = VERTEX_POINT('',#2773);
#2773 = CARTESIAN_POINT('',(-0.851,0.696,0.927));
#2774 = LINE('',#2775,#2776);
#2775 = CARTESIAN_POINT('',(-0.851,0.696,0.927));
#2776 = VECTOR('',#2777,1.);
#2777 = DIRECTION('',(0.,1.,0.));
#2778 = ORIENTED_EDGE('',*,*,#2779,.F.);
#2779 = EDGE_CURVE('',#2756,#2772,#2780,.T.);
#2780 = LINE('',#2781,#2782);
#2781 = CARTESIAN_POINT('',(-0.851,0.696,0.765));
#2782 = VECTOR('',#2783,1.);
#2783 = DIRECTION('',(0.,0.,1.));
#2784 = PLANE('',#2785);
#2785 = AXIS2_PLACEMENT_3D('',#2786,#2787,#2788);
#2786 = CARTESIAN_POINT('',(-0.851,0.696,0.765));
#2787 = DIRECTION('',(1.,0.,0.));
#2788 = DIRECTION('',(0.,0.,1.));
#2789 = ADVANCED_FACE('',(#2790),#2815,.T.);
#2790 = FACE_BOUND('',#2791,.T.);
#2791 = EDGE_LOOP('',(#2792,#2793,#2801,#2809));
#2792 = ORIENTED_EDGE('',*,*,#2771,.T.);
#2793 = ORIENTED_EDGE('',*,*,#2794,.F.);
#2794 = EDGE_CURVE('',#2795,#2764,#2797,.T.);
#2795 = VERTEX_POINT('',#2796);
#2796 = CARTESIAN_POINT('',(-0.886,1.204,0.927));
#2797 = LINE('',#2798,#2799);
#2798 = CARTESIAN_POINT('',(-0.886,1.204,0.927));
#2799 = VECTOR('',#2800,1.);
#2800 = DIRECTION('',(1.,0.,0.));
#2801 = ORIENTED_EDGE('',*,*,#2802,.F.);
#2802 = EDGE_CURVE('',#2803,#2795,#2805,.T.);
#2803 = VERTEX_POINT('',#2804);
#2804 = CARTESIAN_POINT('',(-0.886,0.696,0.927));
#2805 = LINE('',#2806,#2807);
#2806 = CARTESIAN_POINT('',(-0.886,0.696,0.927));
#2807 = VECTOR('',#2808,1.);
#2808 = DIRECTION('',(0.,1.,0.));
#2809 = ORIENTED_EDGE('',*,*,#2810,.F.);
#2810 = EDGE_CURVE('',#2772,#2803,#2811,.T.);
#2811 = LINE('',#2812,#2813);
#2812 = CARTESIAN_POINT('',(-0.851,0.696,0.927));
#2813 = VECTOR('',#2814,1.);
#2814 = DIRECTION('',(-1.,0.,0.));
#2815 = PLANE('',#2816);
#2816 = AXIS2_PLACEMENT_3D('',#2817,#2818,#2819);
#2817 = CARTESIAN_POINT('',(-0.851,0.696,0.927));
#2818 = DIRECTION('',(0.,0.,1.));
#2819 = DIRECTION('',(0.,1.,0.));
#2820 = ADVANCED_FACE('',(#2821),#2846,.T.);
#2821 = FACE_BOUND('',#2822,.T.);
#2822 = EDGE_LOOP('',(#2823,#2824,#2832,#2840));
#2823 = ORIENTED_EDGE('',*,*,#2753,.T.);
#2824 = ORIENTED_EDGE('',*,*,#2825,.F.);
#2825 = EDGE_CURVE('',#2826,#2756,#2828,.T.);
#2826 = VERTEX_POINT('',#2827);
#2827 = CARTESIAN_POINT('',(-0.886,0.696,0.765));
#2828 = LINE('',#2829,#2830);
#2829 = CARTESIAN_POINT('',(-0.886,0.696,0.765));
#2830 = VECTOR('',#2831,1.);
#2831 = DIRECTION('',(1.,0.,0.));
#2832 = ORIENTED_EDGE('',*,*,#2833,.F.);
#2833 = EDGE_CURVE('',#2834,#2826,#2836,.T.);
#2834 = VERTEX_POINT('',#2835);
#2835 = CARTESIAN_POINT('',(-0.886,1.204,0.765));
#2836 = LINE('',#2837,#2838);
#2837 = CARTESIAN_POINT('',(-0.886,1.204,0.765));
#2838 = VECTOR('',#2839,1.);
#2839 = DIRECTION('',(0.,-1.,0.));
#2840 = ORIENTED_EDGE('',*,*,#2841,.F.);
#2841 = EDGE_CURVE('',#2754,#2834,#2842,.T.);
#2842 = LINE('',#2843,#2844);
#2843 = CARTESIAN_POINT('',(-0.851,1.204,0.765));
#2844 = VECTOR('',#2845,1.);
#2845 = DIRECTION('',(-1.,0.,0.));
#2846 = PLANE('',#2847);
#2847 = AXIS2_PLACEMENT_3D('',#2848,#2849,#2850);
#2848 = CARTESIAN_POINT('',(-0.851,1.204,0.765));
#2849 = DIRECTION('',(0.,0.,-1.));
#2850 = DIRECTION('',(0.,1.,0.));
#2851 = ADVANCED_FACE('',(#2852),#2886,.T.);
#2852 = FACE_BOUND('',#2853,.T.);
#2853 = EDGE_LOOP('',(#2854,#2864,#2872,#2880));
#2854 = ORIENTED_EDGE('',*,*,#2855,.F.);
#2855 = EDGE_CURVE('',#2856,#2858,#2860,.T.);
#2856 = VERTEX_POINT('',#2857);
#2857 = CARTESIAN_POINT('',(-1.307,0.696,0.282));
#2858 = VERTEX_POINT('',#2859);
#2859 = CARTESIAN_POINT('',(-1.307,1.204,0.282));
#2860 = LINE('',#2861,#2862);
#2861 = CARTESIAN_POINT('',(-1.307,0.696,0.282));
#2862 = VECTOR('',#2863,1.);
#2863 = DIRECTION('',(0.,1.,0.));
#2864 = ORIENTED_EDGE('',*,*,#2865,.F.);
#2865 = EDGE_CURVE('',#2866,#2856,#2868,.T.);
#2866 = VERTEX_POINT('',#2867);
#2867 = CARTESIAN_POINT('',(-1.199,0.696,0.687));
#2868 = LINE('',#2869,#2870);
#2869 = CARTESIAN_POINT('',(-1.199,0.696,0.687));
#2870 = VECTOR('',#2871,1.);
#2871 = DIRECTION('',(-0.258969313954,0.,-0.965885549343));
#2872 = ORIENTED_EDGE('',*,*,#2873,.F.);
#2873 = EDGE_CURVE('',#2874,#2866,#2876,.T.);
#2874 = VERTEX_POINT('',#2875);
#2875 = CARTESIAN_POINT('',(-1.199,1.204,0.687));
#2876 = LINE('',#2877,#2878);
#2877 = CARTESIAN_POINT('',(-1.199,1.204,0.687));
#2878 = VECTOR('',#2879,1.);
#2879 = DIRECTION('',(0.,-1.,0.));
#2880 = ORIENTED_EDGE('',*,*,#2881,.F.);
#2881 = EDGE_CURVE('',#2858,#2874,#2882,.T.);
#2882 = LINE('',#2883,#2884);
#2883 = CARTESIAN_POINT('',(-1.307,1.204,0.282));
#2884 = VECTOR('',#2885,1.);
#2885 = DIRECTION('',(0.258969313954,0.,0.965885549343));
#2886 = PLANE('',#2887);
#2887 = AXIS2_PLACEMENT_3D('',#2888,#2889,#2890);
#2888 = CARTESIAN_POINT('',(-1.307,1.204,0.282));
#2889 = DIRECTION('',(-0.965885549343,0.,0.258969313954));
#2890 = DIRECTION('',(0.258969313954,0.,0.965885549343));
#2891 = ADVANCED_FACE('',(#2892),#2926,.T.);
#2892 = FACE_BOUND('',#2893,.T.);
#2893 = EDGE_LOOP('',(#2894,#2904,#2912,#2920));
#2894 = ORIENTED_EDGE('',*,*,#2895,.F.);
#2895 = EDGE_CURVE('',#2896,#2898,#2900,.T.);
#2896 = VERTEX_POINT('',#2897);
#2897 = CARTESIAN_POINT('',(-1.151,1.204,0.24));
#2898 = VERTEX_POINT('',#2899);
#2899 = CARTESIAN_POINT('',(-1.151,0.696,0.24));
#2900 = LINE('',#2901,#2902);
#2901 = CARTESIAN_POINT('',(-1.151,1.204,0.24));
#2902 = VECTOR('',#2903,1.);
#2903 = DIRECTION('',(0.,-1.,0.));
#2904 = ORIENTED_EDGE('',*,*,#2905,.F.);
#2905 = EDGE_CURVE('',#2906,#2896,#2908,.T.);
#2906 = VERTEX_POINT('',#2907);
#2907 = CARTESIAN_POINT('',(-1.042,1.204,0.645));
#2908 = LINE('',#2909,#2910);
#2909 = CARTESIAN_POINT('',(-1.042,1.204,0.645));
#2910 = VECTOR('',#2911,1.);
#2911 = DIRECTION('',(-0.258969313954,0.,-0.965885549343));
#2912 = ORIENTED_EDGE('',*,*,#2913,.F.);
#2913 = EDGE_CURVE('',#2914,#2906,#2916,.T.);
#2914 = VERTEX_POINT('',#2915);
#2915 = CARTESIAN_POINT('',(-1.042,0.696,0.645));
#2916 = LINE('',#2917,#2918);
#2917 = CARTESIAN_POINT('',(-1.042,0.696,0.645));
#2918 = VECTOR('',#2919,1.);
#2919 = DIRECTION('',(0.,1.,0.));
#2920 = ORIENTED_EDGE('',*,*,#2921,.F.);
#2921 = EDGE_CURVE('',#2898,#2914,#2922,.T.);
#2922 = LINE('',#2923,#2924);
#2923 = CARTESIAN_POINT('',(-1.151,0.696,0.24));
#2924 = VECTOR('',#2925,1.);
#2925 = DIRECTION('',(0.258969313954,0.,0.965885549343));
#2926 = PLANE('',#2927);
#2927 = AXIS2_PLACEMENT_3D('',#2928,#2929,#2930);
#2928 = CARTESIAN_POINT('',(-1.151,0.696,0.24));
#2929 = DIRECTION('',(0.965885549343,0.,-0.258969313954));
#2930 = DIRECTION('',(0.258969313954,0.,0.965885549343));
#2931 = ADVANCED_FACE('',(#2932),#2966,.T.);
#2932 = FACE_BOUND('',#2933,.T.);
#2933 = EDGE_LOOP('',(#2934,#2944,#2952,#2960));
#2934 = ORIENTED_EDGE('',*,*,#2935,.F.);
#2935 = EDGE_CURVE('',#2936,#2938,#2940,.T.);
#2936 = VERTEX_POINT('',#2937);
#2937 = CARTESIAN_POINT('',(-1.499,0.696,0.162));
#2938 = VERTEX_POINT('',#2939);
#2939 = CARTESIAN_POINT('',(-1.499,1.204,0.162));
#2940 = LINE('',#2941,#2942);
#2941 = CARTESIAN_POINT('',(-1.499,0.696,0.162));
#2942 = VECTOR('',#2943,1.);
#2943 = DIRECTION('',(0.,1.,0.));
#2944 = ORIENTED_EDGE('',*,*,#2945,.F.);
#2945 = EDGE_CURVE('',#2946,#2936,#2948,.T.);
#2946 = VERTEX_POINT('',#2947);
#2947 = CARTESIAN_POINT('',(-1.464,0.696,0.162));
#2948 = LINE('',#2949,#2950);
#2949 = CARTESIAN_POINT('',(-1.464,0.696,0.162));
#2950 = VECTOR('',#2951,1.);
#2951 = DIRECTION('',(-1.,0.,0.));
#2952 = ORIENTED_EDGE('',*,*,#2953,.F.);
#2953 = EDGE_CURVE('',#2954,#2946,#2956,.T.);
#2954 = VERTEX_POINT('',#2955);
#2955 = CARTESIAN_POINT('',(-1.464,1.204,0.162));
#2956 = LINE('',#2957,#2958);
#2957 = CARTESIAN_POINT('',(-1.464,1.204,0.162));
#2958 = VECTOR('',#2959,1.);
#2959 = DIRECTION('',(0.,-1.,0.));
#2960 = ORIENTED_EDGE('',*,*,#2961,.F.);
#2961 = EDGE_CURVE('',#2938,#2954,#2962,.T.);
#2962 = LINE('',#2963,#2964);
#2963 = CARTESIAN_POINT('',(-1.499,1.204,0.162));
#2964 = VECTOR('',#2965,1.);
#2965 = DIRECTION('',(1.,0.,0.));
#2966 = PLANE('',#2967);
#2967 = AXIS2_PLACEMENT_3D('',#2968,#2969,#2970);
#2968 = CARTESIAN_POINT('',(-1.499,1.204,0.162));
#2969 = DIRECTION('',(0.,0.,1.));
#2970 = DIRECTION('',(0.,1.,0.));
#2971 = ADVANCED_FACE('',(#2972),#3006,.T.);
#2972 = FACE_BOUND('',#2973,.T.);
#2973 = EDGE_LOOP('',(#2974,#2984,#2992,#3000));
#2974 = ORIENTED_EDGE('',*,*,#2975,.F.);
#2975 = EDGE_CURVE('',#2976,#2978,#2980,.T.);
#2976 = VERTEX_POINT('',#2977);
#2977 = CARTESIAN_POINT('',(-1.464,0.696,0.));
#2978 = VERTEX_POINT('',#2979);
#2979 = CARTESIAN_POINT('',(-1.464,1.204,0.));
#2980 = LINE('',#2981,#2982);
#2981 = CARTESIAN_POINT('',(-1.464,0.696,0.));
#2982 = VECTOR('',#2983,1.);
#2983 = DIRECTION('',(0.,1.,0.));
#2984 = ORIENTED_EDGE('',*,*,#2985,.F.);
#2985 = EDGE_CURVE('',#2986,#2976,#2988,.T.);
#2986 = VERTEX_POINT('',#2987);
#2987 = CARTESIAN_POINT('',(-1.499,0.696,0.));
#2988 = LINE('',#2989,#2990);
#2989 = CARTESIAN_POINT('',(-1.499,0.696,0.));
#2990 = VECTOR('',#2991,1.);
#2991 = DIRECTION('',(1.,0.,0.));
#2992 = ORIENTED_EDGE('',*,*,#2993,.F.);
#2993 = EDGE_CURVE('',#2994,#2986,#2996,.T.);
#2994 = VERTEX_POINT('',#2995);
#2995 = CARTESIAN_POINT('',(-1.499,1.204,0.));
#2996 = LINE('',#2997,#2998);
#2997 = CARTESIAN_POINT('',(-1.499,1.204,0.));
#2998 = VECTOR('',#2999,1.);
#2999 = DIRECTION('',(0.,-1.,0.));
#3000 = ORIENTED_EDGE('',*,*,#3001,.F.);
#3001 = EDGE_CURVE('',#2978,#2994,#3002,.T.);
#3002 = LINE('',#3003,#3004);
#3003 = CARTESIAN_POINT('',(-1.464,1.204,0.));
#3004 = VECTOR('',#3005,1.);
#3005 = DIRECTION('',(-1.,0.,0.));
#3006 = PLANE('',#3007);
#3007 = AXIS2_PLACEMENT_3D('',#3008,#3009,#3010);
#3008 = CARTESIAN_POINT('',(-1.464,1.204,0.));
#3009 = DIRECTION('',(0.,0.,-1.));
#3010 = DIRECTION('',(0.,1.,0.));
#3011 = ADVANCED_FACE('',(#3012),#3028,.T.);
#3012 = FACE_BOUND('',#3013,.T.);
#3013 = EDGE_LOOP('',(#3014,#3015,#3021,#3022));
#3014 = ORIENTED_EDGE('',*,*,#2993,.T.);
#3015 = ORIENTED_EDGE('',*,*,#3016,.F.);
#3016 = EDGE_CURVE('',#2936,#2986,#3017,.T.);
#3017 = LINE('',#3018,#3019);
#3018 = CARTESIAN_POINT('',(-1.499,0.696,0.162));
#3019 = VECTOR('',#3020,1.);
#3020 = DIRECTION('',(0.,0.,-1.));
#3021 = ORIENTED_EDGE('',*,*,#2935,.T.);
#3022 = ORIENTED_EDGE('',*,*,#3023,.F.);
#3023 = EDGE_CURVE('',#2994,#2938,#3024,.T.);
#3024 = LINE('',#3025,#3026);
#3025 = CARTESIAN_POINT('',(-1.499,1.204,0.));
#3026 = VECTOR('',#3027,1.);
#3027 = DIRECTION('',(0.,0.,1.));
#3028 = PLANE('',#3029);
#3029 = AXIS2_PLACEMENT_3D('',#3030,#3031,#3032);
#3030 = CARTESIAN_POINT('',(-1.499,1.204,0.));
#3031 = DIRECTION('',(-1.,0.,0.));
#3032 = DIRECTION('',(0.,0.,1.));
#3033 = ADVANCED_FACE('',(#3034),#3052,.T.);
#3034 = FACE_BOUND('',#3035,.T.);
#3035 = EDGE_LOOP('',(#3036,#3037,#3044,#3045));
#3036 = ORIENTED_EDGE('',*,*,#2802,.T.);
#3037 = ORIENTED_EDGE('',*,*,#3038,.F.);
#3038 = EDGE_CURVE('',#2874,#2795,#3039,.T.);
#3039 = CIRCLE('',#3040,0.32385);
#3040 = AXIS2_PLACEMENT_3D('',#3041,#3042,#3043);
#3041 = CARTESIAN_POINT('',(-0.886,1.204,0.603));
#3042 = DIRECTION('',(0.,1.,0.));
#3043 = DIRECTION('',(0.793107076684,-0.,0.609082231652));
#3044 = ORIENTED_EDGE('',*,*,#2873,.T.);
#3045 = ORIENTED_EDGE('',*,*,#3046,.F.);
#3046 = EDGE_CURVE('',#2803,#2866,#3047,.T.);
#3047 = CIRCLE('',#3048,0.32385);
#3048 = AXIS2_PLACEMENT_3D('',#3049,#3050,#3051);
#3049 = CARTESIAN_POINT('',(-0.886,0.696,0.603));
#3050 = DIRECTION('',(0.,-1.,0.));
#3051 = DIRECTION('',(-0.793107076684,-0.,-0.609082231652));
#3052 = CYLINDRICAL_SURFACE('',#3053,0.32385);
#3053 = AXIS2_PLACEMENT_3D('',#3054,#3055,#3056);
#3054 = CARTESIAN_POINT('',(-0.886,0.696,0.603));
#3055 = DIRECTION('',(0.,-1.,0.));
#3056 = DIRECTION('',(0.,0.,1.));
#3057 = ADVANCED_FACE('',(#3058),#3076,.F.);
#3058 = FACE_BOUND('',#3059,.F.);
#3059 = EDGE_LOOP('',(#3060,#3067,#3068,#3075));
#3060 = ORIENTED_EDGE('',*,*,#3061,.T.);
#3061 = EDGE_CURVE('',#2834,#2906,#3062,.T.);
#3062 = CIRCLE('',#3063,0.161925);
#3063 = AXIS2_PLACEMENT_3D('',#3064,#3065,#3066);
#3064 = CARTESIAN_POINT('',(-0.886,1.204,0.603));
#3065 = DIRECTION('',(0.,-1.,0.));
#3066 = DIRECTION('',(-0.793107076684,-0.,-0.609082231652));
#3067 = ORIENTED_EDGE('',*,*,#2913,.F.);
#3068 = ORIENTED_EDGE('',*,*,#3069,.T.);
#3069 = EDGE_CURVE('',#2914,#2826,#3070,.T.);
#3070 = CIRCLE('',#3071,0.161925);
#3071 = AXIS2_PLACEMENT_3D('',#3072,#3073,#3074);
#3072 = CARTESIAN_POINT('',(-0.886,0.696,0.603));
#3073 = DIRECTION('',(0.,1.,0.));
#3074 = DIRECTION('',(0.793107076684,-0.,0.609082231652));
#3075 = ORIENTED_EDGE('',*,*,#2833,.F.);
#3076 = CYLINDRICAL_SURFACE('',#3077,0.161925);
#3077 = AXIS2_PLACEMENT_3D('',#3078,#3079,#3080);
#3078 = CARTESIAN_POINT('',(-0.886,1.204,0.603));
#3079 = DIRECTION('',(0.,-1.,0.));
#3080 = DIRECTION('',(0.,0.,-1.));
#3081 = ADVANCED_FACE('',(#3082),#3100,.F.);
#3082 = FACE_BOUND('',#3083,.F.);
#3083 = EDGE_LOOP('',(#3084,#3091,#3092,#3099));
#3084 = ORIENTED_EDGE('',*,*,#3085,.T.);
#3085 = EDGE_CURVE('',#2954,#2858,#3086,.T.);
#3086 = CIRCLE('',#3087,0.161925);
#3087 = AXIS2_PLACEMENT_3D('',#3088,#3089,#3090);
#3088 = CARTESIAN_POINT('',(-1.464,1.204,0.324));
#3089 = DIRECTION('',(0.,-1.,0.));
#3090 = DIRECTION('',(0.793107076684,0.,0.609082231652));
#3091 = ORIENTED_EDGE('',*,*,#2855,.F.);
#3092 = ORIENTED_EDGE('',*,*,#3093,.T.);
#3093 = EDGE_CURVE('',#2856,#2946,#3094,.T.);
#3094 = CIRCLE('',#3095,0.161925);
#3095 = AXIS2_PLACEMENT_3D('',#3096,#3097,#3098);
#3096 = CARTESIAN_POINT('',(-1.464,0.696,0.324));
#3097 = DIRECTION('',(0.,1.,0.));
#3098 = DIRECTION('',(-0.793107076684,0.,-0.609082231652));
#3099 = ORIENTED_EDGE('',*,*,#2953,.F.);
#3100 = CYLINDRICAL_SURFACE('',#3101,0.161925);
#3101 = AXIS2_PLACEMENT_3D('',#3102,#3103,#3104);
#3102 = CARTESIAN_POINT('',(-1.464,1.204,0.324));
#3103 = DIRECTION('',(0.,-1.,0.));
#3104 = DIRECTION('',(0.,0.,1.));
#3105 = ADVANCED_FACE('',(#3106),#3124,.T.);
#3106 = FACE_BOUND('',#3107,.T.);
#3107 = EDGE_LOOP('',(#3108,#3109,#3116,#3117));
#3108 = ORIENTED_EDGE('',*,*,#2975,.T.);
#3109 = ORIENTED_EDGE('',*,*,#3110,.F.);
#3110 = EDGE_CURVE('',#2896,#2978,#3111,.T.);
#3111 = CIRCLE('',#3112,0.32385);
#3112 = AXIS2_PLACEMENT_3D('',#3113,#3114,#3115);
#3113 = CARTESIAN_POINT('',(-1.464,1.204,0.324));
#3114 = DIRECTION('',(0.,1.,0.));
#3115 = DIRECTION('',(-0.793107076684,0.,-0.609082231652));
#3116 = ORIENTED_EDGE('',*,*,#2895,.T.);
#3117 = ORIENTED_EDGE('',*,*,#3118,.F.);
#3118 = EDGE_CURVE('',#2976,#2898,#3119,.T.);
#3119 = CIRCLE('',#3120,0.32385);
#3120 = AXIS2_PLACEMENT_3D('',#3121,#3122,#3123);
#3121 = CARTESIAN_POINT('',(-1.464,0.696,0.324));
#3122 = DIRECTION('',(0.,-1.,0.));
#3123 = DIRECTION('',(0.793107076684,0.,0.609082231652));
#3124 = CYLINDRICAL_SURFACE('',#3125,0.32385);
#3125 = AXIS2_PLACEMENT_3D('',#3126,#3127,#3128);
#3126 = CARTESIAN_POINT('',(-1.464,1.204,0.324));
#3127 = DIRECTION('',(0.,-1.,0.));
#3128 = DIRECTION('',(0.,0.,-1.));
#3129 = ADVANCED_FACE('',(#3130),#3144,.T.);
#3130 = FACE_BOUND('',#3131,.T.);
#3131 = EDGE_LOOP('',(#3132,#3133,#3134,#3135,#3136,#3137,#3138,#3139,
    #3140,#3141,#3142,#3143));
#3132 = ORIENTED_EDGE('',*,*,#2794,.T.);
#3133 = ORIENTED_EDGE('',*,*,#2763,.T.);
#3134 = ORIENTED_EDGE('',*,*,#2841,.T.);
#3135 = ORIENTED_EDGE('',*,*,#3061,.T.);
#3136 = ORIENTED_EDGE('',*,*,#2905,.T.);
#3137 = ORIENTED_EDGE('',*,*,#3110,.T.);
#3138 = ORIENTED_EDGE('',*,*,#3001,.T.);
#3139 = ORIENTED_EDGE('',*,*,#3023,.T.);
#3140 = ORIENTED_EDGE('',*,*,#2961,.T.);
#3141 = ORIENTED_EDGE('',*,*,#3085,.T.);
#3142 = ORIENTED_EDGE('',*,*,#2881,.T.);
#3143 = ORIENTED_EDGE('',*,*,#3038,.T.);
#3144 = PLANE('',#3145);
#3145 = AXIS2_PLACEMENT_3D('',#3146,#3147,#3148);
#3146 = CARTESIAN_POINT('',(-0.851,1.204,0.765));
#3147 = DIRECTION('',(0.,1.,0.));
#3148 = DIRECTION('',(1.,0.,0.));
#3149 = ADVANCED_FACE('',(#3150),#3164,.T.);
#3150 = FACE_BOUND('',#3151,.T.);
#3151 = EDGE_LOOP('',(#3152,#3153,#3154,#3155,#3156,#3157,#3158,#3159,
    #3160,#3161,#3162,#3163));
#3152 = ORIENTED_EDGE('',*,*,#2825,.T.);
#3153 = ORIENTED_EDGE('',*,*,#2779,.T.);
#3154 = ORIENTED_EDGE('',*,*,#2810,.T.);
#3155 = ORIENTED_EDGE('',*,*,#3046,.T.);
#3156 = ORIENTED_EDGE('',*,*,#2865,.T.);
#3157 = ORIENTED_EDGE('',*,*,#3093,.T.);
#3158 = ORIENTED_EDGE('',*,*,#2945,.T.);
#3159 = ORIENTED_EDGE('',*,*,#3016,.T.);
#3160 = ORIENTED_EDGE('',*,*,#2985,.T.);
#3161 = ORIENTED_EDGE('',*,*,#3118,.T.);
#3162 = ORIENTED_EDGE('',*,*,#2921,.T.);
#3163 = ORIENTED_EDGE('',*,*,#3069,.T.);
#3164 = PLANE('',#3165);
#3165 = AXIS2_PLACEMENT_3D('',#3166,#3167,#3168);
#3166 = CARTESIAN_POINT('',(-1.464,0.696,0.162));
#3167 = DIRECTION('',(0.,-1.,0.));
#3168 = DIRECTION('',(1.,0.,0.));
#3169 = MANIFOLD_SOLID_BREP('',#3170);
#3170 = CLOSED_SHELL('',(#3171,#3211,#3242,#3273,#3313,#3353,#3393,#3433
    ,#3455,#3479,#3503,#3527,#3551,#3571));
#3171 = ADVANCED_FACE('',(#3172),#3206,.T.);
#3172 = FACE_BOUND('',#3173,.T.);
#3173 = EDGE_LOOP('',(#3174,#3184,#3192,#3200));
#3174 = ORIENTED_EDGE('',*,*,#3175,.F.);
#3175 = EDGE_CURVE('',#3176,#3178,#3180,.T.);
#3176 = VERTEX_POINT('',#3177);
#3177 = CARTESIAN_POINT('',(-0.851,0.254,0.765));
#3178 = VERTEX_POINT('',#3179);
#3179 = CARTESIAN_POINT('',(-0.851,-0.254,0.765));
#3180 = LINE('',#3181,#3182);
#3181 = CARTESIAN_POINT('',(-0.851,0.254,0.765));
#3182 = VECTOR('',#3183,1.);
#3183 = DIRECTION('',(0.,-1.,0.));
#3184 = ORIENTED_EDGE('',*,*,#3185,.F.);
#3185 = EDGE_CURVE('',#3186,#3176,#3188,.T.);
#3186 = VERTEX_POINT('',#3187);
#3187 = CARTESIAN_POINT('',(-0.851,0.254,0.927));
#3188 = LINE('',#3189,#3190);
#3189 = CARTESIAN_POINT('',(-0.851,0.254,0.927));
#3190 = VECTOR('',#3191,1.);
#3191 = DIRECTION('',(0.,0.,-1.));
#3192 = ORIENTED_EDGE('',*,*,#3193,.F.);
#3193 = EDGE_CURVE('',#3194,#3186,#3196,.T.);
#3194 = VERTEX_POINT('',#3195);
#3195 = CARTESIAN_POINT('',(-0.851,-0.254,0.927));
#3196 = LINE('',#3197,#3198);
#3197 = CARTESIAN_POINT('',(-0.851,-0.254,0.927));
#3198 = VECTOR('',#3199,1.);
#3199 = DIRECTION('',(0.,1.,0.));
#3200 = ORIENTED_EDGE('',*,*,#3201,.F.);
#3201 = EDGE_CURVE('',#3178,#3194,#3202,.T.);
#3202 = LINE('',#3203,#3204);
#3203 = CARTESIAN_POINT('',(-0.851,-0.254,0.765));
#3204 = VECTOR('',#3205,1.);
#3205 = DIRECTION('',(0.,0.,1.));
#3206 = PLANE('',#3207);
#3207 = AXIS2_PLACEMENT_3D('',#3208,#3209,#3210);
#3208 = CARTESIAN_POINT('',(-0.851,-0.254,0.765));
#3209 = DIRECTION('',(1.,0.,0.));
#3210 = DIRECTION('',(0.,0.,1.));
#3211 = ADVANCED_FACE('',(#3212),#3237,.T.);
#3212 = FACE_BOUND('',#3213,.T.);
#3213 = EDGE_LOOP('',(#3214,#3215,#3223,#3231));
#3214 = ORIENTED_EDGE('',*,*,#3193,.T.);
#3215 = ORIENTED_EDGE('',*,*,#3216,.F.);
#3216 = EDGE_CURVE('',#3217,#3186,#3219,.T.);
#3217 = VERTEX_POINT('',#3218);
#3218 = CARTESIAN_POINT('',(-0.886,0.254,0.927));
#3219 = LINE('',#3220,#3221);
#3220 = CARTESIAN_POINT('',(-0.886,0.254,0.927));
#3221 = VECTOR('',#3222,1.);
#3222 = DIRECTION('',(1.,0.,0.));
#3223 = ORIENTED_EDGE('',*,*,#3224,.F.);
#3224 = EDGE_CURVE('',#3225,#3217,#3227,.T.);
#3225 = VERTEX_POINT('',#3226);
#3226 = CARTESIAN_POINT('',(-0.886,-0.254,0.927));
#3227 = LINE('',#3228,#3229);
#3228 = CARTESIAN_POINT('',(-0.886,-0.254,0.927));
#3229 = VECTOR('',#3230,1.);
#3230 = DIRECTION('',(0.,1.,0.));
#3231 = ORIENTED_EDGE('',*,*,#3232,.F.);
#3232 = EDGE_CURVE('',#3194,#3225,#3233,.T.);
#3233 = LINE('',#3234,#3235);
#3234 = CARTESIAN_POINT('',(-0.851,-0.254,0.927));
#3235 = VECTOR('',#3236,1.);
#3236 = DIRECTION('',(-1.,0.,0.));
#3237 = PLANE('',#3238);
#3238 = AXIS2_PLACEMENT_3D('',#3239,#3240,#3241);
#3239 = CARTESIAN_POINT('',(-0.851,-0.254,0.927));
#3240 = DIRECTION('',(0.,0.,1.));
#3241 = DIRECTION('',(0.,1.,0.));
#3242 = ADVANCED_FACE('',(#3243),#3268,.T.);
#3243 = FACE_BOUND('',#3244,.T.);
#3244 = EDGE_LOOP('',(#3245,#3246,#3254,#3262));
#3245 = ORIENTED_EDGE('',*,*,#3175,.T.);
#3246 = ORIENTED_EDGE('',*,*,#3247,.F.);
#3247 = EDGE_CURVE('',#3248,#3178,#3250,.T.);
#3248 = VERTEX_POINT('',#3249);
#3249 = CARTESIAN_POINT('',(-0.886,-0.254,0.765));
#3250 = LINE('',#3251,#3252);
#3251 = CARTESIAN_POINT('',(-0.886,-0.254,0.765));
#3252 = VECTOR('',#3253,1.);
#3253 = DIRECTION('',(1.,0.,0.));
#3254 = ORIENTED_EDGE('',*,*,#3255,.F.);
#3255 = EDGE_CURVE('',#3256,#3248,#3258,.T.);
#3256 = VERTEX_POINT('',#3257);
#3257 = CARTESIAN_POINT('',(-0.886,0.254,0.765));
#3258 = LINE('',#3259,#3260);
#3259 = CARTESIAN_POINT('',(-0.886,0.254,0.765));
#3260 = VECTOR('',#3261,1.);
#3261 = DIRECTION('',(0.,-1.,0.));
#3262 = ORIENTED_EDGE('',*,*,#3263,.F.);
#3263 = EDGE_CURVE('',#3176,#3256,#3264,.T.);
#3264 = LINE('',#3265,#3266);
#3265 = CARTESIAN_POINT('',(-0.851,0.254,0.765));
#3266 = VECTOR('',#3267,1.);
#3267 = DIRECTION('',(-1.,0.,0.));
#3268 = PLANE('',#3269);
#3269 = AXIS2_PLACEMENT_3D('',#3270,#3271,#3272);
#3270 = CARTESIAN_POINT('',(-0.851,0.254,0.765));
#3271 = DIRECTION('',(0.,0.,-1.));
#3272 = DIRECTION('',(0.,1.,0.));
#3273 = ADVANCED_FACE('',(#3274),#3308,.T.);
#3274 = FACE_BOUND('',#3275,.T.);
#3275 = EDGE_LOOP('',(#3276,#3286,#3294,#3302));
#3276 = ORIENTED_EDGE('',*,*,#3277,.F.);
#3277 = EDGE_CURVE('',#3278,#3280,#3282,.T.);
#3278 = VERTEX_POINT('',#3279);
#3279 = CARTESIAN_POINT('',(-1.307,-0.254,0.282));
#3280 = VERTEX_POINT('',#3281);
#3281 = CARTESIAN_POINT('',(-1.307,0.254,0.282));
#3282 = LINE('',#3283,#3284);
#3283 = CARTESIAN_POINT('',(-1.307,-0.254,0.282));
#3284 = VECTOR('',#3285,1.);
#3285 = DIRECTION('',(0.,1.,0.));
#3286 = ORIENTED_EDGE('',*,*,#3287,.F.);
#3287 = EDGE_CURVE('',#3288,#3278,#3290,.T.);
#3288 = VERTEX_POINT('',#3289);
#3289 = CARTESIAN_POINT('',(-1.199,-0.254,0.687));
#3290 = LINE('',#3291,#3292);
#3291 = CARTESIAN_POINT('',(-1.199,-0.254,0.687));
#3292 = VECTOR('',#3293,1.);
#3293 = DIRECTION('',(-0.258969313954,0.,-0.965885549343));
#3294 = ORIENTED_EDGE('',*,*,#3295,.F.);
#3295 = EDGE_CURVE('',#3296,#3288,#3298,.T.);
#3296 = VERTEX_POINT('',#3297);
#3297 = CARTESIAN_POINT('',(-1.199,0.254,0.687));
#3298 = LINE('',#3299,#3300);
#3299 = CARTESIAN_POINT('',(-1.199,0.254,0.687));
#3300 = VECTOR('',#3301,1.);
#3301 = DIRECTION('',(0.,-1.,0.));
#3302 = ORIENTED_EDGE('',*,*,#3303,.F.);
#3303 = EDGE_CURVE('',#3280,#3296,#3304,.T.);
#3304 = LINE('',#3305,#3306);
#3305 = CARTESIAN_POINT('',(-1.307,0.254,0.282));
#3306 = VECTOR('',#3307,1.);
#3307 = DIRECTION('',(0.258969313954,0.,0.965885549343));
#3308 = PLANE('',#3309);
#3309 = AXIS2_PLACEMENT_3D('',#3310,#3311,#3312);
#3310 = CARTESIAN_POINT('',(-1.307,0.254,0.282));
#3311 = DIRECTION('',(-0.965885549343,0.,0.258969313954));
#3312 = DIRECTION('',(0.258969313954,0.,0.965885549343));
#3313 = ADVANCED_FACE('',(#3314),#3348,.T.);
#3314 = FACE_BOUND('',#3315,.T.);
#3315 = EDGE_LOOP('',(#3316,#3326,#3334,#3342));
#3316 = ORIENTED_EDGE('',*,*,#3317,.F.);
#3317 = EDGE_CURVE('',#3318,#3320,#3322,.T.);
#3318 = VERTEX_POINT('',#3319);
#3319 = CARTESIAN_POINT('',(-1.151,0.254,0.24));
#3320 = VERTEX_POINT('',#3321);
#3321 = CARTESIAN_POINT('',(-1.151,-0.254,0.24));
#3322 = LINE('',#3323,#3324);
#3323 = CARTESIAN_POINT('',(-1.151,0.254,0.24));
#3324 = VECTOR('',#3325,1.);
#3325 = DIRECTION('',(0.,-1.,0.));
#3326 = ORIENTED_EDGE('',*,*,#3327,.F.);
#3327 = EDGE_CURVE('',#3328,#3318,#3330,.T.);
#3328 = VERTEX_POINT('',#3329);
#3329 = CARTESIAN_POINT('',(-1.042,0.254,0.645));
#3330 = LINE('',#3331,#3332);
#3331 = CARTESIAN_POINT('',(-1.042,0.254,0.645));
#3332 = VECTOR('',#3333,1.);
#3333 = DIRECTION('',(-0.258969313954,0.,-0.965885549343));
#3334 = ORIENTED_EDGE('',*,*,#3335,.F.);
#3335 = EDGE_CURVE('',#3336,#3328,#3338,.T.);
#3336 = VERTEX_POINT('',#3337);
#3337 = CARTESIAN_POINT('',(-1.042,-0.254,0.645));
#3338 = LINE('',#3339,#3340);
#3339 = CARTESIAN_POINT('',(-1.042,-0.254,0.645));
#3340 = VECTOR('',#3341,1.);
#3341 = DIRECTION('',(0.,1.,0.));
#3342 = ORIENTED_EDGE('',*,*,#3343,.F.);
#3343 = EDGE_CURVE('',#3320,#3336,#3344,.T.);
#3344 = LINE('',#3345,#3346);
#3345 = CARTESIAN_POINT('',(-1.151,-0.254,0.24));
#3346 = VECTOR('',#3347,1.);
#3347 = DIRECTION('',(0.258969313954,0.,0.965885549343));
#3348 = PLANE('',#3349);
#3349 = AXIS2_PLACEMENT_3D('',#3350,#3351,#3352);
#3350 = CARTESIAN_POINT('',(-1.151,-0.254,0.24));
#3351 = DIRECTION('',(0.965885549343,0.,-0.258969313954));
#3352 = DIRECTION('',(0.258969313954,0.,0.965885549343));
#3353 = ADVANCED_FACE('',(#3354),#3388,.T.);
#3354 = FACE_BOUND('',#3355,.T.);
#3355 = EDGE_LOOP('',(#3356,#3366,#3374,#3382));
#3356 = ORIENTED_EDGE('',*,*,#3357,.F.);
#3357 = EDGE_CURVE('',#3358,#3360,#3362,.T.);
#3358 = VERTEX_POINT('',#3359);
#3359 = CARTESIAN_POINT('',(-1.499,-0.254,0.162));
#3360 = VERTEX_POINT('',#3361);
#3361 = CARTESIAN_POINT('',(-1.499,0.254,0.162));
#3362 = LINE('',#3363,#3364);
#3363 = CARTESIAN_POINT('',(-1.499,-0.254,0.162));
#3364 = VECTOR('',#3365,1.);
#3365 = DIRECTION('',(0.,1.,0.));
#3366 = ORIENTED_EDGE('',*,*,#3367,.F.);
#3367 = EDGE_CURVE('',#3368,#3358,#3370,.T.);
#3368 = VERTEX_POINT('',#3369);
#3369 = CARTESIAN_POINT('',(-1.464,-0.254,0.162));
#3370 = LINE('',#3371,#3372);
#3371 = CARTESIAN_POINT('',(-1.464,-0.254,0.162));
#3372 = VECTOR('',#3373,1.);
#3373 = DIRECTION('',(-1.,0.,0.));
#3374 = ORIENTED_EDGE('',*,*,#3375,.F.);
#3375 = EDGE_CURVE('',#3376,#3368,#3378,.T.);
#3376 = VERTEX_POINT('',#3377);
#3377 = CARTESIAN_POINT('',(-1.464,0.254,0.162));
#3378 = LINE('',#3379,#3380);
#3379 = CARTESIAN_POINT('',(-1.464,0.254,0.162));
#3380 = VECTOR('',#3381,1.);
#3381 = DIRECTION('',(0.,-1.,0.));
#3382 = ORIENTED_EDGE('',*,*,#3383,.F.);
#3383 = EDGE_CURVE('',#3360,#3376,#3384,.T.);
#3384 = LINE('',#3385,#3386);
#3385 = CARTESIAN_POINT('',(-1.499,0.254,0.162));
#3386 = VECTOR('',#3387,1.);
#3387 = DIRECTION('',(1.,0.,0.));
#3388 = PLANE('',#3389);
#3389 = AXIS2_PLACEMENT_3D('',#3390,#3391,#3392);
#3390 = CARTESIAN_POINT('',(-1.499,0.254,0.162));
#3391 = DIRECTION('',(0.,0.,1.));
#3392 = DIRECTION('',(0.,1.,0.));
#3393 = ADVANCED_FACE('',(#3394),#3428,.T.);
#3394 = FACE_BOUND('',#3395,.T.);
#3395 = EDGE_LOOP('',(#3396,#3406,#3414,#3422));
#3396 = ORIENTED_EDGE('',*,*,#3397,.F.);
#3397 = EDGE_CURVE('',#3398,#3400,#3402,.T.);
#3398 = VERTEX_POINT('',#3399);
#3399 = CARTESIAN_POINT('',(-1.464,-0.254,0.));
#3400 = VERTEX_POINT('',#3401);
#3401 = CARTESIAN_POINT('',(-1.464,0.254,0.));
#3402 = LINE('',#3403,#3404);
#3403 = CARTESIAN_POINT('',(-1.464,-0.254,0.));
#3404 = VECTOR('',#3405,1.);
#3405 = DIRECTION('',(0.,1.,0.));
#3406 = ORIENTED_EDGE('',*,*,#3407,.F.);
#3407 = EDGE_CURVE('',#3408,#3398,#3410,.T.);
#3408 = VERTEX_POINT('',#3409);
#3409 = CARTESIAN_POINT('',(-1.499,-0.254,0.));
#3410 = LINE('',#3411,#3412);
#3411 = CARTESIAN_POINT('',(-1.499,-0.254,0.));
#3412 = VECTOR('',#3413,1.);
#3413 = DIRECTION('',(1.,0.,0.));
#3414 = ORIENTED_EDGE('',*,*,#3415,.F.);
#3415 = EDGE_CURVE('',#3416,#3408,#3418,.T.);
#3416 = VERTEX_POINT('',#3417);
#3417 = CARTESIAN_POINT('',(-1.499,0.254,0.));
#3418 = LINE('',#3419,#3420);
#3419 = CARTESIAN_POINT('',(-1.499,0.254,0.));
#3420 = VECTOR('',#3421,1.);
#3421 = DIRECTION('',(0.,-1.,0.));
#3422 = ORIENTED_EDGE('',*,*,#3423,.F.);
#3423 = EDGE_CURVE('',#3400,#3416,#3424,.T.);
#3424 = LINE('',#3425,#3426);
#3425 = CARTESIAN_POINT('',(-1.464,0.254,0.));
#3426 = VECTOR('',#3427,1.);
#3427 = DIRECTION('',(-1.,0.,0.));
#3428 = PLANE('',#3429);
#3429 = AXIS2_PLACEMENT_3D('',#3430,#3431,#3432);
#3430 = CARTESIAN_POINT('',(-1.464,0.254,0.));
#3431 = DIRECTION('',(0.,0.,-1.));
#3432 = DIRECTION('',(0.,1.,0.));
#3433 = ADVANCED_FACE('',(#3434),#3450,.T.);
#3434 = FACE_BOUND('',#3435,.T.);
#3435 = EDGE_LOOP('',(#3436,#3437,#3443,#3444));
#3436 = ORIENTED_EDGE('',*,*,#3415,.T.);
#3437 = ORIENTED_EDGE('',*,*,#3438,.F.);
#3438 = EDGE_CURVE('',#3358,#3408,#3439,.T.);
#3439 = LINE('',#3440,#3441);
#3440 = CARTESIAN_POINT('',(-1.499,-0.254,0.162));
#3441 = VECTOR('',#3442,1.);
#3442 = DIRECTION('',(0.,0.,-1.));
#3443 = ORIENTED_EDGE('',*,*,#3357,.T.);
#3444 = ORIENTED_EDGE('',*,*,#3445,.F.);
#3445 = EDGE_CURVE('',#3416,#3360,#3446,.T.);
#3446 = LINE('',#3447,#3448);
#3447 = CARTESIAN_POINT('',(-1.499,0.254,0.));
#3448 = VECTOR('',#3449,1.);
#3449 = DIRECTION('',(0.,0.,1.));
#3450 = PLANE('',#3451);
#3451 = AXIS2_PLACEMENT_3D('',#3452,#3453,#3454);
#3452 = CARTESIAN_POINT('',(-1.499,0.254,0.));
#3453 = DIRECTION('',(-1.,0.,0.));
#3454 = DIRECTION('',(0.,0.,1.));
#3455 = ADVANCED_FACE('',(#3456),#3474,.T.);
#3456 = FACE_BOUND('',#3457,.T.);
#3457 = EDGE_LOOP('',(#3458,#3459,#3466,#3467));
#3458 = ORIENTED_EDGE('',*,*,#3224,.T.);
#3459 = ORIENTED_EDGE('',*,*,#3460,.F.);
#3460 = EDGE_CURVE('',#3296,#3217,#3461,.T.);
#3461 = CIRCLE('',#3462,0.32385);
#3462 = AXIS2_PLACEMENT_3D('',#3463,#3464,#3465);
#3463 = CARTESIAN_POINT('',(-0.886,0.254,0.603));
#3464 = DIRECTION('',(0.,1.,0.));
#3465 = DIRECTION('',(0.793107076684,-0.,0.609082231652));
#3466 = ORIENTED_EDGE('',*,*,#3295,.T.);
#3467 = ORIENTED_EDGE('',*,*,#3468,.F.);
#3468 = EDGE_CURVE('',#3225,#3288,#3469,.T.);
#3469 = CIRCLE('',#3470,0.32385);
#3470 = AXIS2_PLACEMENT_3D('',#3471,#3472,#3473);
#3471 = CARTESIAN_POINT('',(-0.886,-0.254,0.603));
#3472 = DIRECTION('',(0.,-1.,0.));
#3473 = DIRECTION('',(-0.793107076684,-0.,-0.609082231652));
#3474 = CYLINDRICAL_SURFACE('',#3475,0.32385);
#3475 = AXIS2_PLACEMENT_3D('',#3476,#3477,#3478);
#3476 = CARTESIAN_POINT('',(-0.886,-0.254,0.603));
#3477 = DIRECTION('',(0.,-1.,0.));
#3478 = DIRECTION('',(0.,0.,1.));
#3479 = ADVANCED_FACE('',(#3480),#3498,.F.);
#3480 = FACE_BOUND('',#3481,.F.);
#3481 = EDGE_LOOP('',(#3482,#3489,#3490,#3497));
#3482 = ORIENTED_EDGE('',*,*,#3483,.T.);
#3483 = EDGE_CURVE('',#3256,#3328,#3484,.T.);
#3484 = CIRCLE('',#3485,0.161925);
#3485 = AXIS2_PLACEMENT_3D('',#3486,#3487,#3488);
#3486 = CARTESIAN_POINT('',(-0.886,0.254,0.603));
#3487 = DIRECTION('',(0.,-1.,0.));
#3488 = DIRECTION('',(-0.793107076684,-0.,-0.609082231652));
#3489 = ORIENTED_EDGE('',*,*,#3335,.F.);
#3490 = ORIENTED_EDGE('',*,*,#3491,.T.);
#3491 = EDGE_CURVE('',#3336,#3248,#3492,.T.);
#3492 = CIRCLE('',#3493,0.161925);
#3493 = AXIS2_PLACEMENT_3D('',#3494,#3495,#3496);
#3494 = CARTESIAN_POINT('',(-0.886,-0.254,0.603));
#3495 = DIRECTION('',(0.,1.,0.));
#3496 = DIRECTION('',(0.793107076684,-0.,0.609082231652));
#3497 = ORIENTED_EDGE('',*,*,#3255,.F.);
#3498 = CYLINDRICAL_SURFACE('',#3499,0.161925);
#3499 = AXIS2_PLACEMENT_3D('',#3500,#3501,#3502);
#3500 = CARTESIAN_POINT('',(-0.886,0.254,0.603));
#3501 = DIRECTION('',(0.,-1.,0.));
#3502 = DIRECTION('',(0.,0.,-1.));
#3503 = ADVANCED_FACE('',(#3504),#3522,.F.);
#3504 = FACE_BOUND('',#3505,.F.);
#3505 = EDGE_LOOP('',(#3506,#3513,#3514,#3521));
#3506 = ORIENTED_EDGE('',*,*,#3507,.T.);
#3507 = EDGE_CURVE('',#3376,#3280,#3508,.T.);
#3508 = CIRCLE('',#3509,0.161925);
#3509 = AXIS2_PLACEMENT_3D('',#3510,#3511,#3512);
#3510 = CARTESIAN_POINT('',(-1.464,0.254,0.324));
#3511 = DIRECTION('',(0.,-1.,0.));
#3512 = DIRECTION('',(0.793107076684,0.,0.609082231652));
#3513 = ORIENTED_EDGE('',*,*,#3277,.F.);
#3514 = ORIENTED_EDGE('',*,*,#3515,.T.);
#3515 = EDGE_CURVE('',#3278,#3368,#3516,.T.);
#3516 = CIRCLE('',#3517,0.161925);
#3517 = AXIS2_PLACEMENT_3D('',#3518,#3519,#3520);
#3518 = CARTESIAN_POINT('',(-1.464,-0.254,0.324));
#3519 = DIRECTION('',(0.,1.,0.));
#3520 = DIRECTION('',(-0.793107076684,0.,-0.609082231652));
#3521 = ORIENTED_EDGE('',*,*,#3375,.F.);
#3522 = CYLINDRICAL_SURFACE('',#3523,0.161925);
#3523 = AXIS2_PLACEMENT_3D('',#3524,#3525,#3526);
#3524 = CARTESIAN_POINT('',(-1.464,0.254,0.324));
#3525 = DIRECTION('',(0.,-1.,0.));
#3526 = DIRECTION('',(0.,0.,1.));
#3527 = ADVANCED_FACE('',(#3528),#3546,.T.);
#3528 = FACE_BOUND('',#3529,.T.);
#3529 = EDGE_LOOP('',(#3530,#3531,#3538,#3539));
#3530 = ORIENTED_EDGE('',*,*,#3397,.T.);
#3531 = ORIENTED_EDGE('',*,*,#3532,.F.);
#3532 = EDGE_CURVE('',#3318,#3400,#3533,.T.);
#3533 = CIRCLE('',#3534,0.32385);
#3534 = AXIS2_PLACEMENT_3D('',#3535,#3536,#3537);
#3535 = CARTESIAN_POINT('',(-1.464,0.254,0.324));
#3536 = DIRECTION('',(0.,1.,0.));
#3537 = DIRECTION('',(-0.793107076684,0.,-0.609082231652));
#3538 = ORIENTED_EDGE('',*,*,#3317,.T.);
#3539 = ORIENTED_EDGE('',*,*,#3540,.F.);
#3540 = EDGE_CURVE('',#3398,#3320,#3541,.T.);
#3541 = CIRCLE('',#3542,0.32385);
#3542 = AXIS2_PLACEMENT_3D('',#3543,#3544,#3545);
#3543 = CARTESIAN_POINT('',(-1.464,-0.254,0.324));
#3544 = DIRECTION('',(0.,-1.,0.));
#3545 = DIRECTION('',(0.793107076684,0.,0.609082231652));
#3546 = CYLINDRICAL_SURFACE('',#3547,0.32385);
#3547 = AXIS2_PLACEMENT_3D('',#3548,#3549,#3550);
#3548 = CARTESIAN_POINT('',(-1.464,0.254,0.324));
#3549 = DIRECTION('',(0.,-1.,0.));
#3550 = DIRECTION('',(0.,0.,-1.));
#3551 = ADVANCED_FACE('',(#3552),#3566,.T.);
#3552 = FACE_BOUND('',#3553,.T.);
#3553 = EDGE_LOOP('',(#3554,#3555,#3556,#3557,#3558,#3559,#3560,#3561,
    #3562,#3563,#3564,#3565));
#3554 = ORIENTED_EDGE('',*,*,#3216,.T.);
#3555 = ORIENTED_EDGE('',*,*,#3185,.T.);
#3556 = ORIENTED_EDGE('',*,*,#3263,.T.);
#3557 = ORIENTED_EDGE('',*,*,#3483,.T.);
#3558 = ORIENTED_EDGE('',*,*,#3327,.T.);
#3559 = ORIENTED_EDGE('',*,*,#3532,.T.);
#3560 = ORIENTED_EDGE('',*,*,#3423,.T.);
#3561 = ORIENTED_EDGE('',*,*,#3445,.T.);
#3562 = ORIENTED_EDGE('',*,*,#3383,.T.);
#3563 = ORIENTED_EDGE('',*,*,#3507,.T.);
#3564 = ORIENTED_EDGE('',*,*,#3303,.T.);
#3565 = ORIENTED_EDGE('',*,*,#3460,.T.);
#3566 = PLANE('',#3567);
#3567 = AXIS2_PLACEMENT_3D('',#3568,#3569,#3570);
#3568 = CARTESIAN_POINT('',(-0.851,0.254,0.765));
#3569 = DIRECTION('',(0.,1.,0.));
#3570 = DIRECTION('',(1.,0.,0.));
#3571 = ADVANCED_FACE('',(#3572),#3586,.T.);
#3572 = FACE_BOUND('',#3573,.T.);
#3573 = EDGE_LOOP('',(#3574,#3575,#3576,#3577,#3578,#3579,#3580,#3581,
    #3582,#3583,#3584,#3585));
#3574 = ORIENTED_EDGE('',*,*,#3247,.T.);
#3575 = ORIENTED_EDGE('',*,*,#3201,.T.);
#3576 = ORIENTED_EDGE('',*,*,#3232,.T.);
#3577 = ORIENTED_EDGE('',*,*,#3468,.T.);
#3578 = ORIENTED_EDGE('',*,*,#3287,.T.);
#3579 = ORIENTED_EDGE('',*,*,#3515,.T.);
#3580 = ORIENTED_EDGE('',*,*,#3367,.T.);
#3581 = ORIENTED_EDGE('',*,*,#3438,.T.);
#3582 = ORIENTED_EDGE('',*,*,#3407,.T.);
#3583 = ORIENTED_EDGE('',*,*,#3540,.T.);
#3584 = ORIENTED_EDGE('',*,*,#3343,.T.);
#3585 = ORIENTED_EDGE('',*,*,#3491,.T.);
#3586 = PLANE('',#3587);
#3587 = AXIS2_PLACEMENT_3D('',#3588,#3589,#3590);
#3588 = CARTESIAN_POINT('',(-1.464,-0.254,0.162));
#3589 = DIRECTION('',(0.,-1.,0.));
#3590 = DIRECTION('',(1.,0.,0.));
#3591 = MANIFOLD_SOLID_BREP('',#3592);
#3592 = CLOSED_SHELL('',(#3593,#3633,#3664,#3695,#3735,#3775,#3815,#3855
    ,#3877,#3901,#3925,#3949,#3973,#3993));
#3593 = ADVANCED_FACE('',(#3594),#3628,.T.);
#3594 = FACE_BOUND('',#3595,.T.);
#3595 = EDGE_LOOP('',(#3596,#3606,#3614,#3622));
#3596 = ORIENTED_EDGE('',*,*,#3597,.F.);
#3597 = EDGE_CURVE('',#3598,#3600,#3602,.T.);
#3598 = VERTEX_POINT('',#3599);
#3599 = CARTESIAN_POINT('',(-0.851,-0.696,0.765));
#3600 = VERTEX_POINT('',#3601);
#3601 = CARTESIAN_POINT('',(-0.851,-1.204,0.765));
#3602 = LINE('',#3603,#3604);
#3603 = CARTESIAN_POINT('',(-0.851,-0.696,0.765));
#3604 = VECTOR('',#3605,1.);
#3605 = DIRECTION('',(0.,-1.,0.));
#3606 = ORIENTED_EDGE('',*,*,#3607,.F.);
#3607 = EDGE_CURVE('',#3608,#3598,#3610,.T.);
#3608 = VERTEX_POINT('',#3609);
#3609 = CARTESIAN_POINT('',(-0.851,-0.696,0.927));
#3610 = LINE('',#3611,#3612);
#3611 = CARTESIAN_POINT('',(-0.851,-0.696,0.927));
#3612 = VECTOR('',#3613,1.);
#3613 = DIRECTION('',(0.,0.,-1.));
#3614 = ORIENTED_EDGE('',*,*,#3615,.F.);
#3615 = EDGE_CURVE('',#3616,#3608,#3618,.T.);
#3616 = VERTEX_POINT('',#3617);
#3617 = CARTESIAN_POINT('',(-0.851,-1.204,0.927));
#3618 = LINE('',#3619,#3620);
#3619 = CARTESIAN_POINT('',(-0.851,-1.204,0.927));
#3620 = VECTOR('',#3621,1.);
#3621 = DIRECTION('',(0.,1.,0.));
#3622 = ORIENTED_EDGE('',*,*,#3623,.F.);
#3623 = EDGE_CURVE('',#3600,#3616,#3624,.T.);
#3624 = LINE('',#3625,#3626);
#3625 = CARTESIAN_POINT('',(-0.851,-1.204,0.765));
#3626 = VECTOR('',#3627,1.);
#3627 = DIRECTION('',(0.,0.,1.));
#3628 = PLANE('',#3629);
#3629 = AXIS2_PLACEMENT_3D('',#3630,#3631,#3632);
#3630 = CARTESIAN_POINT('',(-0.851,-1.204,0.765));
#3631 = DIRECTION('',(1.,0.,0.));
#3632 = DIRECTION('',(0.,0.,1.));
#3633 = ADVANCED_FACE('',(#3634),#3659,.T.);
#3634 = FACE_BOUND('',#3635,.T.);
#3635 = EDGE_LOOP('',(#3636,#3637,#3645,#3653));
#3636 = ORIENTED_EDGE('',*,*,#3615,.T.);
#3637 = ORIENTED_EDGE('',*,*,#3638,.F.);
#3638 = EDGE_CURVE('',#3639,#3608,#3641,.T.);
#3639 = VERTEX_POINT('',#3640);
#3640 = CARTESIAN_POINT('',(-0.886,-0.696,0.927));
#3641 = LINE('',#3642,#3643);
#3642 = CARTESIAN_POINT('',(-0.886,-0.696,0.927));
#3643 = VECTOR('',#3644,1.);
#3644 = DIRECTION('',(1.,0.,0.));
#3645 = ORIENTED_EDGE('',*,*,#3646,.F.);
#3646 = EDGE_CURVE('',#3647,#3639,#3649,.T.);
#3647 = VERTEX_POINT('',#3648);
#3648 = CARTESIAN_POINT('',(-0.886,-1.204,0.927));
#3649 = LINE('',#3650,#3651);
#3650 = CARTESIAN_POINT('',(-0.886,-1.204,0.927));
#3651 = VECTOR('',#3652,1.);
#3652 = DIRECTION('',(0.,1.,0.));
#3653 = ORIENTED_EDGE('',*,*,#3654,.F.);
#3654 = EDGE_CURVE('',#3616,#3647,#3655,.T.);
#3655 = LINE('',#3656,#3657);
#3656 = CARTESIAN_POINT('',(-0.851,-1.204,0.927));
#3657 = VECTOR('',#3658,1.);
#3658 = DIRECTION('',(-1.,0.,0.));
#3659 = PLANE('',#3660);
#3660 = AXIS2_PLACEMENT_3D('',#3661,#3662,#3663);
#3661 = CARTESIAN_POINT('',(-0.851,-1.204,0.927));
#3662 = DIRECTION('',(0.,0.,1.));
#3663 = DIRECTION('',(0.,1.,0.));
#3664 = ADVANCED_FACE('',(#3665),#3690,.T.);
#3665 = FACE_BOUND('',#3666,.T.);
#3666 = EDGE_LOOP('',(#3667,#3668,#3676,#3684));
#3667 = ORIENTED_EDGE('',*,*,#3597,.T.);
#3668 = ORIENTED_EDGE('',*,*,#3669,.F.);
#3669 = EDGE_CURVE('',#3670,#3600,#3672,.T.);
#3670 = VERTEX_POINT('',#3671);
#3671 = CARTESIAN_POINT('',(-0.886,-1.204,0.765));
#3672 = LINE('',#3673,#3674);
#3673 = CARTESIAN_POINT('',(-0.886,-1.204,0.765));
#3674 = VECTOR('',#3675,1.);
#3675 = DIRECTION('',(1.,0.,0.));
#3676 = ORIENTED_EDGE('',*,*,#3677,.F.);
#3677 = EDGE_CURVE('',#3678,#3670,#3680,.T.);
#3678 = VERTEX_POINT('',#3679);
#3679 = CARTESIAN_POINT('',(-0.886,-0.696,0.765));
#3680 = LINE('',#3681,#3682);
#3681 = CARTESIAN_POINT('',(-0.886,-0.696,0.765));
#3682 = VECTOR('',#3683,1.);
#3683 = DIRECTION('',(0.,-1.,0.));
#3684 = ORIENTED_EDGE('',*,*,#3685,.F.);
#3685 = EDGE_CURVE('',#3598,#3678,#3686,.T.);
#3686 = LINE('',#3687,#3688);
#3687 = CARTESIAN_POINT('',(-0.851,-0.696,0.765));
#3688 = VECTOR('',#3689,1.);
#3689 = DIRECTION('',(-1.,0.,0.));
#3690 = PLANE('',#3691);
#3691 = AXIS2_PLACEMENT_3D('',#3692,#3693,#3694);
#3692 = CARTESIAN_POINT('',(-0.851,-0.696,0.765));
#3693 = DIRECTION('',(0.,0.,-1.));
#3694 = DIRECTION('',(0.,1.,0.));
#3695 = ADVANCED_FACE('',(#3696),#3730,.T.);
#3696 = FACE_BOUND('',#3697,.T.);
#3697 = EDGE_LOOP('',(#3698,#3708,#3716,#3724));
#3698 = ORIENTED_EDGE('',*,*,#3699,.F.);
#3699 = EDGE_CURVE('',#3700,#3702,#3704,.T.);
#3700 = VERTEX_POINT('',#3701);
#3701 = CARTESIAN_POINT('',(-1.307,-1.204,0.282));
#3702 = VERTEX_POINT('',#3703);
#3703 = CARTESIAN_POINT('',(-1.307,-0.696,0.282));
#3704 = LINE('',#3705,#3706);
#3705 = CARTESIAN_POINT('',(-1.307,-1.204,0.282));
#3706 = VECTOR('',#3707,1.);
#3707 = DIRECTION('',(0.,1.,0.));
#3708 = ORIENTED_EDGE('',*,*,#3709,.F.);
#3709 = EDGE_CURVE('',#3710,#3700,#3712,.T.);
#3710 = VERTEX_POINT('',#3711);
#3711 = CARTESIAN_POINT('',(-1.199,-1.204,0.687));
#3712 = LINE('',#3713,#3714);
#3713 = CARTESIAN_POINT('',(-1.199,-1.204,0.687));
#3714 = VECTOR('',#3715,1.);
#3715 = DIRECTION('',(-0.258969313954,0.,-0.965885549343));
#3716 = ORIENTED_EDGE('',*,*,#3717,.F.);
#3717 = EDGE_CURVE('',#3718,#3710,#3720,.T.);
#3718 = VERTEX_POINT('',#3719);
#3719 = CARTESIAN_POINT('',(-1.199,-0.696,0.687));
#3720 = LINE('',#3721,#3722);
#3721 = CARTESIAN_POINT('',(-1.199,-0.696,0.687));
#3722 = VECTOR('',#3723,1.);
#3723 = DIRECTION('',(0.,-1.,0.));
#3724 = ORIENTED_EDGE('',*,*,#3725,.F.);
#3725 = EDGE_CURVE('',#3702,#3718,#3726,.T.);
#3726 = LINE('',#3727,#3728);
#3727 = CARTESIAN_POINT('',(-1.307,-0.696,0.282));
#3728 = VECTOR('',#3729,1.);
#3729 = DIRECTION('',(0.258969313954,0.,0.965885549343));
#3730 = PLANE('',#3731);
#3731 = AXIS2_PLACEMENT_3D('',#3732,#3733,#3734);
#3732 = CARTESIAN_POINT('',(-1.307,-0.696,0.282));
#3733 = DIRECTION('',(-0.965885549343,0.,0.258969313954));
#3734 = DIRECTION('',(0.258969313954,0.,0.965885549343));
#3735 = ADVANCED_FACE('',(#3736),#3770,.T.);
#3736 = FACE_BOUND('',#3737,.T.);
#3737 = EDGE_LOOP('',(#3738,#3748,#3756,#3764));
#3738 = ORIENTED_EDGE('',*,*,#3739,.F.);
#3739 = EDGE_CURVE('',#3740,#3742,#3744,.T.);
#3740 = VERTEX_POINT('',#3741);
#3741 = CARTESIAN_POINT('',(-1.151,-0.696,0.24));
#3742 = VERTEX_POINT('',#3743);
#3743 = CARTESIAN_POINT('',(-1.151,-1.204,0.24));
#3744 = LINE('',#3745,#3746);
#3745 = CARTESIAN_POINT('',(-1.151,-0.696,0.24));
#3746 = VECTOR('',#3747,1.);
#3747 = DIRECTION('',(0.,-1.,0.));
#3748 = ORIENTED_EDGE('',*,*,#3749,.F.);
#3749 = EDGE_CURVE('',#3750,#3740,#3752,.T.);
#3750 = VERTEX_POINT('',#3751);
#3751 = CARTESIAN_POINT('',(-1.042,-0.696,0.645));
#3752 = LINE('',#3753,#3754);
#3753 = CARTESIAN_POINT('',(-1.042,-0.696,0.645));
#3754 = VECTOR('',#3755,1.);
#3755 = DIRECTION('',(-0.258969313954,0.,-0.965885549343));
#3756 = ORIENTED_EDGE('',*,*,#3757,.F.);
#3757 = EDGE_CURVE('',#3758,#3750,#3760,.T.);
#3758 = VERTEX_POINT('',#3759);
#3759 = CARTESIAN_POINT('',(-1.042,-1.204,0.645));
#3760 = LINE('',#3761,#3762);
#3761 = CARTESIAN_POINT('',(-1.042,-1.204,0.645));
#3762 = VECTOR('',#3763,1.);
#3763 = DIRECTION('',(0.,1.,0.));
#3764 = ORIENTED_EDGE('',*,*,#3765,.F.);
#3765 = EDGE_CURVE('',#3742,#3758,#3766,.T.);
#3766 = LINE('',#3767,#3768);
#3767 = CARTESIAN_POINT('',(-1.151,-1.204,0.24));
#3768 = VECTOR('',#3769,1.);
#3769 = DIRECTION('',(0.258969313954,0.,0.965885549343));
#3770 = PLANE('',#3771);
#3771 = AXIS2_PLACEMENT_3D('',#3772,#3773,#3774);
#3772 = CARTESIAN_POINT('',(-1.151,-1.204,0.24));
#3773 = DIRECTION('',(0.965885549343,0.,-0.258969313954));
#3774 = DIRECTION('',(0.258969313954,0.,0.965885549343));
#3775 = ADVANCED_FACE('',(#3776),#3810,.T.);
#3776 = FACE_BOUND('',#3777,.T.);
#3777 = EDGE_LOOP('',(#3778,#3788,#3796,#3804));
#3778 = ORIENTED_EDGE('',*,*,#3779,.F.);
#3779 = EDGE_CURVE('',#3780,#3782,#3784,.T.);
#3780 = VERTEX_POINT('',#3781);
#3781 = CARTESIAN_POINT('',(-1.499,-1.204,0.162));
#3782 = VERTEX_POINT('',#3783);
#3783 = CARTESIAN_POINT('',(-1.499,-0.696,0.162));
#3784 = LINE('',#3785,#3786);
#3785 = CARTESIAN_POINT('',(-1.499,-1.204,0.162));
#3786 = VECTOR('',#3787,1.);
#3787 = DIRECTION('',(0.,1.,0.));
#3788 = ORIENTED_EDGE('',*,*,#3789,.F.);
#3789 = EDGE_CURVE('',#3790,#3780,#3792,.T.);
#3790 = VERTEX_POINT('',#3791);
#3791 = CARTESIAN_POINT('',(-1.464,-1.204,0.162));
#3792 = LINE('',#3793,#3794);
#3793 = CARTESIAN_POINT('',(-1.464,-1.204,0.162));
#3794 = VECTOR('',#3795,1.);
#3795 = DIRECTION('',(-1.,0.,0.));
#3796 = ORIENTED_EDGE('',*,*,#3797,.F.);
#3797 = EDGE_CURVE('',#3798,#3790,#3800,.T.);
#3798 = VERTEX_POINT('',#3799);
#3799 = CARTESIAN_POINT('',(-1.464,-0.696,0.162));
#3800 = LINE('',#3801,#3802);
#3801 = CARTESIAN_POINT('',(-1.464,-0.696,0.162));
#3802 = VECTOR('',#3803,1.);
#3803 = DIRECTION('',(0.,-1.,0.));
#3804 = ORIENTED_EDGE('',*,*,#3805,.F.);
#3805 = EDGE_CURVE('',#3782,#3798,#3806,.T.);
#3806 = LINE('',#3807,#3808);
#3807 = CARTESIAN_POINT('',(-1.499,-0.696,0.162));
#3808 = VECTOR('',#3809,1.);
#3809 = DIRECTION('',(1.,0.,0.));
#3810 = PLANE('',#3811);
#3811 = AXIS2_PLACEMENT_3D('',#3812,#3813,#3814);
#3812 = CARTESIAN_POINT('',(-1.499,-0.696,0.162));
#3813 = DIRECTION('',(0.,0.,1.));
#3814 = DIRECTION('',(0.,1.,0.));
#3815 = ADVANCED_FACE('',(#3816),#3850,.T.);
#3816 = FACE_BOUND('',#3817,.T.);
#3817 = EDGE_LOOP('',(#3818,#3828,#3836,#3844));
#3818 = ORIENTED_EDGE('',*,*,#3819,.F.);
#3819 = EDGE_CURVE('',#3820,#3822,#3824,.T.);
#3820 = VERTEX_POINT('',#3821);
#3821 = CARTESIAN_POINT('',(-1.464,-1.204,0.));
#3822 = VERTEX_POINT('',#3823);
#3823 = CARTESIAN_POINT('',(-1.464,-0.696,0.));
#3824 = LINE('',#3825,#3826);
#3825 = CARTESIAN_POINT('',(-1.464,-1.204,0.));
#3826 = VECTOR('',#3827,1.);
#3827 = DIRECTION('',(0.,1.,0.));
#3828 = ORIENTED_EDGE('',*,*,#3829,.F.);
#3829 = EDGE_CURVE('',#3830,#3820,#3832,.T.);
#3830 = VERTEX_POINT('',#3831);
#3831 = CARTESIAN_POINT('',(-1.499,-1.204,0.));
#3832 = LINE('',#3833,#3834);
#3833 = CARTESIAN_POINT('',(-1.499,-1.204,0.));
#3834 = VECTOR('',#3835,1.);
#3835 = DIRECTION('',(1.,0.,0.));
#3836 = ORIENTED_EDGE('',*,*,#3837,.F.);
#3837 = EDGE_CURVE('',#3838,#3830,#3840,.T.);
#3838 = VERTEX_POINT('',#3839);
#3839 = CARTESIAN_POINT('',(-1.499,-0.696,0.));
#3840 = LINE('',#3841,#3842);
#3841 = CARTESIAN_POINT('',(-1.499,-0.696,0.));
#3842 = VECTOR('',#3843,1.);
#3843 = DIRECTION('',(0.,-1.,0.));
#3844 = ORIENTED_EDGE('',*,*,#3845,.F.);
#3845 = EDGE_CURVE('',#3822,#3838,#3846,.T.);
#3846 = LINE('',#3847,#3848);
#3847 = CARTESIAN_POINT('',(-1.464,-0.696,0.));
#3848 = VECTOR('',#3849,1.);
#3849 = DIRECTION('',(-1.,0.,0.));
#3850 = PLANE('',#3851);
#3851 = AXIS2_PLACEMENT_3D('',#3852,#3853,#3854);
#3852 = CARTESIAN_POINT('',(-1.464,-0.696,0.));
#3853 = DIRECTION('',(0.,0.,-1.));
#3854 = DIRECTION('',(0.,1.,0.));
#3855 = ADVANCED_FACE('',(#3856),#3872,.T.);
#3856 = FACE_BOUND('',#3857,.T.);
#3857 = EDGE_LOOP('',(#3858,#3859,#3865,#3866));
#3858 = ORIENTED_EDGE('',*,*,#3837,.T.);
#3859 = ORIENTED_EDGE('',*,*,#3860,.F.);
#3860 = EDGE_CURVE('',#3780,#3830,#3861,.T.);
#3861 = LINE('',#3862,#3863);
#3862 = CARTESIAN_POINT('',(-1.499,-1.204,0.162));
#3863 = VECTOR('',#3864,1.);
#3864 = DIRECTION('',(0.,0.,-1.));
#3865 = ORIENTED_EDGE('',*,*,#3779,.T.);
#3866 = ORIENTED_EDGE('',*,*,#3867,.F.);
#3867 = EDGE_CURVE('',#3838,#3782,#3868,.T.);
#3868 = LINE('',#3869,#3870);
#3869 = CARTESIAN_POINT('',(-1.499,-0.696,0.));
#3870 = VECTOR('',#3871,1.);
#3871 = DIRECTION('',(0.,0.,1.));
#3872 = PLANE('',#3873);
#3873 = AXIS2_PLACEMENT_3D('',#3874,#3875,#3876);
#3874 = CARTESIAN_POINT('',(-1.499,-0.696,0.));
#3875 = DIRECTION('',(-1.,0.,0.));
#3876 = DIRECTION('',(0.,0.,1.));
#3877 = ADVANCED_FACE('',(#3878),#3896,.T.);
#3878 = FACE_BOUND('',#3879,.T.);
#3879 = EDGE_LOOP('',(#3880,#3881,#3888,#3889));
#3880 = ORIENTED_EDGE('',*,*,#3646,.T.);
#3881 = ORIENTED_EDGE('',*,*,#3882,.F.);
#3882 = EDGE_CURVE('',#3718,#3639,#3883,.T.);
#3883 = CIRCLE('',#3884,0.32385);
#3884 = AXIS2_PLACEMENT_3D('',#3885,#3886,#3887);
#3885 = CARTESIAN_POINT('',(-0.886,-0.696,0.603));
#3886 = DIRECTION('',(0.,1.,0.));
#3887 = DIRECTION('',(0.793107076684,-0.,0.609082231652));
#3888 = ORIENTED_EDGE('',*,*,#3717,.T.);
#3889 = ORIENTED_EDGE('',*,*,#3890,.F.);
#3890 = EDGE_CURVE('',#3647,#3710,#3891,.T.);
#3891 = CIRCLE('',#3892,0.32385);
#3892 = AXIS2_PLACEMENT_3D('',#3893,#3894,#3895);
#3893 = CARTESIAN_POINT('',(-0.886,-1.204,0.603));
#3894 = DIRECTION('',(0.,-1.,0.));
#3895 = DIRECTION('',(-0.793107076684,-0.,-0.609082231652));
#3896 = CYLINDRICAL_SURFACE('',#3897,0.32385);
#3897 = AXIS2_PLACEMENT_3D('',#3898,#3899,#3900);
#3898 = CARTESIAN_POINT('',(-0.886,-1.204,0.603));
#3899 = DIRECTION('',(0.,-1.,0.));
#3900 = DIRECTION('',(0.,0.,1.));
#3901 = ADVANCED_FACE('',(#3902),#3920,.F.);
#3902 = FACE_BOUND('',#3903,.F.);
#3903 = EDGE_LOOP('',(#3904,#3911,#3912,#3919));
#3904 = ORIENTED_EDGE('',*,*,#3905,.T.);
#3905 = EDGE_CURVE('',#3678,#3750,#3906,.T.);
#3906 = CIRCLE('',#3907,0.161925);
#3907 = AXIS2_PLACEMENT_3D('',#3908,#3909,#3910);
#3908 = CARTESIAN_POINT('',(-0.886,-0.696,0.603));
#3909 = DIRECTION('',(0.,-1.,0.));
#3910 = DIRECTION('',(-0.793107076684,-0.,-0.609082231652));
#3911 = ORIENTED_EDGE('',*,*,#3757,.F.);
#3912 = ORIENTED_EDGE('',*,*,#3913,.T.);
#3913 = EDGE_CURVE('',#3758,#3670,#3914,.T.);
#3914 = CIRCLE('',#3915,0.161925);
#3915 = AXIS2_PLACEMENT_3D('',#3916,#3917,#3918);
#3916 = CARTESIAN_POINT('',(-0.886,-1.204,0.603));
#3917 = DIRECTION('',(0.,1.,0.));
#3918 = DIRECTION('',(0.793107076684,-0.,0.609082231652));
#3919 = ORIENTED_EDGE('',*,*,#3677,.F.);
#3920 = CYLINDRICAL_SURFACE('',#3921,0.161925);
#3921 = AXIS2_PLACEMENT_3D('',#3922,#3923,#3924);
#3922 = CARTESIAN_POINT('',(-0.886,-0.696,0.603));
#3923 = DIRECTION('',(0.,-1.,0.));
#3924 = DIRECTION('',(0.,0.,-1.));
#3925 = ADVANCED_FACE('',(#3926),#3944,.F.);
#3926 = FACE_BOUND('',#3927,.F.);
#3927 = EDGE_LOOP('',(#3928,#3935,#3936,#3943));
#3928 = ORIENTED_EDGE('',*,*,#3929,.T.);
#3929 = EDGE_CURVE('',#3798,#3702,#3930,.T.);
#3930 = CIRCLE('',#3931,0.161925);
#3931 = AXIS2_PLACEMENT_3D('',#3932,#3933,#3934);
#3932 = CARTESIAN_POINT('',(-1.464,-0.696,0.324));
#3933 = DIRECTION('',(0.,-1.,0.));
#3934 = DIRECTION('',(0.793107076684,0.,0.609082231652));
#3935 = ORIENTED_EDGE('',*,*,#3699,.F.);
#3936 = ORIENTED_EDGE('',*,*,#3937,.T.);
#3937 = EDGE_CURVE('',#3700,#3790,#3938,.T.);
#3938 = CIRCLE('',#3939,0.161925);
#3939 = AXIS2_PLACEMENT_3D('',#3940,#3941,#3942);
#3940 = CARTESIAN_POINT('',(-1.464,-1.204,0.324));
#3941 = DIRECTION('',(0.,1.,0.));
#3942 = DIRECTION('',(-0.793107076684,0.,-0.609082231652));
#3943 = ORIENTED_EDGE('',*,*,#3797,.F.);
#3944 = CYLINDRICAL_SURFACE('',#3945,0.161925);
#3945 = AXIS2_PLACEMENT_3D('',#3946,#3947,#3948);
#3946 = CARTESIAN_POINT('',(-1.464,-0.696,0.324));
#3947 = DIRECTION('',(0.,-1.,0.));
#3948 = DIRECTION('',(0.,0.,1.));
#3949 = ADVANCED_FACE('',(#3950),#3968,.T.);
#3950 = FACE_BOUND('',#3951,.T.);
#3951 = EDGE_LOOP('',(#3952,#3953,#3960,#3961));
#3952 = ORIENTED_EDGE('',*,*,#3819,.T.);
#3953 = ORIENTED_EDGE('',*,*,#3954,.F.);
#3954 = EDGE_CURVE('',#3740,#3822,#3955,.T.);
#3955 = CIRCLE('',#3956,0.32385);
#3956 = AXIS2_PLACEMENT_3D('',#3957,#3958,#3959);
#3957 = CARTESIAN_POINT('',(-1.464,-0.696,0.324));
#3958 = DIRECTION('',(0.,1.,0.));
#3959 = DIRECTION('',(-0.793107076684,0.,-0.609082231652));
#3960 = ORIENTED_EDGE('',*,*,#3739,.T.);
#3961 = ORIENTED_EDGE('',*,*,#3962,.F.);
#3962 = EDGE_CURVE('',#3820,#3742,#3963,.T.);
#3963 = CIRCLE('',#3964,0.32385);
#3964 = AXIS2_PLACEMENT_3D('',#3965,#3966,#3967);
#3965 = CARTESIAN_POINT('',(-1.464,-1.204,0.324));
#3966 = DIRECTION('',(0.,-1.,0.));
#3967 = DIRECTION('',(0.793107076684,0.,0.609082231652));
#3968 = CYLINDRICAL_SURFACE('',#3969,0.32385);
#3969 = AXIS2_PLACEMENT_3D('',#3970,#3971,#3972);
#3970 = CARTESIAN_POINT('',(-1.464,-0.696,0.324));
#3971 = DIRECTION('',(0.,-1.,0.));
#3972 = DIRECTION('',(0.,0.,-1.));
#3973 = ADVANCED_FACE('',(#3974),#3988,.T.);
#3974 = FACE_BOUND('',#3975,.T.);
#3975 = EDGE_LOOP('',(#3976,#3977,#3978,#3979,#3980,#3981,#3982,#3983,
    #3984,#3985,#3986,#3987));
#3976 = ORIENTED_EDGE('',*,*,#3638,.T.);
#3977 = ORIENTED_EDGE('',*,*,#3607,.T.);
#3978 = ORIENTED_EDGE('',*,*,#3685,.T.);
#3979 = ORIENTED_EDGE('',*,*,#3905,.T.);
#3980 = ORIENTED_EDGE('',*,*,#3749,.T.);
#3981 = ORIENTED_EDGE('',*,*,#3954,.T.);
#3982 = ORIENTED_EDGE('',*,*,#3845,.T.);
#3983 = ORIENTED_EDGE('',*,*,#3867,.T.);
#3984 = ORIENTED_EDGE('',*,*,#3805,.T.);
#3985 = ORIENTED_EDGE('',*,*,#3929,.T.);
#3986 = ORIENTED_EDGE('',*,*,#3725,.T.);
#3987 = ORIENTED_EDGE('',*,*,#3882,.T.);
#3988 = PLANE('',#3989);
#3989 = AXIS2_PLACEMENT_3D('',#3990,#3991,#3992);
#3990 = CARTESIAN_POINT('',(-0.851,-0.696,0.765));
#3991 = DIRECTION('',(0.,1.,0.));
#3992 = DIRECTION('',(1.,0.,0.));
#3993 = ADVANCED_FACE('',(#3994),#4008,.T.);
#3994 = FACE_BOUND('',#3995,.T.);
#3995 = EDGE_LOOP('',(#3996,#3997,#3998,#3999,#4000,#4001,#4002,#4003,
    #4004,#4005,#4006,#4007));
#3996 = ORIENTED_EDGE('',*,*,#3669,.T.);
#3997 = ORIENTED_EDGE('',*,*,#3623,.T.);
#3998 = ORIENTED_EDGE('',*,*,#3654,.T.);
#3999 = ORIENTED_EDGE('',*,*,#3890,.T.);
#4000 = ORIENTED_EDGE('',*,*,#3709,.T.);
#4001 = ORIENTED_EDGE('',*,*,#3937,.T.);
#4002 = ORIENTED_EDGE('',*,*,#3789,.T.);
#4003 = ORIENTED_EDGE('',*,*,#3860,.T.);
#4004 = ORIENTED_EDGE('',*,*,#3829,.T.);
#4005 = ORIENTED_EDGE('',*,*,#3962,.T.);
#4006 = ORIENTED_EDGE('',*,*,#3765,.T.);
#4007 = ORIENTED_EDGE('',*,*,#3913,.T.);
#4008 = PLANE('',#4009);
#4009 = AXIS2_PLACEMENT_3D('',#4010,#4011,#4012);
#4010 = CARTESIAN_POINT('',(-1.464,-1.204,0.162));
#4011 = DIRECTION('',(0.,-1.,0.));
#4012 = DIRECTION('',(1.,0.,0.));
#4013 = MANIFOLD_SOLID_BREP('',#4014);
#4014 = CLOSED_SHELL('',(#4015,#4055,#4086,#4117,#4157,#4197,#4237,#4277
    ,#4299,#4323,#4347,#4371,#4395,#4415));
#4015 = ADVANCED_FACE('',(#4016),#4050,.T.);
#4016 = FACE_BOUND('',#4017,.T.);
#4017 = EDGE_LOOP('',(#4018,#4028,#4036,#4044));
#4018 = ORIENTED_EDGE('',*,*,#4019,.F.);
#4019 = EDGE_CURVE('',#4020,#4022,#4024,.T.);
#4020 = VERTEX_POINT('',#4021);
#4021 = CARTESIAN_POINT('',(0.851,0.696,0.765));
#4022 = VERTEX_POINT('',#4023);
#4023 = CARTESIAN_POINT('',(0.851,1.204,0.765));
#4024 = LINE('',#4025,#4026);
#4025 = CARTESIAN_POINT('',(0.851,0.696,0.765));
#4026 = VECTOR('',#4027,1.);
#4027 = DIRECTION('',(0.,1.,0.));
#4028 = ORIENTED_EDGE('',*,*,#4029,.F.);
#4029 = EDGE_CURVE('',#4030,#4020,#4032,.T.);
#4030 = VERTEX_POINT('',#4031);
#4031 = CARTESIAN_POINT('',(0.851,0.696,0.927));
#4032 = LINE('',#4033,#4034);
#4033 = CARTESIAN_POINT('',(0.851,0.696,0.927));
#4034 = VECTOR('',#4035,1.);
#4035 = DIRECTION('',(0.,0.,-1.));
#4036 = ORIENTED_EDGE('',*,*,#4037,.F.);
#4037 = EDGE_CURVE('',#4038,#4030,#4040,.T.);
#4038 = VERTEX_POINT('',#4039);
#4039 = CARTESIAN_POINT('',(0.851,1.204,0.927));
#4040 = LINE('',#4041,#4042);
#4041 = CARTESIAN_POINT('',(0.851,1.204,0.927));
#4042 = VECTOR('',#4043,1.);
#4043 = DIRECTION('',(0.,-1.,0.));
#4044 = ORIENTED_EDGE('',*,*,#4045,.F.);
#4045 = EDGE_CURVE('',#4022,#4038,#4046,.T.);
#4046 = LINE('',#4047,#4048);
#4047 = CARTESIAN_POINT('',(0.851,1.204,0.765));
#4048 = VECTOR('',#4049,1.);
#4049 = DIRECTION('',(0.,0.,1.));
#4050 = PLANE('',#4051);
#4051 = AXIS2_PLACEMENT_3D('',#4052,#4053,#4054);
#4052 = CARTESIAN_POINT('',(0.851,1.204,0.765));
#4053 = DIRECTION('',(-1.,0.,0.));
#4054 = DIRECTION('',(0.,0.,1.));
#4055 = ADVANCED_FACE('',(#4056),#4081,.T.);
#4056 = FACE_BOUND('',#4057,.T.);
#4057 = EDGE_LOOP('',(#4058,#4059,#4067,#4075));
#4058 = ORIENTED_EDGE('',*,*,#4037,.T.);
#4059 = ORIENTED_EDGE('',*,*,#4060,.F.);
#4060 = EDGE_CURVE('',#4061,#4030,#4063,.T.);
#4061 = VERTEX_POINT('',#4062);
#4062 = CARTESIAN_POINT('',(0.886,0.696,0.927));
#4063 = LINE('',#4064,#4065);
#4064 = CARTESIAN_POINT('',(0.886,0.696,0.927));
#4065 = VECTOR('',#4066,1.);
#4066 = DIRECTION('',(-1.,0.,0.));
#4067 = ORIENTED_EDGE('',*,*,#4068,.F.);
#4068 = EDGE_CURVE('',#4069,#4061,#4071,.T.);
#4069 = VERTEX_POINT('',#4070);
#4070 = CARTESIAN_POINT('',(0.886,1.204,0.927));
#4071 = LINE('',#4072,#4073);
#4072 = CARTESIAN_POINT('',(0.886,1.204,0.927));
#4073 = VECTOR('',#4074,1.);
#4074 = DIRECTION('',(0.,-1.,0.));
#4075 = ORIENTED_EDGE('',*,*,#4076,.F.);
#4076 = EDGE_CURVE('',#4038,#4069,#4077,.T.);
#4077 = LINE('',#4078,#4079);
#4078 = CARTESIAN_POINT('',(0.851,1.204,0.927));
#4079 = VECTOR('',#4080,1.);
#4080 = DIRECTION('',(1.,0.,0.));
#4081 = PLANE('',#4082);
#4082 = AXIS2_PLACEMENT_3D('',#4083,#4084,#4085);
#4083 = CARTESIAN_POINT('',(0.851,1.204,0.927));
#4084 = DIRECTION('',(0.,0.,1.));
#4085 = DIRECTION('',(0.,1.,0.));
#4086 = ADVANCED_FACE('',(#4087),#4112,.T.);
#4087 = FACE_BOUND('',#4088,.T.);
#4088 = EDGE_LOOP('',(#4089,#4090,#4098,#4106));
#4089 = ORIENTED_EDGE('',*,*,#4019,.T.);
#4090 = ORIENTED_EDGE('',*,*,#4091,.F.);
#4091 = EDGE_CURVE('',#4092,#4022,#4094,.T.);
#4092 = VERTEX_POINT('',#4093);
#4093 = CARTESIAN_POINT('',(0.886,1.204,0.765));
#4094 = LINE('',#4095,#4096);
#4095 = CARTESIAN_POINT('',(0.886,1.204,0.765));
#4096 = VECTOR('',#4097,1.);
#4097 = DIRECTION('',(-1.,0.,0.));
#4098 = ORIENTED_EDGE('',*,*,#4099,.F.);
#4099 = EDGE_CURVE('',#4100,#4092,#4102,.T.);
#4100 = VERTEX_POINT('',#4101);
#4101 = CARTESIAN_POINT('',(0.886,0.696,0.765));
#4102 = LINE('',#4103,#4104);
#4103 = CARTESIAN_POINT('',(0.886,0.696,0.765));
#4104 = VECTOR('',#4105,1.);
#4105 = DIRECTION('',(0.,1.,0.));
#4106 = ORIENTED_EDGE('',*,*,#4107,.F.);
#4107 = EDGE_CURVE('',#4020,#4100,#4108,.T.);
#4108 = LINE('',#4109,#4110);
#4109 = CARTESIAN_POINT('',(0.851,0.696,0.765));
#4110 = VECTOR('',#4111,1.);
#4111 = DIRECTION('',(1.,0.,0.));
#4112 = PLANE('',#4113);
#4113 = AXIS2_PLACEMENT_3D('',#4114,#4115,#4116);
#4114 = CARTESIAN_POINT('',(0.851,0.696,0.765));
#4115 = DIRECTION('',(0.,0.,-1.));
#4116 = DIRECTION('',(0.,1.,0.));
#4117 = ADVANCED_FACE('',(#4118),#4152,.T.);
#4118 = FACE_BOUND('',#4119,.T.);
#4119 = EDGE_LOOP('',(#4120,#4130,#4138,#4146));
#4120 = ORIENTED_EDGE('',*,*,#4121,.F.);
#4121 = EDGE_CURVE('',#4122,#4124,#4126,.T.);
#4122 = VERTEX_POINT('',#4123);
#4123 = CARTESIAN_POINT('',(1.307,1.204,0.282));
#4124 = VERTEX_POINT('',#4125);
#4125 = CARTESIAN_POINT('',(1.307,0.696,0.282));
#4126 = LINE('',#4127,#4128);
#4127 = CARTESIAN_POINT('',(1.307,1.204,0.282));
#4128 = VECTOR('',#4129,1.);
#4129 = DIRECTION('',(0.,-1.,0.));
#4130 = ORIENTED_EDGE('',*,*,#4131,.F.);
#4131 = EDGE_CURVE('',#4132,#4122,#4134,.T.);
#4132 = VERTEX_POINT('',#4133);
#4133 = CARTESIAN_POINT('',(1.199,1.204,0.687));
#4134 = LINE('',#4135,#4136);
#4135 = CARTESIAN_POINT('',(1.199,1.204,0.687));
#4136 = VECTOR('',#4137,1.);
#4137 = DIRECTION('',(0.258969313954,0.,-0.965885549343));
#4138 = ORIENTED_EDGE('',*,*,#4139,.F.);
#4139 = EDGE_CURVE('',#4140,#4132,#4142,.T.);
#4140 = VERTEX_POINT('',#4141);
#4141 = CARTESIAN_POINT('',(1.199,0.696,0.687));
#4142 = LINE('',#4143,#4144);
#4143 = CARTESIAN_POINT('',(1.199,0.696,0.687));
#4144 = VECTOR('',#4145,1.);
#4145 = DIRECTION('',(0.,1.,0.));
#4146 = ORIENTED_EDGE('',*,*,#4147,.F.);
#4147 = EDGE_CURVE('',#4124,#4140,#4148,.T.);
#4148 = LINE('',#4149,#4150);
#4149 = CARTESIAN_POINT('',(1.307,0.696,0.282));
#4150 = VECTOR('',#4151,1.);
#4151 = DIRECTION('',(-0.258969313954,0.,0.965885549343));
#4152 = PLANE('',#4153);
#4153 = AXIS2_PLACEMENT_3D('',#4154,#4155,#4156);
#4154 = CARTESIAN_POINT('',(1.307,0.696,0.282));
#4155 = DIRECTION('',(0.965885549343,0.,0.258969313954));
#4156 = DIRECTION('',(-0.258969313954,0.,0.965885549343));
#4157 = ADVANCED_FACE('',(#4158),#4192,.T.);
#4158 = FACE_BOUND('',#4159,.T.);
#4159 = EDGE_LOOP('',(#4160,#4170,#4178,#4186));
#4160 = ORIENTED_EDGE('',*,*,#4161,.F.);
#4161 = EDGE_CURVE('',#4162,#4164,#4166,.T.);
#4162 = VERTEX_POINT('',#4163);
#4163 = CARTESIAN_POINT('',(1.151,0.696,0.24));
#4164 = VERTEX_POINT('',#4165);
#4165 = CARTESIAN_POINT('',(1.151,1.204,0.24));
#4166 = LINE('',#4167,#4168);
#4167 = CARTESIAN_POINT('',(1.151,0.696,0.24));
#4168 = VECTOR('',#4169,1.);
#4169 = DIRECTION('',(0.,1.,0.));
#4170 = ORIENTED_EDGE('',*,*,#4171,.F.);
#4171 = EDGE_CURVE('',#4172,#4162,#4174,.T.);
#4172 = VERTEX_POINT('',#4173);
#4173 = CARTESIAN_POINT('',(1.042,0.696,0.645));
#4174 = LINE('',#4175,#4176);
#4175 = CARTESIAN_POINT('',(1.042,0.696,0.645));
#4176 = VECTOR('',#4177,1.);
#4177 = DIRECTION('',(0.258969313954,0.,-0.965885549343));
#4178 = ORIENTED_EDGE('',*,*,#4179,.F.);
#4179 = EDGE_CURVE('',#4180,#4172,#4182,.T.);
#4180 = VERTEX_POINT('',#4181);
#4181 = CARTESIAN_POINT('',(1.042,1.204,0.645));
#4182 = LINE('',#4183,#4184);
#4183 = CARTESIAN_POINT('',(1.042,1.204,0.645));
#4184 = VECTOR('',#4185,1.);
#4185 = DIRECTION('',(0.,-1.,0.));
#4186 = ORIENTED_EDGE('',*,*,#4187,.F.);
#4187 = EDGE_CURVE('',#4164,#4180,#4188,.T.);
#4188 = LINE('',#4189,#4190);
#4189 = CARTESIAN_POINT('',(1.151,1.204,0.24));
#4190 = VECTOR('',#4191,1.);
#4191 = DIRECTION('',(-0.258969313954,0.,0.965885549343));
#4192 = PLANE('',#4193);
#4193 = AXIS2_PLACEMENT_3D('',#4194,#4195,#4196);
#4194 = CARTESIAN_POINT('',(1.151,1.204,0.24));
#4195 = DIRECTION('',(-0.965885549343,0.,-0.258969313954));
#4196 = DIRECTION('',(-0.258969313954,0.,0.965885549343));
#4197 = ADVANCED_FACE('',(#4198),#4232,.T.);
#4198 = FACE_BOUND('',#4199,.T.);
#4199 = EDGE_LOOP('',(#4200,#4210,#4218,#4226));
#4200 = ORIENTED_EDGE('',*,*,#4201,.F.);
#4201 = EDGE_CURVE('',#4202,#4204,#4206,.T.);
#4202 = VERTEX_POINT('',#4203);
#4203 = CARTESIAN_POINT('',(1.499,1.204,0.162));
#4204 = VERTEX_POINT('',#4205);
#4205 = CARTESIAN_POINT('',(1.499,0.696,0.162));
#4206 = LINE('',#4207,#4208);
#4207 = CARTESIAN_POINT('',(1.499,1.204,0.162));
#4208 = VECTOR('',#4209,1.);
#4209 = DIRECTION('',(0.,-1.,0.));
#4210 = ORIENTED_EDGE('',*,*,#4211,.F.);
#4211 = EDGE_CURVE('',#4212,#4202,#4214,.T.);
#4212 = VERTEX_POINT('',#4213);
#4213 = CARTESIAN_POINT('',(1.464,1.204,0.162));
#4214 = LINE('',#4215,#4216);
#4215 = CARTESIAN_POINT('',(1.464,1.204,0.162));
#4216 = VECTOR('',#4217,1.);
#4217 = DIRECTION('',(1.,0.,0.));
#4218 = ORIENTED_EDGE('',*,*,#4219,.F.);
#4219 = EDGE_CURVE('',#4220,#4212,#4222,.T.);
#4220 = VERTEX_POINT('',#4221);
#4221 = CARTESIAN_POINT('',(1.464,0.696,0.162));
#4222 = LINE('',#4223,#4224);
#4223 = CARTESIAN_POINT('',(1.464,0.696,0.162));
#4224 = VECTOR('',#4225,1.);
#4225 = DIRECTION('',(0.,1.,0.));
#4226 = ORIENTED_EDGE('',*,*,#4227,.F.);
#4227 = EDGE_CURVE('',#4204,#4220,#4228,.T.);
#4228 = LINE('',#4229,#4230);
#4229 = CARTESIAN_POINT('',(1.499,0.696,0.162));
#4230 = VECTOR('',#4231,1.);
#4231 = DIRECTION('',(-1.,0.,0.));
#4232 = PLANE('',#4233);
#4233 = AXIS2_PLACEMENT_3D('',#4234,#4235,#4236);
#4234 = CARTESIAN_POINT('',(1.499,0.696,0.162));
#4235 = DIRECTION('',(0.,0.,1.));
#4236 = DIRECTION('',(0.,1.,0.));
#4237 = ADVANCED_FACE('',(#4238),#4272,.T.);
#4238 = FACE_BOUND('',#4239,.T.);
#4239 = EDGE_LOOP('',(#4240,#4250,#4258,#4266));
#4240 = ORIENTED_EDGE('',*,*,#4241,.F.);
#4241 = EDGE_CURVE('',#4242,#4244,#4246,.T.);
#4242 = VERTEX_POINT('',#4243);
#4243 = CARTESIAN_POINT('',(1.464,1.204,0.));
#4244 = VERTEX_POINT('',#4245);
#4245 = CARTESIAN_POINT('',(1.464,0.696,0.));
#4246 = LINE('',#4247,#4248);
#4247 = CARTESIAN_POINT('',(1.464,1.204,0.));
#4248 = VECTOR('',#4249,1.);
#4249 = DIRECTION('',(0.,-1.,0.));
#4250 = ORIENTED_EDGE('',*,*,#4251,.F.);
#4251 = EDGE_CURVE('',#4252,#4242,#4254,.T.);
#4252 = VERTEX_POINT('',#4253);
#4253 = CARTESIAN_POINT('',(1.499,1.204,0.));
#4254 = LINE('',#4255,#4256);
#4255 = CARTESIAN_POINT('',(1.499,1.204,0.));
#4256 = VECTOR('',#4257,1.);
#4257 = DIRECTION('',(-1.,0.,0.));
#4258 = ORIENTED_EDGE('',*,*,#4259,.F.);
#4259 = EDGE_CURVE('',#4260,#4252,#4262,.T.);
#4260 = VERTEX_POINT('',#4261);
#4261 = CARTESIAN_POINT('',(1.499,0.696,0.));
#4262 = LINE('',#4263,#4264);
#4263 = CARTESIAN_POINT('',(1.499,0.696,0.));
#4264 = VECTOR('',#4265,1.);
#4265 = DIRECTION('',(0.,1.,0.));
#4266 = ORIENTED_EDGE('',*,*,#4267,.F.);
#4267 = EDGE_CURVE('',#4244,#4260,#4268,.T.);
#4268 = LINE('',#4269,#4270);
#4269 = CARTESIAN_POINT('',(1.464,0.696,0.));
#4270 = VECTOR('',#4271,1.);
#4271 = DIRECTION('',(1.,0.,0.));
#4272 = PLANE('',#4273);
#4273 = AXIS2_PLACEMENT_3D('',#4274,#4275,#4276);
#4274 = CARTESIAN_POINT('',(1.464,0.696,0.));
#4275 = DIRECTION('',(0.,0.,-1.));
#4276 = DIRECTION('',(0.,1.,0.));
#4277 = ADVANCED_FACE('',(#4278),#4294,.T.);
#4278 = FACE_BOUND('',#4279,.T.);
#4279 = EDGE_LOOP('',(#4280,#4281,#4287,#4288));
#4280 = ORIENTED_EDGE('',*,*,#4259,.T.);
#4281 = ORIENTED_EDGE('',*,*,#4282,.F.);
#4282 = EDGE_CURVE('',#4202,#4252,#4283,.T.);
#4283 = LINE('',#4284,#4285);
#4284 = CARTESIAN_POINT('',(1.499,1.204,0.162));
#4285 = VECTOR('',#4286,1.);
#4286 = DIRECTION('',(0.,0.,-1.));
#4287 = ORIENTED_EDGE('',*,*,#4201,.T.);
#4288 = ORIENTED_EDGE('',*,*,#4289,.F.);
#4289 = EDGE_CURVE('',#4260,#4204,#4290,.T.);
#4290 = LINE('',#4291,#4292);
#4291 = CARTESIAN_POINT('',(1.499,0.696,0.));
#4292 = VECTOR('',#4293,1.);
#4293 = DIRECTION('',(0.,0.,1.));
#4294 = PLANE('',#4295);
#4295 = AXIS2_PLACEMENT_3D('',#4296,#4297,#4298);
#4296 = CARTESIAN_POINT('',(1.499,0.696,0.));
#4297 = DIRECTION('',(1.,0.,0.));
#4298 = DIRECTION('',(0.,0.,1.));
#4299 = ADVANCED_FACE('',(#4300),#4318,.T.);
#4300 = FACE_BOUND('',#4301,.T.);
#4301 = EDGE_LOOP('',(#4302,#4303,#4310,#4311));
#4302 = ORIENTED_EDGE('',*,*,#4068,.T.);
#4303 = ORIENTED_EDGE('',*,*,#4304,.F.);
#4304 = EDGE_CURVE('',#4140,#4061,#4305,.T.);
#4305 = CIRCLE('',#4306,0.32385);
#4306 = AXIS2_PLACEMENT_3D('',#4307,#4308,#4309);
#4307 = CARTESIAN_POINT('',(0.886,0.696,0.603));
#4308 = DIRECTION('',(0.,-1.,0.));
#4309 = DIRECTION('',(-0.793107076684,0.,0.609082231652));
#4310 = ORIENTED_EDGE('',*,*,#4139,.T.);
#4311 = ORIENTED_EDGE('',*,*,#4312,.F.);
#4312 = EDGE_CURVE('',#4069,#4132,#4313,.T.);
#4313 = CIRCLE('',#4314,0.32385);
#4314 = AXIS2_PLACEMENT_3D('',#4315,#4316,#4317);
#4315 = CARTESIAN_POINT('',(0.886,1.204,0.603));
#4316 = DIRECTION('',(0.,1.,0.));
#4317 = DIRECTION('',(0.793107076684,0.,-0.609082231652));
#4318 = CYLINDRICAL_SURFACE('',#4319,0.32385);
#4319 = AXIS2_PLACEMENT_3D('',#4320,#4321,#4322);
#4320 = CARTESIAN_POINT('',(0.886,1.204,0.603));
#4321 = DIRECTION('',(0.,1.,0.));
#4322 = DIRECTION('',(0.,-0.,1.));
#4323 = ADVANCED_FACE('',(#4324),#4342,.F.);
#4324 = FACE_BOUND('',#4325,.F.);
#4325 = EDGE_LOOP('',(#4326,#4333,#4334,#4341));
#4326 = ORIENTED_EDGE('',*,*,#4327,.T.);
#4327 = EDGE_CURVE('',#4100,#4172,#4328,.T.);
#4328 = CIRCLE('',#4329,0.161925);
#4329 = AXIS2_PLACEMENT_3D('',#4330,#4331,#4332);
#4330 = CARTESIAN_POINT('',(0.886,0.696,0.603));
#4331 = DIRECTION('',(0.,1.,0.));
#4332 = DIRECTION('',(0.793107076684,0.,-0.609082231652));
#4333 = ORIENTED_EDGE('',*,*,#4179,.F.);
#4334 = ORIENTED_EDGE('',*,*,#4335,.T.);
#4335 = EDGE_CURVE('',#4180,#4092,#4336,.T.);
#4336 = CIRCLE('',#4337,0.161925);
#4337 = AXIS2_PLACEMENT_3D('',#4338,#4339,#4340);
#4338 = CARTESIAN_POINT('',(0.886,1.204,0.603));
#4339 = DIRECTION('',(0.,-1.,0.));
#4340 = DIRECTION('',(-0.793107076684,0.,0.609082231652));
#4341 = ORIENTED_EDGE('',*,*,#4099,.F.);
#4342 = CYLINDRICAL_SURFACE('',#4343,0.161925);
#4343 = AXIS2_PLACEMENT_3D('',#4344,#4345,#4346);
#4344 = CARTESIAN_POINT('',(0.886,0.696,0.603));
#4345 = DIRECTION('',(0.,1.,0.));
#4346 = DIRECTION('',(0.,0.,-1.));
#4347 = ADVANCED_FACE('',(#4348),#4366,.F.);
#4348 = FACE_BOUND('',#4349,.F.);
#4349 = EDGE_LOOP('',(#4350,#4357,#4358,#4365));
#4350 = ORIENTED_EDGE('',*,*,#4351,.T.);
#4351 = EDGE_CURVE('',#4220,#4124,#4352,.T.);
#4352 = CIRCLE('',#4353,0.161925);
#4353 = AXIS2_PLACEMENT_3D('',#4354,#4355,#4356);
#4354 = CARTESIAN_POINT('',(1.464,0.696,0.324));
#4355 = DIRECTION('',(0.,1.,0.));
#4356 = DIRECTION('',(-0.793107076684,0.,0.609082231652));
#4357 = ORIENTED_EDGE('',*,*,#4121,.F.);
#4358 = ORIENTED_EDGE('',*,*,#4359,.T.);
#4359 = EDGE_CURVE('',#4122,#4212,#4360,.T.);
#4360 = CIRCLE('',#4361,0.161925);
#4361 = AXIS2_PLACEMENT_3D('',#4362,#4363,#4364);
#4362 = CARTESIAN_POINT('',(1.464,1.204,0.324));
#4363 = DIRECTION('',(0.,-1.,0.));
#4364 = DIRECTION('',(0.793107076684,0.,-0.609082231652));
#4365 = ORIENTED_EDGE('',*,*,#4219,.F.);
#4366 = CYLINDRICAL_SURFACE('',#4367,0.161925);
#4367 = AXIS2_PLACEMENT_3D('',#4368,#4369,#4370);
#4368 = CARTESIAN_POINT('',(1.464,0.696,0.324));
#4369 = DIRECTION('',(0.,1.,0.));
#4370 = DIRECTION('',(0.,-0.,1.));
#4371 = ADVANCED_FACE('',(#4372),#4390,.T.);
#4372 = FACE_BOUND('',#4373,.T.);
#4373 = EDGE_LOOP('',(#4374,#4375,#4382,#4383));
#4374 = ORIENTED_EDGE('',*,*,#4241,.T.);
#4375 = ORIENTED_EDGE('',*,*,#4376,.F.);
#4376 = EDGE_CURVE('',#4162,#4244,#4377,.T.);
#4377 = CIRCLE('',#4378,0.32385);
#4378 = AXIS2_PLACEMENT_3D('',#4379,#4380,#4381);
#4379 = CARTESIAN_POINT('',(1.464,0.696,0.324));
#4380 = DIRECTION('',(0.,-1.,0.));
#4381 = DIRECTION('',(0.793107076684,0.,-0.609082231652));
#4382 = ORIENTED_EDGE('',*,*,#4161,.T.);
#4383 = ORIENTED_EDGE('',*,*,#4384,.F.);
#4384 = EDGE_CURVE('',#4242,#4164,#4385,.T.);
#4385 = CIRCLE('',#4386,0.32385);
#4386 = AXIS2_PLACEMENT_3D('',#4387,#4388,#4389);
#4387 = CARTESIAN_POINT('',(1.464,1.204,0.324));
#4388 = DIRECTION('',(0.,1.,0.));
#4389 = DIRECTION('',(-0.793107076684,0.,0.609082231652));
#4390 = CYLINDRICAL_SURFACE('',#4391,0.32385);
#4391 = AXIS2_PLACEMENT_3D('',#4392,#4393,#4394);
#4392 = CARTESIAN_POINT('',(1.464,0.696,0.324));
#4393 = DIRECTION('',(0.,1.,0.));
#4394 = DIRECTION('',(0.,0.,-1.));
#4395 = ADVANCED_FACE('',(#4396),#4410,.T.);
#4396 = FACE_BOUND('',#4397,.T.);
#4397 = EDGE_LOOP('',(#4398,#4399,#4400,#4401,#4402,#4403,#4404,#4405,
    #4406,#4407,#4408,#4409));
#4398 = ORIENTED_EDGE('',*,*,#4060,.T.);
#4399 = ORIENTED_EDGE('',*,*,#4029,.T.);
#4400 = ORIENTED_EDGE('',*,*,#4107,.T.);
#4401 = ORIENTED_EDGE('',*,*,#4327,.T.);
#4402 = ORIENTED_EDGE('',*,*,#4171,.T.);
#4403 = ORIENTED_EDGE('',*,*,#4376,.T.);
#4404 = ORIENTED_EDGE('',*,*,#4267,.T.);
#4405 = ORIENTED_EDGE('',*,*,#4289,.T.);
#4406 = ORIENTED_EDGE('',*,*,#4227,.T.);
#4407 = ORIENTED_EDGE('',*,*,#4351,.T.);
#4408 = ORIENTED_EDGE('',*,*,#4147,.T.);
#4409 = ORIENTED_EDGE('',*,*,#4304,.T.);
#4410 = PLANE('',#4411);
#4411 = AXIS2_PLACEMENT_3D('',#4412,#4413,#4414);
#4412 = CARTESIAN_POINT('',(0.851,0.696,0.765));
#4413 = DIRECTION('',(0.,-1.,0.));
#4414 = DIRECTION('',(1.,0.,0.));
#4415 = ADVANCED_FACE('',(#4416),#4430,.T.);
#4416 = FACE_BOUND('',#4417,.T.);
#4417 = EDGE_LOOP('',(#4418,#4419,#4420,#4421,#4422,#4423,#4424,#4425,
    #4426,#4427,#4428,#4429));
#4418 = ORIENTED_EDGE('',*,*,#4091,.T.);
#4419 = ORIENTED_EDGE('',*,*,#4045,.T.);
#4420 = ORIENTED_EDGE('',*,*,#4076,.T.);
#4421 = ORIENTED_EDGE('',*,*,#4312,.T.);
#4422 = ORIENTED_EDGE('',*,*,#4131,.T.);
#4423 = ORIENTED_EDGE('',*,*,#4359,.T.);
#4424 = ORIENTED_EDGE('',*,*,#4211,.T.);
#4425 = ORIENTED_EDGE('',*,*,#4282,.T.);
#4426 = ORIENTED_EDGE('',*,*,#4251,.T.);
#4427 = ORIENTED_EDGE('',*,*,#4384,.T.);
#4428 = ORIENTED_EDGE('',*,*,#4187,.T.);
#4429 = ORIENTED_EDGE('',*,*,#4335,.T.);
#4430 = PLANE('',#4431);
#4431 = AXIS2_PLACEMENT_3D('',#4432,#4433,#4434);
#4432 = CARTESIAN_POINT('',(1.464,1.204,0.162));
#4433 = DIRECTION('',(0.,1.,0.));
#4434 = DIRECTION('',(1.,0.,0.));
#4435 = MANIFOLD_SOLID_BREP('',#4436);
#4436 = CLOSED_SHELL('',(#4437,#4477,#4508,#4539,#4579,#4619,#4659,#4699
    ,#4721,#4745,#4769,#4793,#4817,#4837));
#4437 = ADVANCED_FACE('',(#4438),#4472,.T.);
#4438 = FACE_BOUND('',#4439,.T.);
#4439 = EDGE_LOOP('',(#4440,#4450,#4458,#4466));
#4440 = ORIENTED_EDGE('',*,*,#4441,.F.);
#4441 = EDGE_CURVE('',#4442,#4444,#4446,.T.);
#4442 = VERTEX_POINT('',#4443);
#4443 = CARTESIAN_POINT('',(0.851,-1.204,0.765));
#4444 = VERTEX_POINT('',#4445);
#4445 = CARTESIAN_POINT('',(0.851,-0.696,0.765));
#4446 = LINE('',#4447,#4448);
#4447 = CARTESIAN_POINT('',(0.851,-1.204,0.765));
#4448 = VECTOR('',#4449,1.);
#4449 = DIRECTION('',(0.,1.,0.));
#4450 = ORIENTED_EDGE('',*,*,#4451,.F.);
#4451 = EDGE_CURVE('',#4452,#4442,#4454,.T.);
#4452 = VERTEX_POINT('',#4453);
#4453 = CARTESIAN_POINT('',(0.851,-1.204,0.927));
#4454 = LINE('',#4455,#4456);
#4455 = CARTESIAN_POINT('',(0.851,-1.204,0.927));
#4456 = VECTOR('',#4457,1.);
#4457 = DIRECTION('',(0.,0.,-1.));
#4458 = ORIENTED_EDGE('',*,*,#4459,.F.);
#4459 = EDGE_CURVE('',#4460,#4452,#4462,.T.);
#4460 = VERTEX_POINT('',#4461);
#4461 = CARTESIAN_POINT('',(0.851,-0.696,0.927));
#4462 = LINE('',#4463,#4464);
#4463 = CARTESIAN_POINT('',(0.851,-0.696,0.927));
#4464 = VECTOR('',#4465,1.);
#4465 = DIRECTION('',(0.,-1.,0.));
#4466 = ORIENTED_EDGE('',*,*,#4467,.F.);
#4467 = EDGE_CURVE('',#4444,#4460,#4468,.T.);
#4468 = LINE('',#4469,#4470);
#4469 = CARTESIAN_POINT('',(0.851,-0.696,0.765));
#4470 = VECTOR('',#4471,1.);
#4471 = DIRECTION('',(0.,0.,1.));
#4472 = PLANE('',#4473);
#4473 = AXIS2_PLACEMENT_3D('',#4474,#4475,#4476);
#4474 = CARTESIAN_POINT('',(0.851,-0.696,0.765));
#4475 = DIRECTION('',(-1.,0.,0.));
#4476 = DIRECTION('',(0.,0.,1.));
#4477 = ADVANCED_FACE('',(#4478),#4503,.T.);
#4478 = FACE_BOUND('',#4479,.T.);
#4479 = EDGE_LOOP('',(#4480,#4481,#4489,#4497));
#4480 = ORIENTED_EDGE('',*,*,#4459,.T.);
#4481 = ORIENTED_EDGE('',*,*,#4482,.F.);
#4482 = EDGE_CURVE('',#4483,#4452,#4485,.T.);
#4483 = VERTEX_POINT('',#4484);
#4484 = CARTESIAN_POINT('',(0.886,-1.204,0.927));
#4485 = LINE('',#4486,#4487);
#4486 = CARTESIAN_POINT('',(0.886,-1.204,0.927));
#4487 = VECTOR('',#4488,1.);
#4488 = DIRECTION('',(-1.,0.,0.));
#4489 = ORIENTED_EDGE('',*,*,#4490,.F.);
#4490 = EDGE_CURVE('',#4491,#4483,#4493,.T.);
#4491 = VERTEX_POINT('',#4492);
#4492 = CARTESIAN_POINT('',(0.886,-0.696,0.927));
#4493 = LINE('',#4494,#4495);
#4494 = CARTESIAN_POINT('',(0.886,-0.696,0.927));
#4495 = VECTOR('',#4496,1.);
#4496 = DIRECTION('',(0.,-1.,0.));
#4497 = ORIENTED_EDGE('',*,*,#4498,.F.);
#4498 = EDGE_CURVE('',#4460,#4491,#4499,.T.);
#4499 = LINE('',#4500,#4501);
#4500 = CARTESIAN_POINT('',(0.851,-0.696,0.927));
#4501 = VECTOR('',#4502,1.);
#4502 = DIRECTION('',(1.,0.,0.));
#4503 = PLANE('',#4504);
#4504 = AXIS2_PLACEMENT_3D('',#4505,#4506,#4507);
#4505 = CARTESIAN_POINT('',(0.851,-0.696,0.927));
#4506 = DIRECTION('',(0.,0.,1.));
#4507 = DIRECTION('',(0.,1.,0.));
#4508 = ADVANCED_FACE('',(#4509),#4534,.T.);
#4509 = FACE_BOUND('',#4510,.T.);
#4510 = EDGE_LOOP('',(#4511,#4512,#4520,#4528));
#4511 = ORIENTED_EDGE('',*,*,#4441,.T.);
#4512 = ORIENTED_EDGE('',*,*,#4513,.F.);
#4513 = EDGE_CURVE('',#4514,#4444,#4516,.T.);
#4514 = VERTEX_POINT('',#4515);
#4515 = CARTESIAN_POINT('',(0.886,-0.696,0.765));
#4516 = LINE('',#4517,#4518);
#4517 = CARTESIAN_POINT('',(0.886,-0.696,0.765));
#4518 = VECTOR('',#4519,1.);
#4519 = DIRECTION('',(-1.,0.,0.));
#4520 = ORIENTED_EDGE('',*,*,#4521,.F.);
#4521 = EDGE_CURVE('',#4522,#4514,#4524,.T.);
#4522 = VERTEX_POINT('',#4523);
#4523 = CARTESIAN_POINT('',(0.886,-1.204,0.765));
#4524 = LINE('',#4525,#4526);
#4525 = CARTESIAN_POINT('',(0.886,-1.204,0.765));
#4526 = VECTOR('',#4527,1.);
#4527 = DIRECTION('',(0.,1.,0.));
#4528 = ORIENTED_EDGE('',*,*,#4529,.F.);
#4529 = EDGE_CURVE('',#4442,#4522,#4530,.T.);
#4530 = LINE('',#4531,#4532);
#4531 = CARTESIAN_POINT('',(0.851,-1.204,0.765));
#4532 = VECTOR('',#4533,1.);
#4533 = DIRECTION('',(1.,0.,0.));
#4534 = PLANE('',#4535);
#4535 = AXIS2_PLACEMENT_3D('',#4536,#4537,#4538);
#4536 = CARTESIAN_POINT('',(0.851,-1.204,0.765));
#4537 = DIRECTION('',(0.,0.,-1.));
#4538 = DIRECTION('',(0.,1.,0.));
#4539 = ADVANCED_FACE('',(#4540),#4574,.T.);
#4540 = FACE_BOUND('',#4541,.T.);
#4541 = EDGE_LOOP('',(#4542,#4552,#4560,#4568));
#4542 = ORIENTED_EDGE('',*,*,#4543,.F.);
#4543 = EDGE_CURVE('',#4544,#4546,#4548,.T.);
#4544 = VERTEX_POINT('',#4545);
#4545 = CARTESIAN_POINT('',(1.307,-0.696,0.282));
#4546 = VERTEX_POINT('',#4547);
#4547 = CARTESIAN_POINT('',(1.307,-1.204,0.282));
#4548 = LINE('',#4549,#4550);
#4549 = CARTESIAN_POINT('',(1.307,-0.696,0.282));
#4550 = VECTOR('',#4551,1.);
#4551 = DIRECTION('',(0.,-1.,0.));
#4552 = ORIENTED_EDGE('',*,*,#4553,.F.);
#4553 = EDGE_CURVE('',#4554,#4544,#4556,.T.);
#4554 = VERTEX_POINT('',#4555);
#4555 = CARTESIAN_POINT('',(1.199,-0.696,0.687));
#4556 = LINE('',#4557,#4558);
#4557 = CARTESIAN_POINT('',(1.199,-0.696,0.687));
#4558 = VECTOR('',#4559,1.);
#4559 = DIRECTION('',(0.258969313954,0.,-0.965885549343));
#4560 = ORIENTED_EDGE('',*,*,#4561,.F.);
#4561 = EDGE_CURVE('',#4562,#4554,#4564,.T.);
#4562 = VERTEX_POINT('',#4563);
#4563 = CARTESIAN_POINT('',(1.199,-1.204,0.687));
#4564 = LINE('',#4565,#4566);
#4565 = CARTESIAN_POINT('',(1.199,-1.204,0.687));
#4566 = VECTOR('',#4567,1.);
#4567 = DIRECTION('',(0.,1.,0.));
#4568 = ORIENTED_EDGE('',*,*,#4569,.F.);
#4569 = EDGE_CURVE('',#4546,#4562,#4570,.T.);
#4570 = LINE('',#4571,#4572);
#4571 = CARTESIAN_POINT('',(1.307,-1.204,0.282));
#4572 = VECTOR('',#4573,1.);
#4573 = DIRECTION('',(-0.258969313954,0.,0.965885549343));
#4574 = PLANE('',#4575);
#4575 = AXIS2_PLACEMENT_3D('',#4576,#4577,#4578);
#4576 = CARTESIAN_POINT('',(1.307,-1.204,0.282));
#4577 = DIRECTION('',(0.965885549343,0.,0.258969313954));
#4578 = DIRECTION('',(-0.258969313954,0.,0.965885549343));
#4579 = ADVANCED_FACE('',(#4580),#4614,.T.);
#4580 = FACE_BOUND('',#4581,.T.);
#4581 = EDGE_LOOP('',(#4582,#4592,#4600,#4608));
#4582 = ORIENTED_EDGE('',*,*,#4583,.F.);
#4583 = EDGE_CURVE('',#4584,#4586,#4588,.T.);
#4584 = VERTEX_POINT('',#4585);
#4585 = CARTESIAN_POINT('',(1.151,-1.204,0.24));
#4586 = VERTEX_POINT('',#4587);
#4587 = CARTESIAN_POINT('',(1.151,-0.696,0.24));
#4588 = LINE('',#4589,#4590);
#4589 = CARTESIAN_POINT('',(1.151,-1.204,0.24));
#4590 = VECTOR('',#4591,1.);
#4591 = DIRECTION('',(0.,1.,0.));
#4592 = ORIENTED_EDGE('',*,*,#4593,.F.);
#4593 = EDGE_CURVE('',#4594,#4584,#4596,.T.);
#4594 = VERTEX_POINT('',#4595);
#4595 = CARTESIAN_POINT('',(1.042,-1.204,0.645));
#4596 = LINE('',#4597,#4598);
#4597 = CARTESIAN_POINT('',(1.042,-1.204,0.645));
#4598 = VECTOR('',#4599,1.);
#4599 = DIRECTION('',(0.258969313954,0.,-0.965885549343));
#4600 = ORIENTED_EDGE('',*,*,#4601,.F.);
#4601 = EDGE_CURVE('',#4602,#4594,#4604,.T.);
#4602 = VERTEX_POINT('',#4603);
#4603 = CARTESIAN_POINT('',(1.042,-0.696,0.645));
#4604 = LINE('',#4605,#4606);
#4605 = CARTESIAN_POINT('',(1.042,-0.696,0.645));
#4606 = VECTOR('',#4607,1.);
#4607 = DIRECTION('',(0.,-1.,0.));
#4608 = ORIENTED_EDGE('',*,*,#4609,.F.);
#4609 = EDGE_CURVE('',#4586,#4602,#4610,.T.);
#4610 = LINE('',#4611,#4612);
#4611 = CARTESIAN_POINT('',(1.151,-0.696,0.24));
#4612 = VECTOR('',#4613,1.);
#4613 = DIRECTION('',(-0.258969313954,0.,0.965885549343));
#4614 = PLANE('',#4615);
#4615 = AXIS2_PLACEMENT_3D('',#4616,#4617,#4618);
#4616 = CARTESIAN_POINT('',(1.151,-0.696,0.24));
#4617 = DIRECTION('',(-0.965885549343,0.,-0.258969313954));
#4618 = DIRECTION('',(-0.258969313954,0.,0.965885549343));
#4619 = ADVANCED_FACE('',(#4620),#4654,.T.);
#4620 = FACE_BOUND('',#4621,.T.);
#4621 = EDGE_LOOP('',(#4622,#4632,#4640,#4648));
#4622 = ORIENTED_EDGE('',*,*,#4623,.F.);
#4623 = EDGE_CURVE('',#4624,#4626,#4628,.T.);
#4624 = VERTEX_POINT('',#4625);
#4625 = CARTESIAN_POINT('',(1.499,-0.696,0.162));
#4626 = VERTEX_POINT('',#4627);
#4627 = CARTESIAN_POINT('',(1.499,-1.204,0.162));
#4628 = LINE('',#4629,#4630);
#4629 = CARTESIAN_POINT('',(1.499,-0.696,0.162));
#4630 = VECTOR('',#4631,1.);
#4631 = DIRECTION('',(0.,-1.,0.));
#4632 = ORIENTED_EDGE('',*,*,#4633,.F.);
#4633 = EDGE_CURVE('',#4634,#4624,#4636,.T.);
#4634 = VERTEX_POINT('',#4635);
#4635 = CARTESIAN_POINT('',(1.464,-0.696,0.162));
#4636 = LINE('',#4637,#4638);
#4637 = CARTESIAN_POINT('',(1.464,-0.696,0.162));
#4638 = VECTOR('',#4639,1.);
#4639 = DIRECTION('',(1.,0.,0.));
#4640 = ORIENTED_EDGE('',*,*,#4641,.F.);
#4641 = EDGE_CURVE('',#4642,#4634,#4644,.T.);
#4642 = VERTEX_POINT('',#4643);
#4643 = CARTESIAN_POINT('',(1.464,-1.204,0.162));
#4644 = LINE('',#4645,#4646);
#4645 = CARTESIAN_POINT('',(1.464,-1.204,0.162));
#4646 = VECTOR('',#4647,1.);
#4647 = DIRECTION('',(0.,1.,0.));
#4648 = ORIENTED_EDGE('',*,*,#4649,.F.);
#4649 = EDGE_CURVE('',#4626,#4642,#4650,.T.);
#4650 = LINE('',#4651,#4652);
#4651 = CARTESIAN_POINT('',(1.499,-1.204,0.162));
#4652 = VECTOR('',#4653,1.);
#4653 = DIRECTION('',(-1.,0.,0.));
#4654 = PLANE('',#4655);
#4655 = AXIS2_PLACEMENT_3D('',#4656,#4657,#4658);
#4656 = CARTESIAN_POINT('',(1.499,-1.204,0.162));
#4657 = DIRECTION('',(0.,0.,1.));
#4658 = DIRECTION('',(0.,1.,0.));
#4659 = ADVANCED_FACE('',(#4660),#4694,.T.);
#4660 = FACE_BOUND('',#4661,.T.);
#4661 = EDGE_LOOP('',(#4662,#4672,#4680,#4688));
#4662 = ORIENTED_EDGE('',*,*,#4663,.F.);
#4663 = EDGE_CURVE('',#4664,#4666,#4668,.T.);
#4664 = VERTEX_POINT('',#4665);
#4665 = CARTESIAN_POINT('',(1.464,-0.696,0.));
#4666 = VERTEX_POINT('',#4667);
#4667 = CARTESIAN_POINT('',(1.464,-1.204,0.));
#4668 = LINE('',#4669,#4670);
#4669 = CARTESIAN_POINT('',(1.464,-0.696,0.));
#4670 = VECTOR('',#4671,1.);
#4671 = DIRECTION('',(0.,-1.,0.));
#4672 = ORIENTED_EDGE('',*,*,#4673,.F.);
#4673 = EDGE_CURVE('',#4674,#4664,#4676,.T.);
#4674 = VERTEX_POINT('',#4675);
#4675 = CARTESIAN_POINT('',(1.499,-0.696,0.));
#4676 = LINE('',#4677,#4678);
#4677 = CARTESIAN_POINT('',(1.499,-0.696,0.));
#4678 = VECTOR('',#4679,1.);
#4679 = DIRECTION('',(-1.,0.,0.));
#4680 = ORIENTED_EDGE('',*,*,#4681,.F.);
#4681 = EDGE_CURVE('',#4682,#4674,#4684,.T.);
#4682 = VERTEX_POINT('',#4683);
#4683 = CARTESIAN_POINT('',(1.499,-1.204,0.));
#4684 = LINE('',#4685,#4686);
#4685 = CARTESIAN_POINT('',(1.499,-1.204,0.));
#4686 = VECTOR('',#4687,1.);
#4687 = DIRECTION('',(0.,1.,0.));
#4688 = ORIENTED_EDGE('',*,*,#4689,.F.);
#4689 = EDGE_CURVE('',#4666,#4682,#4690,.T.);
#4690 = LINE('',#4691,#4692);
#4691 = CARTESIAN_POINT('',(1.464,-1.204,0.));
#4692 = VECTOR('',#4693,1.);
#4693 = DIRECTION('',(1.,0.,0.));
#4694 = PLANE('',#4695);
#4695 = AXIS2_PLACEMENT_3D('',#4696,#4697,#4698);
#4696 = CARTESIAN_POINT('',(1.464,-1.204,0.));
#4697 = DIRECTION('',(0.,0.,-1.));
#4698 = DIRECTION('',(0.,1.,0.));
#4699 = ADVANCED_FACE('',(#4700),#4716,.T.);
#4700 = FACE_BOUND('',#4701,.T.);
#4701 = EDGE_LOOP('',(#4702,#4703,#4709,#4710));
#4702 = ORIENTED_EDGE('',*,*,#4681,.T.);
#4703 = ORIENTED_EDGE('',*,*,#4704,.F.);
#4704 = EDGE_CURVE('',#4624,#4674,#4705,.T.);
#4705 = LINE('',#4706,#4707);
#4706 = CARTESIAN_POINT('',(1.499,-0.696,0.162));
#4707 = VECTOR('',#4708,1.);
#4708 = DIRECTION('',(0.,0.,-1.));
#4709 = ORIENTED_EDGE('',*,*,#4623,.T.);
#4710 = ORIENTED_EDGE('',*,*,#4711,.F.);
#4711 = EDGE_CURVE('',#4682,#4626,#4712,.T.);
#4712 = LINE('',#4713,#4714);
#4713 = CARTESIAN_POINT('',(1.499,-1.204,0.));
#4714 = VECTOR('',#4715,1.);
#4715 = DIRECTION('',(0.,0.,1.));
#4716 = PLANE('',#4717);
#4717 = AXIS2_PLACEMENT_3D('',#4718,#4719,#4720);
#4718 = CARTESIAN_POINT('',(1.499,-1.204,0.));
#4719 = DIRECTION('',(1.,0.,0.));
#4720 = DIRECTION('',(0.,0.,1.));
#4721 = ADVANCED_FACE('',(#4722),#4740,.T.);
#4722 = FACE_BOUND('',#4723,.T.);
#4723 = EDGE_LOOP('',(#4724,#4725,#4732,#4733));
#4724 = ORIENTED_EDGE('',*,*,#4490,.T.);
#4725 = ORIENTED_EDGE('',*,*,#4726,.F.);
#4726 = EDGE_CURVE('',#4562,#4483,#4727,.T.);
#4727 = CIRCLE('',#4728,0.32385);
#4728 = AXIS2_PLACEMENT_3D('',#4729,#4730,#4731);
#4729 = CARTESIAN_POINT('',(0.886,-1.204,0.603));
#4730 = DIRECTION('',(0.,-1.,0.));
#4731 = DIRECTION('',(-0.793107076684,0.,0.609082231652));
#4732 = ORIENTED_EDGE('',*,*,#4561,.T.);
#4733 = ORIENTED_EDGE('',*,*,#4734,.F.);
#4734 = EDGE_CURVE('',#4491,#4554,#4735,.T.);
#4735 = CIRCLE('',#4736,0.32385);
#4736 = AXIS2_PLACEMENT_3D('',#4737,#4738,#4739);
#4737 = CARTESIAN_POINT('',(0.886,-0.696,0.603));
#4738 = DIRECTION('',(0.,1.,0.));
#4739 = DIRECTION('',(0.793107076684,0.,-0.609082231652));
#4740 = CYLINDRICAL_SURFACE('',#4741,0.32385);
#4741 = AXIS2_PLACEMENT_3D('',#4742,#4743,#4744);
#4742 = CARTESIAN_POINT('',(0.886,-0.696,0.603));
#4743 = DIRECTION('',(0.,1.,0.));
#4744 = DIRECTION('',(0.,-0.,1.));
#4745 = ADVANCED_FACE('',(#4746),#4764,.F.);
#4746 = FACE_BOUND('',#4747,.F.);
#4747 = EDGE_LOOP('',(#4748,#4755,#4756,#4763));
#4748 = ORIENTED_EDGE('',*,*,#4749,.T.);
#4749 = EDGE_CURVE('',#4522,#4594,#4750,.T.);
#4750 = CIRCLE('',#4751,0.161925);
#4751 = AXIS2_PLACEMENT_3D('',#4752,#4753,#4754);
#4752 = CARTESIAN_POINT('',(0.886,-1.204,0.603));
#4753 = DIRECTION('',(0.,1.,0.));
#4754 = DIRECTION('',(0.793107076684,0.,-0.609082231652));
#4755 = ORIENTED_EDGE('',*,*,#4601,.F.);
#4756 = ORIENTED_EDGE('',*,*,#4757,.T.);
#4757 = EDGE_CURVE('',#4602,#4514,#4758,.T.);
#4758 = CIRCLE('',#4759,0.161925);
#4759 = AXIS2_PLACEMENT_3D('',#4760,#4761,#4762);
#4760 = CARTESIAN_POINT('',(0.886,-0.696,0.603));
#4761 = DIRECTION('',(0.,-1.,0.));
#4762 = DIRECTION('',(-0.793107076684,0.,0.609082231652));
#4763 = ORIENTED_EDGE('',*,*,#4521,.F.);
#4764 = CYLINDRICAL_SURFACE('',#4765,0.161925);
#4765 = AXIS2_PLACEMENT_3D('',#4766,#4767,#4768);
#4766 = CARTESIAN_POINT('',(0.886,-1.204,0.603));
#4767 = DIRECTION('',(0.,1.,0.));
#4768 = DIRECTION('',(0.,0.,-1.));
#4769 = ADVANCED_FACE('',(#4770),#4788,.F.);
#4770 = FACE_BOUND('',#4771,.F.);
#4771 = EDGE_LOOP('',(#4772,#4779,#4780,#4787));
#4772 = ORIENTED_EDGE('',*,*,#4773,.T.);
#4773 = EDGE_CURVE('',#4642,#4546,#4774,.T.);
#4774 = CIRCLE('',#4775,0.161925);
#4775 = AXIS2_PLACEMENT_3D('',#4776,#4777,#4778);
#4776 = CARTESIAN_POINT('',(1.464,-1.204,0.324));
#4777 = DIRECTION('',(0.,1.,0.));
#4778 = DIRECTION('',(-0.793107076684,0.,0.609082231652));
#4779 = ORIENTED_EDGE('',*,*,#4543,.F.);
#4780 = ORIENTED_EDGE('',*,*,#4781,.T.);
#4781 = EDGE_CURVE('',#4544,#4634,#4782,.T.);
#4782 = CIRCLE('',#4783,0.161925);
#4783 = AXIS2_PLACEMENT_3D('',#4784,#4785,#4786);
#4784 = CARTESIAN_POINT('',(1.464,-0.696,0.324));
#4785 = DIRECTION('',(0.,-1.,0.));
#4786 = DIRECTION('',(0.793107076684,0.,-0.609082231652));
#4787 = ORIENTED_EDGE('',*,*,#4641,.F.);
#4788 = CYLINDRICAL_SURFACE('',#4789,0.161925);
#4789 = AXIS2_PLACEMENT_3D('',#4790,#4791,#4792);
#4790 = CARTESIAN_POINT('',(1.464,-1.204,0.324));
#4791 = DIRECTION('',(0.,1.,0.));
#4792 = DIRECTION('',(0.,-0.,1.));
#4793 = ADVANCED_FACE('',(#4794),#4812,.T.);
#4794 = FACE_BOUND('',#4795,.T.);
#4795 = EDGE_LOOP('',(#4796,#4797,#4804,#4805));
#4796 = ORIENTED_EDGE('',*,*,#4663,.T.);
#4797 = ORIENTED_EDGE('',*,*,#4798,.F.);
#4798 = EDGE_CURVE('',#4584,#4666,#4799,.T.);
#4799 = CIRCLE('',#4800,0.32385);
#4800 = AXIS2_PLACEMENT_3D('',#4801,#4802,#4803);
#4801 = CARTESIAN_POINT('',(1.464,-1.204,0.324));
#4802 = DIRECTION('',(0.,-1.,0.));
#4803 = DIRECTION('',(0.793107076684,0.,-0.609082231652));
#4804 = ORIENTED_EDGE('',*,*,#4583,.T.);
#4805 = ORIENTED_EDGE('',*,*,#4806,.F.);
#4806 = EDGE_CURVE('',#4664,#4586,#4807,.T.);
#4807 = CIRCLE('',#4808,0.32385);
#4808 = AXIS2_PLACEMENT_3D('',#4809,#4810,#4811);
#4809 = CARTESIAN_POINT('',(1.464,-0.696,0.324));
#4810 = DIRECTION('',(0.,1.,0.));
#4811 = DIRECTION('',(-0.793107076684,0.,0.609082231652));
#4812 = CYLINDRICAL_SURFACE('',#4813,0.32385);
#4813 = AXIS2_PLACEMENT_3D('',#4814,#4815,#4816);
#4814 = CARTESIAN_POINT('',(1.464,-1.204,0.324));
#4815 = DIRECTION('',(0.,1.,0.));
#4816 = DIRECTION('',(0.,0.,-1.));
#4817 = ADVANCED_FACE('',(#4818),#4832,.T.);
#4818 = FACE_BOUND('',#4819,.T.);
#4819 = EDGE_LOOP('',(#4820,#4821,#4822,#4823,#4824,#4825,#4826,#4827,
    #4828,#4829,#4830,#4831));
#4820 = ORIENTED_EDGE('',*,*,#4482,.T.);
#4821 = ORIENTED_EDGE('',*,*,#4451,.T.);
#4822 = ORIENTED_EDGE('',*,*,#4529,.T.);
#4823 = ORIENTED_EDGE('',*,*,#4749,.T.);
#4824 = ORIENTED_EDGE('',*,*,#4593,.T.);
#4825 = ORIENTED_EDGE('',*,*,#4798,.T.);
#4826 = ORIENTED_EDGE('',*,*,#4689,.T.);
#4827 = ORIENTED_EDGE('',*,*,#4711,.T.);
#4828 = ORIENTED_EDGE('',*,*,#4649,.T.);
#4829 = ORIENTED_EDGE('',*,*,#4773,.T.);
#4830 = ORIENTED_EDGE('',*,*,#4569,.T.);
#4831 = ORIENTED_EDGE('',*,*,#4726,.T.);
#4832 = PLANE('',#4833);
#4833 = AXIS2_PLACEMENT_3D('',#4834,#4835,#4836);
#4834 = CARTESIAN_POINT('',(0.851,-1.204,0.765));
#4835 = DIRECTION('',(0.,-1.,0.));
#4836 = DIRECTION('',(1.,0.,0.));
#4837 = ADVANCED_FACE('',(#4838),#4852,.T.);
#4838 = FACE_BOUND('',#4839,.T.);
#4839 = EDGE_LOOP('',(#4840,#4841,#4842,#4843,#4844,#4845,#4846,#4847,
    #4848,#4849,#4850,#4851));
#4840 = ORIENTED_EDGE('',*,*,#4513,.T.);
#4841 = ORIENTED_EDGE('',*,*,#4467,.T.);
#4842 = ORIENTED_EDGE('',*,*,#4498,.T.);
#4843 = ORIENTED_EDGE('',*,*,#4734,.T.);
#4844 = ORIENTED_EDGE('',*,*,#4553,.T.);
#4845 = ORIENTED_EDGE('',*,*,#4781,.T.);
#4846 = ORIENTED_EDGE('',*,*,#4633,.T.);
#4847 = ORIENTED_EDGE('',*,*,#4704,.T.);
#4848 = ORIENTED_EDGE('',*,*,#4673,.T.);
#4849 = ORIENTED_EDGE('',*,*,#4806,.T.);
#4850 = ORIENTED_EDGE('',*,*,#4609,.T.);
#4851 = ORIENTED_EDGE('',*,*,#4757,.T.);
#4852 = PLANE('',#4853);
#4853 = AXIS2_PLACEMENT_3D('',#4854,#4855,#4856);
#4854 = CARTESIAN_POINT('',(1.464,-0.696,0.162));
#4855 = DIRECTION('',(0.,1.,0.));
#4856 = DIRECTION('',(1.,0.,0.));
#4857 = ( GEOMETRIC_REPRESENTATION_CONTEXT(3) 
GLOBAL_UNCERTAINTY_ASSIGNED_CONTEXT((#4861)) 
GLOBAL_UNIT_ASSIGNED_CONTEXT((#4858,#4859,#4860)) REPRESENTATION_CONTEXT
('Context #1','3D Context with UNIT and UNCERTAINTY') );
#4858 = ( LENGTH_UNIT() NAMED_UNIT(*) SI_UNIT(.MILLI.,.METRE.) );
#4859 = ( NAMED_UNIT(*) PLANE_ANGLE_UNIT() SI_UNIT($,.RADIAN.) );
#4860 = ( NAMED_UNIT(*) SI_UNIT($,.STERADIAN.) SOLID_ANGLE_UNIT() );
#4861 = UNCERTAINTY_MEASURE_WITH_UNIT(LENGTH_MEASURE(2.E-04),#4858,
  'distance_accuracy_value','confusion accuracy');
#4862 = SHAPE_DEFINITION_REPRESENTATION(#4863,#2352);
#4863 = PRODUCT_DEFINITION_SHAPE('','',#4864);
#4864 = PRODUCT_DEFINITION('design','',#4865,#4868);
#4865 = PRODUCT_DEFINITION_FORMATION('','',#4866);
#4866 = PRODUCT('6075358208','6075358208','',(#4867));
#4867 = PRODUCT_CONTEXT('',#2,'mechanical');
#4868 = PRODUCT_DEFINITION_CONTEXT('part definition',#2,'design');
#4869 = CONTEXT_DEPENDENT_SHAPE_REPRESENTATION(#4870,#4872);
#4870 = ( REPRESENTATION_RELATIONSHIP('','',#2352,#2342) 
REPRESENTATION_RELATIONSHIP_WITH_TRANSFORMATION(#4871) 
SHAPE_REPRESENTATION_RELATIONSHIP() );
#4871 = ITEM_DEFINED_TRANSFORMATION('','',#11,#2343);
#4872 = PRODUCT_DEFINITION_SHAPE('Placement','Placement of an item',
  #4873);
#4873 = NEXT_ASSEMBLY_USAGE_OCCURRENCE('3','','',#2337,#4864,$);
#4874 = PRODUCT_RELATED_PRODUCT_CATEGORY('part',$,(#4866));
#4875 = CONTEXT_DEPENDENT_SHAPE_REPRESENTATION(#4876,#4878);
#4876 = ( REPRESENTATION_RELATIONSHIP('','',#2342,#10) 
REPRESENTATION_RELATIONSHIP_WITH_TRANSFORMATION(#4877) 
SHAPE_REPRESENTATION_RELATIONSHIP() );
#4877 = ITEM_DEFINED_TRANSFORMATION('','',#11,#19);
#4878 = PRODUCT_DEFINITION_SHAPE('Placement','Placement of an item',
  #4879);
#4879 = NEXT_ASSEMBLY_USAGE_OCCURRENCE('4','','',#5,#2337,$);
#4880 = PRODUCT_RELATED_PRODUCT_CATEGORY('part',$,(#2339));
#4881 = SHAPE_DEFINITION_REPRESENTATION(#4882,#4888);
#4882 = PRODUCT_DEFINITION_SHAPE('','',#4883);
#4883 = PRODUCT_DEFINITION('design','',#4884,#4887);
#4884 = PRODUCT_DEFINITION_FORMATION('','',#4885);
#4885 = PRODUCT('J9','J9','',(#4886));
#4886 = PRODUCT_CONTEXT('',#2,'mechanical');
#4887 = PRODUCT_DEFINITION_CONTEXT('part definition',#2,'design');
#4888 = SHAPE_REPRESENTATION('',(#11,#4889),#4893);
#4889 = AXIS2_PLACEMENT_3D('',#4890,#4891,#4892);
#4890 = CARTESIAN_POINT('',(38.520000457764,59.,-0.411479830742));
#4891 = DIRECTION('',(-8.742277657348E-08,-1.,-4.371140912996E-08));
#4892 = DIRECTION('',(-1.,8.742277657348E-08,7.642738472527E-15));
#4893 = ( GEOMETRIC_REPRESENTATION_CONTEXT(3) 
GLOBAL_UNCERTAINTY_ASSIGNED_CONTEXT((#4897)) 
GLOBAL_UNIT_ASSIGNED_CONTEXT((#4894,#4895,#4896)) REPRESENTATION_CONTEXT
('Context #1','3D Context with UNIT and UNCERTAINTY') );
#4894 = ( LENGTH_UNIT() NAMED_UNIT(*) SI_UNIT(.MILLI.,.METRE.) );
#4895 = ( NAMED_UNIT(*) PLANE_ANGLE_UNIT() SI_UNIT($,.RADIAN.) );
#4896 = ( NAMED_UNIT(*) SI_UNIT($,.STERADIAN.) SOLID_ANGLE_UNIT() );
#4897 = UNCERTAINTY_MEASURE_WITH_UNIT(LENGTH_MEASURE(1.E-07),#4894,
  'distance_accuracy_value','confusion accuracy');
#4898 = ADVANCED_BREP_SHAPE_REPRESENTATION('',(#11,#4899),#7230);
#4899 = MANIFOLD_SOLID_BREP('',#4900);
#4900 = CLOSED_SHELL('',(#4901,#4941,#4974,#5005,#5038,#5069,#5102,#5133
    ,#5157,#5197,#5237,#5325,#5365,#5396,#5427,#5467,#5498,#5515,#5539,
    #5563,#5580,#5597,#5637,#5668,#5699,#5739,#5770,#5787,#5811,#5835,
    #5852,#5869,#5909,#5940,#5971,#6011,#6042,#6059,#6083,#6107,#6124,
    #6141,#6189,#6218,#6258,#6323,#6395,#6425,#6464,#6513,#6540,#6564,
    #6588,#6612,#6629,#6653,#6678,#6718,#6749,#6789,#6820,#6836,#6852,
    #6910,#6952,#6986,#7003,#7025,#7058,#7076,#7101,#7118,#7142,#7159,
    #7183,#7195,#7212));
#4901 = ADVANCED_FACE('',(#4902),#4936,.F.);
#4902 = FACE_BOUND('',#4903,.T.);
#4903 = EDGE_LOOP('',(#4904,#4914,#4922,#4930));
#4904 = ORIENTED_EDGE('',*,*,#4905,.T.);
#4905 = EDGE_CURVE('',#4906,#4908,#4910,.T.);
#4906 = VERTEX_POINT('',#4907);
#4907 = CARTESIAN_POINT('',(-2.286,11.7348,-2.8702));
#4908 = VERTEX_POINT('',#4909);
#4909 = CARTESIAN_POINT('',(-2.286,11.7348,-1.9177));
#4910 = LINE('',#4911,#4912);
#4911 = CARTESIAN_POINT('',(-2.286,11.7348,-2.8702));
#4912 = VECTOR('',#4913,1.);
#4913 = DIRECTION('',(0.,0.,1.));
#4914 = ORIENTED_EDGE('',*,*,#4915,.F.);
#4915 = EDGE_CURVE('',#4916,#4908,#4918,.T.);
#4916 = VERTEX_POINT('',#4917);
#4917 = CARTESIAN_POINT('',(-2.286,10.7823,-1.9177));
#4918 = LINE('',#4919,#4920);
#4919 = CARTESIAN_POINT('',(-2.286,10.7823,-1.9177));
#4920 = VECTOR('',#4921,1.);
#4921 = DIRECTION('',(0.,1.,0.));
#4922 = ORIENTED_EDGE('',*,*,#4923,.F.);
#4923 = EDGE_CURVE('',#4924,#4916,#4926,.T.);
#4924 = VERTEX_POINT('',#4925);
#4925 = CARTESIAN_POINT('',(-2.286,10.7823,-2.8702));
#4926 = LINE('',#4927,#4928);
#4927 = CARTESIAN_POINT('',(-2.286,10.7823,-2.8702));
#4928 = VECTOR('',#4929,1.);
#4929 = DIRECTION('',(0.,0.,1.));
#4930 = ORIENTED_EDGE('',*,*,#4931,.T.);
#4931 = EDGE_CURVE('',#4924,#4906,#4932,.T.);
#4932 = LINE('',#4933,#4934);
#4933 = CARTESIAN_POINT('',(-2.286,10.7823,-2.8702));
#4934 = VECTOR('',#4935,1.);
#4935 = DIRECTION('',(0.,1.,0.));
#4936 = PLANE('',#4937);
#4937 = AXIS2_PLACEMENT_3D('',#4938,#4939,#4940);
#4938 = CARTESIAN_POINT('',(-2.286,10.7823,-2.8702));
#4939 = DIRECTION('',(-1.,0.,0.));
#4940 = DIRECTION('',(0.,1.,0.));
#4941 = ADVANCED_FACE('',(#4942),#4969,.F.);
#4942 = FACE_BOUND('',#4943,.F.);
#4943 = EDGE_LOOP('',(#4944,#4953,#4954,#4963));
#4944 = ORIENTED_EDGE('',*,*,#4945,.F.);
#4945 = EDGE_CURVE('',#4906,#4946,#4948,.T.);
#4946 = VERTEX_POINT('',#4947);
#4947 = CARTESIAN_POINT('',(-1.778,12.2428,-2.8702));
#4948 = CIRCLE('',#4949,0.508);
#4949 = AXIS2_PLACEMENT_3D('',#4950,#4951,#4952);
#4950 = CARTESIAN_POINT('',(-1.778,11.7348,-2.8702));
#4951 = DIRECTION('',(0.,0.,-1.));
#4952 = DIRECTION('',(-1.,0.,0.));
#4953 = ORIENTED_EDGE('',*,*,#4905,.T.);
#4954 = ORIENTED_EDGE('',*,*,#4955,.T.);
#4955 = EDGE_CURVE('',#4908,#4956,#4958,.T.);
#4956 = VERTEX_POINT('',#4957);
#4957 = CARTESIAN_POINT('',(-1.778,12.2428,-1.9177));
#4958 = CIRCLE('',#4959,0.508);
#4959 = AXIS2_PLACEMENT_3D('',#4960,#4961,#4962);
#4960 = CARTESIAN_POINT('',(-1.778,11.7348,-1.9177));
#4961 = DIRECTION('',(0.,0.,-1.));
#4962 = DIRECTION('',(-1.,0.,0.));
#4963 = ORIENTED_EDGE('',*,*,#4964,.F.);
#4964 = EDGE_CURVE('',#4946,#4956,#4965,.T.);
#4965 = LINE('',#4966,#4967);
#4966 = CARTESIAN_POINT('',(-1.778,12.2428,-2.8702));
#4967 = VECTOR('',#4968,1.);
#4968 = DIRECTION('',(0.,0.,1.));
#4969 = CYLINDRICAL_SURFACE('',#4970,0.508);
#4970 = AXIS2_PLACEMENT_3D('',#4971,#4972,#4973);
#4971 = CARTESIAN_POINT('',(-1.778,11.7348,-2.8702));
#4972 = DIRECTION('',(0.,0.,-1.));
#4973 = DIRECTION('',(1.,0.,0.));
#4974 = ADVANCED_FACE('',(#4975),#5000,.F.);
#4975 = FACE_BOUND('',#4976,.T.);
#4976 = EDGE_LOOP('',(#4977,#4987,#4993,#4994));
#4977 = ORIENTED_EDGE('',*,*,#4978,.T.);
#4978 = EDGE_CURVE('',#4979,#4981,#4983,.T.);
#4979 = VERTEX_POINT('',#4980);
#4980 = CARTESIAN_POINT('',(1.778,12.2428,-2.8702));
#4981 = VERTEX_POINT('',#4982);
#4982 = CARTESIAN_POINT('',(1.778,12.2428,-1.9177));
#4983 = LINE('',#4984,#4985);
#4984 = CARTESIAN_POINT('',(1.778,12.2428,-2.8702));
#4985 = VECTOR('',#4986,1.);
#4986 = DIRECTION('',(0.,0.,1.));
#4987 = ORIENTED_EDGE('',*,*,#4988,.F.);
#4988 = EDGE_CURVE('',#4956,#4981,#4989,.T.);
#4989 = LINE('',#4990,#4991);
#4990 = CARTESIAN_POINT('',(-1.778,12.2428,-1.9177));
#4991 = VECTOR('',#4992,1.);
#4992 = DIRECTION('',(1.,0.,0.));
#4993 = ORIENTED_EDGE('',*,*,#4964,.F.);
#4994 = ORIENTED_EDGE('',*,*,#4995,.T.);
#4995 = EDGE_CURVE('',#4946,#4979,#4996,.T.);
#4996 = LINE('',#4997,#4998);
#4997 = CARTESIAN_POINT('',(-1.778,12.2428,-2.8702));
#4998 = VECTOR('',#4999,1.);
#4999 = DIRECTION('',(1.,0.,0.));
#5000 = PLANE('',#5001);
#5001 = AXIS2_PLACEMENT_3D('',#5002,#5003,#5004);
#5002 = CARTESIAN_POINT('',(-1.778,12.2428,-2.8702));
#5003 = DIRECTION('',(-0.,1.,0.));
#5004 = DIRECTION('',(1.,0.,0.));
#5005 = ADVANCED_FACE('',(#5006),#5033,.F.);
#5006 = FACE_BOUND('',#5007,.F.);
#5007 = EDGE_LOOP('',(#5008,#5017,#5018,#5027));
#5008 = ORIENTED_EDGE('',*,*,#5009,.F.);
#5009 = EDGE_CURVE('',#4979,#5010,#5012,.T.);
#5010 = VERTEX_POINT('',#5011);
#5011 = CARTESIAN_POINT('',(2.286,11.7348,-2.8702));
#5012 = CIRCLE('',#5013,0.508);
#5013 = AXIS2_PLACEMENT_3D('',#5014,#5015,#5016);
#5014 = CARTESIAN_POINT('',(1.778,11.7348,-2.8702));
#5015 = DIRECTION('',(0.,0.,-1.));
#5016 = DIRECTION('',(0.,1.,0.));
#5017 = ORIENTED_EDGE('',*,*,#4978,.T.);
#5018 = ORIENTED_EDGE('',*,*,#5019,.T.);
#5019 = EDGE_CURVE('',#4981,#5020,#5022,.T.);
#5020 = VERTEX_POINT('',#5021);
#5021 = CARTESIAN_POINT('',(2.286,11.7348,-1.9177));
#5022 = CIRCLE('',#5023,0.508);
#5023 = AXIS2_PLACEMENT_3D('',#5024,#5025,#5026);
#5024 = CARTESIAN_POINT('',(1.778,11.7348,-1.9177));
#5025 = DIRECTION('',(0.,0.,-1.));
#5026 = DIRECTION('',(0.,1.,0.));
#5027 = ORIENTED_EDGE('',*,*,#5028,.F.);
#5028 = EDGE_CURVE('',#5010,#5020,#5029,.T.);
#5029 = LINE('',#5030,#5031);
#5030 = CARTESIAN_POINT('',(2.286,11.7348,-2.8702));
#5031 = VECTOR('',#5032,1.);
#5032 = DIRECTION('',(0.,0.,1.));
#5033 = CYLINDRICAL_SURFACE('',#5034,0.508);
#5034 = AXIS2_PLACEMENT_3D('',#5035,#5036,#5037);
#5035 = CARTESIAN_POINT('',(1.778,11.7348,-2.8702));
#5036 = DIRECTION('',(0.,0.,-1.));
#5037 = DIRECTION('',(1.,0.,0.));
#5038 = ADVANCED_FACE('',(#5039),#5064,.F.);
#5039 = FACE_BOUND('',#5040,.T.);
#5040 = EDGE_LOOP('',(#5041,#5051,#5057,#5058));
#5041 = ORIENTED_EDGE('',*,*,#5042,.T.);
#5042 = EDGE_CURVE('',#5043,#5045,#5047,.T.);
#5043 = VERTEX_POINT('',#5044);
#5044 = CARTESIAN_POINT('',(2.286,10.7823,-2.8702));
#5045 = VERTEX_POINT('',#5046);
#5046 = CARTESIAN_POINT('',(2.286,10.7823,-1.9177));
#5047 = LINE('',#5048,#5049);
#5048 = CARTESIAN_POINT('',(2.286,10.7823,-2.8702));
#5049 = VECTOR('',#5050,1.);
#5050 = DIRECTION('',(0.,0.,1.));
#5051 = ORIENTED_EDGE('',*,*,#5052,.F.);
#5052 = EDGE_CURVE('',#5020,#5045,#5053,.T.);
#5053 = LINE('',#5054,#5055);
#5054 = CARTESIAN_POINT('',(2.286,11.7348,-1.9177));
#5055 = VECTOR('',#5056,1.);
#5056 = DIRECTION('',(0.,-1.,0.));
#5057 = ORIENTED_EDGE('',*,*,#5028,.F.);
#5058 = ORIENTED_EDGE('',*,*,#5059,.T.);
#5059 = EDGE_CURVE('',#5010,#5043,#5060,.T.);
#5060 = LINE('',#5061,#5062);
#5061 = CARTESIAN_POINT('',(2.286,11.7348,-2.8702));
#5062 = VECTOR('',#5063,1.);
#5063 = DIRECTION('',(0.,-1.,0.));
#5064 = PLANE('',#5065);
#5065 = AXIS2_PLACEMENT_3D('',#5066,#5067,#5068);
#5066 = CARTESIAN_POINT('',(2.286,11.7348,-2.8702));
#5067 = DIRECTION('',(1.,0.,0.));
#5068 = DIRECTION('',(0.,0.,-1.));
#5069 = ADVANCED_FACE('',(#5070),#5097,.F.);
#5070 = FACE_BOUND('',#5071,.F.);
#5071 = EDGE_LOOP('',(#5072,#5081,#5082,#5091));
#5072 = ORIENTED_EDGE('',*,*,#5073,.F.);
#5073 = EDGE_CURVE('',#5043,#5074,#5076,.T.);
#5074 = VERTEX_POINT('',#5075);
#5075 = CARTESIAN_POINT('',(1.778,10.2743,-2.8702));
#5076 = CIRCLE('',#5077,0.508);
#5077 = AXIS2_PLACEMENT_3D('',#5078,#5079,#5080);
#5078 = CARTESIAN_POINT('',(1.778,10.7823,-2.8702));
#5079 = DIRECTION('',(0.,0.,-1.));
#5080 = DIRECTION('',(1.,1.365923996832E-14,0.));
#5081 = ORIENTED_EDGE('',*,*,#5042,.T.);
#5082 = ORIENTED_EDGE('',*,*,#5083,.T.);
#5083 = EDGE_CURVE('',#5045,#5084,#5086,.T.);
#5084 = VERTEX_POINT('',#5085);
#5085 = CARTESIAN_POINT('',(1.778,10.2743,-1.9177));
#5086 = CIRCLE('',#5087,0.508);
#5087 = AXIS2_PLACEMENT_3D('',#5088,#5089,#5090);
#5088 = CARTESIAN_POINT('',(1.778,10.7823,-1.9177));
#5089 = DIRECTION('',(0.,0.,-1.));
#5090 = DIRECTION('',(1.,1.70740499604E-14,0.));
#5091 = ORIENTED_EDGE('',*,*,#5092,.F.);
#5092 = EDGE_CURVE('',#5074,#5084,#5093,.T.);
#5093 = LINE('',#5094,#5095);
#5094 = CARTESIAN_POINT('',(1.778,10.2743,-2.8702));
#5095 = VECTOR('',#5096,1.);
#5096 = DIRECTION('',(0.,0.,1.));
#5097 = CYLINDRICAL_SURFACE('',#5098,0.508);
#5098 = AXIS2_PLACEMENT_3D('',#5099,#5100,#5101);
#5099 = CARTESIAN_POINT('',(1.778,10.7823,-2.8702));
#5100 = DIRECTION('',(0.,0.,-1.));
#5101 = DIRECTION('',(1.,0.,0.));
#5102 = ADVANCED_FACE('',(#5103),#5128,.F.);
#5103 = FACE_BOUND('',#5104,.T.);
#5104 = EDGE_LOOP('',(#5105,#5115,#5121,#5122));
#5105 = ORIENTED_EDGE('',*,*,#5106,.T.);
#5106 = EDGE_CURVE('',#5107,#5109,#5111,.T.);
#5107 = VERTEX_POINT('',#5108);
#5108 = CARTESIAN_POINT('',(-1.778,10.2743,-2.8702));
#5109 = VERTEX_POINT('',#5110);
#5110 = CARTESIAN_POINT('',(-1.778,10.2743,-1.9177));
#5111 = LINE('',#5112,#5113);
#5112 = CARTESIAN_POINT('',(-1.778,10.2743,-2.8702));
#5113 = VECTOR('',#5114,1.);
#5114 = DIRECTION('',(0.,0.,1.));
#5115 = ORIENTED_EDGE('',*,*,#5116,.F.);
#5116 = EDGE_CURVE('',#5084,#5109,#5117,.T.);
#5117 = LINE('',#5118,#5119);
#5118 = CARTESIAN_POINT('',(1.778,10.2743,-1.9177));
#5119 = VECTOR('',#5120,1.);
#5120 = DIRECTION('',(-1.,0.,0.));
#5121 = ORIENTED_EDGE('',*,*,#5092,.F.);
#5122 = ORIENTED_EDGE('',*,*,#5123,.T.);
#5123 = EDGE_CURVE('',#5074,#5107,#5124,.T.);
#5124 = LINE('',#5125,#5126);
#5125 = CARTESIAN_POINT('',(1.778,10.2743,-2.8702));
#5126 = VECTOR('',#5127,1.);
#5127 = DIRECTION('',(-1.,0.,0.));
#5128 = PLANE('',#5129);
#5129 = AXIS2_PLACEMENT_3D('',#5130,#5131,#5132);
#5130 = CARTESIAN_POINT('',(1.778,10.2743,-2.8702));
#5131 = DIRECTION('',(0.,-1.,0.));
#5132 = DIRECTION('',(0.,0.,1.));
#5133 = ADVANCED_FACE('',(#5134),#5152,.F.);
#5134 = FACE_BOUND('',#5135,.F.);
#5135 = EDGE_LOOP('',(#5136,#5143,#5144,#5151));
#5136 = ORIENTED_EDGE('',*,*,#5137,.F.);
#5137 = EDGE_CURVE('',#5107,#4924,#5138,.T.);
#5138 = CIRCLE('',#5139,0.508);
#5139 = AXIS2_PLACEMENT_3D('',#5140,#5141,#5142);
#5140 = CARTESIAN_POINT('',(-1.778,10.7823,-2.8702));
#5141 = DIRECTION('',(0.,0.,-1.));
#5142 = DIRECTION('',(0.,-1.,0.));
#5143 = ORIENTED_EDGE('',*,*,#5106,.T.);
#5144 = ORIENTED_EDGE('',*,*,#5145,.T.);
#5145 = EDGE_CURVE('',#5109,#4916,#5146,.T.);
#5146 = CIRCLE('',#5147,0.508);
#5147 = AXIS2_PLACEMENT_3D('',#5148,#5149,#5150);
#5148 = CARTESIAN_POINT('',(-1.778,10.7823,-1.9177));
#5149 = DIRECTION('',(0.,0.,-1.));
#5150 = DIRECTION('',(0.,-1.,0.));
#5151 = ORIENTED_EDGE('',*,*,#4923,.F.);
#5152 = CYLINDRICAL_SURFACE('',#5153,0.508);
#5153 = AXIS2_PLACEMENT_3D('',#5154,#5155,#5156);
#5154 = CARTESIAN_POINT('',(-1.778,10.7823,-2.8702));
#5155 = DIRECTION('',(0.,0.,-1.));
#5156 = DIRECTION('',(1.,0.,0.));
#5157 = ADVANCED_FACE('',(#5158),#5192,.T.);
#5158 = FACE_BOUND('',#5159,.T.);
#5159 = EDGE_LOOP('',(#5160,#5170,#5178,#5186));
#5160 = ORIENTED_EDGE('',*,*,#5161,.T.);
#5161 = EDGE_CURVE('',#5162,#5164,#5166,.T.);
#5162 = VERTEX_POINT('',#5163);
#5163 = CARTESIAN_POINT('',(4.318,13.5636,0.678147737194));
#5164 = VERTEX_POINT('',#5165);
#5165 = CARTESIAN_POINT('',(4.318,13.5636,1.6129));
#5166 = LINE('',#5167,#5168);
#5167 = CARTESIAN_POINT('',(4.318,13.5636,0.678147737194));
#5168 = VECTOR('',#5169,1.);
#5169 = DIRECTION('',(0.,0.,1.));
#5170 = ORIENTED_EDGE('',*,*,#5171,.T.);
#5171 = EDGE_CURVE('',#5164,#5172,#5174,.T.);
#5172 = VERTEX_POINT('',#5173);
#5173 = CARTESIAN_POINT('',(4.699,13.9446,1.9939));
#5174 = LINE('',#5175,#5176);
#5175 = CARTESIAN_POINT('',(4.318,13.5636,1.6129));
#5176 = VECTOR('',#5177,1.);
#5177 = DIRECTION('',(0.57735026919,0.57735026919,0.57735026919));
#5178 = ORIENTED_EDGE('',*,*,#5179,.F.);
#5179 = EDGE_CURVE('',#5180,#5172,#5182,.T.);
#5180 = VERTEX_POINT('',#5181);
#5181 = CARTESIAN_POINT('',(4.699,13.9446,0.678147737194));
#5182 = LINE('',#5183,#5184);
#5183 = CARTESIAN_POINT('',(4.699,13.9446,0.678147737194));
#5184 = VECTOR('',#5185,1.);
#5185 = DIRECTION('',(0.,0.,1.));
#5186 = ORIENTED_EDGE('',*,*,#5187,.F.);
#5187 = EDGE_CURVE('',#5162,#5180,#5188,.T.);
#5188 = LINE('',#5189,#5190);
#5189 = CARTESIAN_POINT('',(4.318,13.5636,0.678147737194));
#5190 = VECTOR('',#5191,1.);
#5191 = DIRECTION('',(0.707106781187,0.707106781187,0.));
#5192 = PLANE('',#5193);
#5193 = AXIS2_PLACEMENT_3D('',#5194,#5195,#5196);
#5194 = CARTESIAN_POINT('',(4.5085,13.7541,-0.1524));
#5195 = DIRECTION('',(-0.707106781187,0.707106781187,0.));
#5196 = DIRECTION('',(0.,0.,-1.));
#5197 = ADVANCED_FACE('',(#5198),#5232,.T.);
#5198 = FACE_BOUND('',#5199,.T.);
#5199 = EDGE_LOOP('',(#5200,#5210,#5218,#5226));
#5200 = ORIENTED_EDGE('',*,*,#5201,.F.);
#5201 = EDGE_CURVE('',#5202,#5204,#5206,.T.);
#5202 = VERTEX_POINT('',#5203);
#5203 = CARTESIAN_POINT('',(4.699,13.9446,-2.2987));
#5204 = VERTEX_POINT('',#5205);
#5205 = CARTESIAN_POINT('',(4.699,13.9446,-1.440147737194));
#5206 = LINE('',#5207,#5208);
#5207 = CARTESIAN_POINT('',(4.699,13.9446,-2.2987));
#5208 = VECTOR('',#5209,1.);
#5209 = DIRECTION('',(0.,0.,1.));
#5210 = ORIENTED_EDGE('',*,*,#5211,.F.);
#5211 = EDGE_CURVE('',#5212,#5202,#5214,.T.);
#5212 = VERTEX_POINT('',#5213);
#5213 = CARTESIAN_POINT('',(4.318,13.5636,-1.9177));
#5214 = LINE('',#5215,#5216);
#5215 = CARTESIAN_POINT('',(4.318,13.5636,-1.9177));
#5216 = VECTOR('',#5217,1.);
#5217 = DIRECTION('',(0.57735026919,0.57735026919,-0.57735026919));
#5218 = ORIENTED_EDGE('',*,*,#5219,.T.);
#5219 = EDGE_CURVE('',#5212,#5220,#5222,.T.);
#5220 = VERTEX_POINT('',#5221);
#5221 = CARTESIAN_POINT('',(4.318,13.5636,-1.440147737194));
#5222 = LINE('',#5223,#5224);
#5223 = CARTESIAN_POINT('',(4.318,13.5636,-1.9177));
#5224 = VECTOR('',#5225,1.);
#5225 = DIRECTION('',(0.,0.,1.));
#5226 = ORIENTED_EDGE('',*,*,#5227,.T.);
#5227 = EDGE_CURVE('',#5220,#5204,#5228,.T.);
#5228 = LINE('',#5229,#5230);
#5229 = CARTESIAN_POINT('',(4.318,13.5636,-1.440147737194));
#5230 = VECTOR('',#5231,1.);
#5231 = DIRECTION('',(0.707106781187,0.707106781187,0.));
#5232 = PLANE('',#5233);
#5233 = AXIS2_PLACEMENT_3D('',#5234,#5235,#5236);
#5234 = CARTESIAN_POINT('',(4.5085,13.7541,-0.1524));
#5235 = DIRECTION('',(-0.707106781187,0.707106781187,0.));
#5236 = DIRECTION('',(0.,0.,-1.));
#5237 = ADVANCED_FACE('',(#5238),#5320,.T.);
#5238 = FACE_BOUND('',#5239,.T.);
#5239 = EDGE_LOOP('',(#5240,#5250,#5258,#5266,#5274,#5282,#5290,#5298,
    #5306,#5314));
#5240 = ORIENTED_EDGE('',*,*,#5241,.F.);
#5241 = EDGE_CURVE('',#5242,#5244,#5246,.T.);
#5242 = VERTEX_POINT('',#5243);
#5243 = CARTESIAN_POINT('',(5.334,13.9446,0.678147737194));
#5244 = VERTEX_POINT('',#5245);
#5245 = CARTESIAN_POINT('',(5.334,13.4366,0.678147737194));
#5246 = LINE('',#5247,#5248);
#5247 = CARTESIAN_POINT('',(5.334,13.9446,0.678147737194));
#5248 = VECTOR('',#5249,1.);
#5249 = DIRECTION('',(0.,-1.,0.));
#5250 = ORIENTED_EDGE('',*,*,#5251,.T.);
#5251 = EDGE_CURVE('',#5242,#5252,#5254,.T.);
#5252 = VERTEX_POINT('',#5253);
#5253 = CARTESIAN_POINT('',(5.334,13.9446,2.5654));
#5254 = LINE('',#5255,#5256);
#5255 = CARTESIAN_POINT('',(5.334,13.9446,0.678147737194));
#5256 = VECTOR('',#5257,1.);
#5257 = DIRECTION('',(0.,0.,1.));
#5258 = ORIENTED_EDGE('',*,*,#5259,.T.);
#5259 = EDGE_CURVE('',#5252,#5260,#5262,.T.);
#5260 = VERTEX_POINT('',#5261);
#5261 = CARTESIAN_POINT('',(5.334,1.734723475977E-15,2.5654));
#5262 = LINE('',#5263,#5264);
#5263 = CARTESIAN_POINT('',(5.334,13.9446,2.5654));
#5264 = VECTOR('',#5265,1.);
#5265 = DIRECTION('',(0.,-1.,0.));
#5266 = ORIENTED_EDGE('',*,*,#5267,.T.);
#5267 = EDGE_CURVE('',#5260,#5268,#5270,.T.);
#5268 = VERTEX_POINT('',#5269);
#5269 = CARTESIAN_POINT('',(5.334,1.734723475977E-15,-2.8702));
#5270 = LINE('',#5271,#5272);
#5271 = CARTESIAN_POINT('',(5.334,1.734723475977E-15,2.5654));
#5272 = VECTOR('',#5273,1.);
#5273 = DIRECTION('',(0.,0.,-1.));
#5274 = ORIENTED_EDGE('',*,*,#5275,.T.);
#5275 = EDGE_CURVE('',#5268,#5276,#5278,.T.);
#5276 = VERTEX_POINT('',#5277);
#5277 = CARTESIAN_POINT('',(5.334,13.9446,-2.8702));
#5278 = LINE('',#5279,#5280);
#5279 = CARTESIAN_POINT('',(5.334,1.734723475977E-15,-2.8702));
#5280 = VECTOR('',#5281,1.);
#5281 = DIRECTION('',(0.,1.,0.));
#5282 = ORIENTED_EDGE('',*,*,#5283,.T.);
#5283 = EDGE_CURVE('',#5276,#5284,#5286,.T.);
#5284 = VERTEX_POINT('',#5285);
#5285 = CARTESIAN_POINT('',(5.334,13.9446,-1.440147737194));
#5286 = LINE('',#5287,#5288);
#5287 = CARTESIAN_POINT('',(5.334,13.9446,-2.8702));
#5288 = VECTOR('',#5289,1.);
#5289 = DIRECTION('',(0.,0.,1.));
#5290 = ORIENTED_EDGE('',*,*,#5291,.T.);
#5291 = EDGE_CURVE('',#5284,#5292,#5294,.T.);
#5292 = VERTEX_POINT('',#5293);
#5293 = CARTESIAN_POINT('',(5.334,13.4366,-1.440147737194));
#5294 = LINE('',#5295,#5296);
#5295 = CARTESIAN_POINT('',(5.334,13.9446,-1.440147737194));
#5296 = VECTOR('',#5297,1.);
#5297 = DIRECTION('',(0.,-1.,0.));
#5298 = ORIENTED_EDGE('',*,*,#5299,.F.);
#5299 = EDGE_CURVE('',#5300,#5292,#5302,.T.);
#5300 = VERTEX_POINT('',#5301);
#5301 = CARTESIAN_POINT('',(5.334,12.8016,-1.27));
#5302 = LINE('',#5303,#5304);
#5303 = CARTESIAN_POINT('',(5.334,12.8016,-1.27));
#5304 = VECTOR('',#5305,1.);
#5305 = DIRECTION('',(0.,0.965925826289,-0.258819045102));
#5306 = ORIENTED_EDGE('',*,*,#5307,.F.);
#5307 = EDGE_CURVE('',#5308,#5300,#5310,.T.);
#5308 = VERTEX_POINT('',#5309);
#5309 = CARTESIAN_POINT('',(5.334,12.8016,0.508));
#5310 = LINE('',#5311,#5312);
#5311 = CARTESIAN_POINT('',(5.334,12.8016,0.508));
#5312 = VECTOR('',#5313,1.);
#5313 = DIRECTION('',(0.,0.,-1.));
#5314 = ORIENTED_EDGE('',*,*,#5315,.F.);
#5315 = EDGE_CURVE('',#5244,#5308,#5316,.T.);
#5316 = LINE('',#5317,#5318);
#5317 = CARTESIAN_POINT('',(5.334,13.4366,0.678147737194));
#5318 = VECTOR('',#5319,1.);
#5319 = DIRECTION('',(0.,-0.965925826289,-0.258819045102));
#5320 = PLANE('',#5321);
#5321 = AXIS2_PLACEMENT_3D('',#5322,#5323,#5324);
#5322 = CARTESIAN_POINT('',(5.334,13.9446,-0.1524));
#5323 = DIRECTION('',(1.,0.,0.));
#5324 = DIRECTION('',(0.,0.,-1.));
#5325 = ADVANCED_FACE('',(#5326),#5360,.T.);
#5326 = FACE_BOUND('',#5327,.T.);
#5327 = EDGE_LOOP('',(#5328,#5338,#5346,#5354));
#5328 = ORIENTED_EDGE('',*,*,#5329,.T.);
#5329 = EDGE_CURVE('',#5330,#5332,#5334,.T.);
#5330 = VERTEX_POINT('',#5331);
#5331 = CARTESIAN_POINT('',(2.8575,5.5626,0.3175));
#5332 = VERTEX_POINT('',#5333);
#5333 = CARTESIAN_POINT('',(2.8575,11.6586,0.3175));
#5334 = LINE('',#5335,#5336);
#5335 = CARTESIAN_POINT('',(2.8575,5.5626,0.3175));
#5336 = VECTOR('',#5337,1.);
#5337 = DIRECTION('',(0.,1.,0.));
#5338 = ORIENTED_EDGE('',*,*,#5339,.T.);
#5339 = EDGE_CURVE('',#5332,#5340,#5342,.T.);
#5340 = VERTEX_POINT('',#5341);
#5341 = CARTESIAN_POINT('',(2.2225,11.6586,0.3175));
#5342 = LINE('',#5343,#5344);
#5343 = CARTESIAN_POINT('',(2.8575,11.6586,0.3175));
#5344 = VECTOR('',#5345,1.);
#5345 = DIRECTION('',(-1.,0.,0.));
#5346 = ORIENTED_EDGE('',*,*,#5347,.F.);
#5347 = EDGE_CURVE('',#5348,#5340,#5350,.T.);
#5348 = VERTEX_POINT('',#5349);
#5349 = CARTESIAN_POINT('',(2.2225,5.5626,0.3175));
#5350 = LINE('',#5351,#5352);
#5351 = CARTESIAN_POINT('',(2.2225,5.5626,0.3175));
#5352 = VECTOR('',#5353,1.);
#5353 = DIRECTION('',(0.,1.,0.));
#5354 = ORIENTED_EDGE('',*,*,#5355,.F.);
#5355 = EDGE_CURVE('',#5330,#5348,#5356,.T.);
#5356 = LINE('',#5357,#5358);
#5357 = CARTESIAN_POINT('',(2.8575,5.5626,0.3175));
#5358 = VECTOR('',#5359,1.);
#5359 = DIRECTION('',(-1.,0.,0.));
#5360 = PLANE('',#5361);
#5361 = AXIS2_PLACEMENT_3D('',#5362,#5363,#5364);
#5362 = CARTESIAN_POINT('',(2.8575,5.5626,0.3175));
#5363 = DIRECTION('',(0.,0.,1.));
#5364 = DIRECTION('',(0.,-1.,0.));
#5365 = ADVANCED_FACE('',(#5366),#5391,.T.);
#5366 = FACE_BOUND('',#5367,.T.);
#5367 = EDGE_LOOP('',(#5368,#5378,#5384,#5385));
#5368 = ORIENTED_EDGE('',*,*,#5369,.T.);
#5369 = EDGE_CURVE('',#5370,#5372,#5374,.T.);
#5370 = VERTEX_POINT('',#5371);
#5371 = CARTESIAN_POINT('',(2.8575,11.6586,-0.3175));
#5372 = VERTEX_POINT('',#5373);
#5373 = CARTESIAN_POINT('',(2.2225,11.6586,-0.3175));
#5374 = LINE('',#5375,#5376);
#5375 = CARTESIAN_POINT('',(2.8575,11.6586,-0.3175));
#5376 = VECTOR('',#5377,1.);
#5377 = DIRECTION('',(-1.,0.,0.));
#5378 = ORIENTED_EDGE('',*,*,#5379,.F.);
#5379 = EDGE_CURVE('',#5340,#5372,#5380,.T.);
#5380 = LINE('',#5381,#5382);
#5381 = CARTESIAN_POINT('',(2.2225,11.6586,0.3175));
#5382 = VECTOR('',#5383,1.);
#5383 = DIRECTION('',(0.,0.,-1.));
#5384 = ORIENTED_EDGE('',*,*,#5339,.F.);
#5385 = ORIENTED_EDGE('',*,*,#5386,.T.);
#5386 = EDGE_CURVE('',#5332,#5370,#5387,.T.);
#5387 = LINE('',#5388,#5389);
#5388 = CARTESIAN_POINT('',(2.8575,11.6586,0.3175));
#5389 = VECTOR('',#5390,1.);
#5390 = DIRECTION('',(0.,0.,-1.));
#5391 = PLANE('',#5392);
#5392 = AXIS2_PLACEMENT_3D('',#5393,#5394,#5395);
#5393 = CARTESIAN_POINT('',(2.8575,11.6586,0.3175));
#5394 = DIRECTION('',(-0.,1.,0.));
#5395 = DIRECTION('',(1.,0.,0.));
#5396 = ADVANCED_FACE('',(#5397),#5422,.T.);
#5397 = FACE_BOUND('',#5398,.T.);
#5398 = EDGE_LOOP('',(#5399,#5407,#5408,#5416));
#5399 = ORIENTED_EDGE('',*,*,#5400,.F.);
#5400 = EDGE_CURVE('',#5372,#5401,#5403,.T.);
#5401 = VERTEX_POINT('',#5402);
#5402 = CARTESIAN_POINT('',(2.2225,5.5626,-0.3175));
#5403 = LINE('',#5404,#5405);
#5404 = CARTESIAN_POINT('',(2.2225,11.6586,-0.3175));
#5405 = VECTOR('',#5406,1.);
#5406 = DIRECTION('',(0.,-1.,0.));
#5407 = ORIENTED_EDGE('',*,*,#5369,.F.);
#5408 = ORIENTED_EDGE('',*,*,#5409,.T.);
#5409 = EDGE_CURVE('',#5370,#5410,#5412,.T.);
#5410 = VERTEX_POINT('',#5411);
#5411 = CARTESIAN_POINT('',(2.8575,5.5626,-0.3175));
#5412 = LINE('',#5413,#5414);
#5413 = CARTESIAN_POINT('',(2.8575,11.6586,-0.3175));
#5414 = VECTOR('',#5415,1.);
#5415 = DIRECTION('',(0.,-1.,0.));
#5416 = ORIENTED_EDGE('',*,*,#5417,.T.);
#5417 = EDGE_CURVE('',#5410,#5401,#5418,.T.);
#5418 = LINE('',#5419,#5420);
#5419 = CARTESIAN_POINT('',(2.8575,5.5626,-0.3175));
#5420 = VECTOR('',#5421,1.);
#5421 = DIRECTION('',(-1.,0.,0.));
#5422 = PLANE('',#5423);
#5423 = AXIS2_PLACEMENT_3D('',#5424,#5425,#5426);
#5424 = CARTESIAN_POINT('',(2.8575,11.6586,-0.3175));
#5425 = DIRECTION('',(0.,0.,-1.));
#5426 = DIRECTION('',(1.,0.,0.));
#5427 = ADVANCED_FACE('',(#5428),#5462,.T.);
#5428 = FACE_BOUND('',#5429,.T.);
#5429 = EDGE_LOOP('',(#5430,#5440,#5448,#5456));
#5430 = ORIENTED_EDGE('',*,*,#5431,.T.);
#5431 = EDGE_CURVE('',#5432,#5434,#5436,.T.);
#5432 = VERTEX_POINT('',#5433);
#5433 = CARTESIAN_POINT('',(2.8575,-3.302,0.3175));
#5434 = VERTEX_POINT('',#5435);
#5435 = CARTESIAN_POINT('',(2.2225,-3.302,0.3175));
#5436 = LINE('',#5437,#5438);
#5437 = CARTESIAN_POINT('',(2.8575,-3.302,0.3175));
#5438 = VECTOR('',#5439,1.);
#5439 = DIRECTION('',(-1.,0.,0.));
#5440 = ORIENTED_EDGE('',*,*,#5441,.F.);
#5441 = EDGE_CURVE('',#5442,#5434,#5444,.T.);
#5442 = VERTEX_POINT('',#5443);
#5443 = CARTESIAN_POINT('',(2.2225,-3.302,-0.3175));
#5444 = LINE('',#5445,#5446);
#5445 = CARTESIAN_POINT('',(2.2225,-3.302,-0.3175));
#5446 = VECTOR('',#5447,1.);
#5447 = DIRECTION('',(0.,0.,1.));
#5448 = ORIENTED_EDGE('',*,*,#5449,.F.);
#5449 = EDGE_CURVE('',#5450,#5442,#5452,.T.);
#5450 = VERTEX_POINT('',#5451);
#5451 = CARTESIAN_POINT('',(2.8575,-3.302,-0.3175));
#5452 = LINE('',#5453,#5454);
#5453 = CARTESIAN_POINT('',(2.8575,-3.302,-0.3175));
#5454 = VECTOR('',#5455,1.);
#5455 = DIRECTION('',(-1.,0.,0.));
#5456 = ORIENTED_EDGE('',*,*,#5457,.T.);
#5457 = EDGE_CURVE('',#5450,#5432,#5458,.T.);
#5458 = LINE('',#5459,#5460);
#5459 = CARTESIAN_POINT('',(2.8575,-3.302,-0.3175));
#5460 = VECTOR('',#5461,1.);
#5461 = DIRECTION('',(0.,0.,1.));
#5462 = PLANE('',#5463);
#5463 = AXIS2_PLACEMENT_3D('',#5464,#5465,#5466);
#5464 = CARTESIAN_POINT('',(2.8575,-3.302,-0.3175));
#5465 = DIRECTION('',(0.,-1.,0.));
#5466 = DIRECTION('',(0.,0.,1.));
#5467 = ADVANCED_FACE('',(#5468),#5493,.T.);
#5468 = FACE_BOUND('',#5469,.T.);
#5469 = EDGE_LOOP('',(#5470,#5478,#5479,#5487));
#5470 = ORIENTED_EDGE('',*,*,#5471,.F.);
#5471 = EDGE_CURVE('',#5434,#5472,#5474,.T.);
#5472 = VERTEX_POINT('',#5473);
#5473 = CARTESIAN_POINT('',(2.2225,1.734723475977E-15,0.3175));
#5474 = LINE('',#5475,#5476);
#5475 = CARTESIAN_POINT('',(2.2225,-3.302,0.3175));
#5476 = VECTOR('',#5477,1.);
#5477 = DIRECTION('',(0.,1.,0.));
#5478 = ORIENTED_EDGE('',*,*,#5431,.F.);
#5479 = ORIENTED_EDGE('',*,*,#5480,.T.);
#5480 = EDGE_CURVE('',#5432,#5481,#5483,.T.);
#5481 = VERTEX_POINT('',#5482);
#5482 = CARTESIAN_POINT('',(2.8575,1.734723475977E-15,0.3175));
#5483 = LINE('',#5484,#5485);
#5484 = CARTESIAN_POINT('',(2.8575,-3.302,0.3175));
#5485 = VECTOR('',#5486,1.);
#5486 = DIRECTION('',(0.,1.,0.));
#5487 = ORIENTED_EDGE('',*,*,#5488,.T.);
#5488 = EDGE_CURVE('',#5481,#5472,#5489,.T.);
#5489 = LINE('',#5490,#5491);
#5490 = CARTESIAN_POINT('',(2.8575,1.734723475977E-15,0.3175));
#5491 = VECTOR('',#5492,1.);
#5492 = DIRECTION('',(-1.,0.,0.));
#5493 = PLANE('',#5494);
#5494 = AXIS2_PLACEMENT_3D('',#5495,#5496,#5497);
#5495 = CARTESIAN_POINT('',(2.8575,-3.302,0.3175));
#5496 = DIRECTION('',(0.,0.,1.));
#5497 = DIRECTION('',(0.,-1.,0.));
#5498 = ADVANCED_FACE('',(#5499),#5510,.T.);
#5499 = FACE_BOUND('',#5500,.T.);
#5500 = EDGE_LOOP('',(#5501,#5502,#5503,#5504));
#5501 = ORIENTED_EDGE('',*,*,#5347,.T.);
#5502 = ORIENTED_EDGE('',*,*,#5379,.T.);
#5503 = ORIENTED_EDGE('',*,*,#5400,.T.);
#5504 = ORIENTED_EDGE('',*,*,#5505,.T.);
#5505 = EDGE_CURVE('',#5401,#5348,#5506,.T.);
#5506 = LINE('',#5507,#5508);
#5507 = CARTESIAN_POINT('',(2.2225,5.5626,-0.3175));
#5508 = VECTOR('',#5509,1.);
#5509 = DIRECTION('',(0.,0.,1.));
#5510 = PLANE('',#5511);
#5511 = AXIS2_PLACEMENT_3D('',#5512,#5513,#5514);
#5512 = CARTESIAN_POINT('',(2.2225,13.9446,-1.328147661295E-15));
#5513 = DIRECTION('',(-1.,0.,0.));
#5514 = DIRECTION('',(0.,1.,0.));
#5515 = ADVANCED_FACE('',(#5516),#5534,.T.);
#5516 = FACE_BOUND('',#5517,.T.);
#5517 = EDGE_LOOP('',(#5518,#5526,#5527,#5528));
#5518 = ORIENTED_EDGE('',*,*,#5519,.T.);
#5519 = EDGE_CURVE('',#5520,#5442,#5522,.T.);
#5520 = VERTEX_POINT('',#5521);
#5521 = CARTESIAN_POINT('',(2.2225,1.734723475977E-15,-0.3175));
#5522 = LINE('',#5523,#5524);
#5523 = CARTESIAN_POINT('',(2.2225,1.734723475977E-15,-0.3175));
#5524 = VECTOR('',#5525,1.);
#5525 = DIRECTION('',(0.,-1.,0.));
#5526 = ORIENTED_EDGE('',*,*,#5441,.T.);
#5527 = ORIENTED_EDGE('',*,*,#5471,.T.);
#5528 = ORIENTED_EDGE('',*,*,#5529,.F.);
#5529 = EDGE_CURVE('',#5520,#5472,#5530,.T.);
#5530 = LINE('',#5531,#5532);
#5531 = CARTESIAN_POINT('',(2.2225,1.734723475977E-15,-0.3175));
#5532 = VECTOR('',#5533,1.);
#5533 = DIRECTION('',(0.,0.,1.));
#5534 = PLANE('',#5535);
#5535 = AXIS2_PLACEMENT_3D('',#5536,#5537,#5538);
#5536 = CARTESIAN_POINT('',(2.2225,13.9446,-1.328147661295E-15));
#5537 = DIRECTION('',(-1.,0.,0.));
#5538 = DIRECTION('',(0.,1.,0.));
#5539 = ADVANCED_FACE('',(#5540),#5558,.T.);
#5540 = FACE_BOUND('',#5541,.T.);
#5541 = EDGE_LOOP('',(#5542,#5550,#5551,#5552));
#5542 = ORIENTED_EDGE('',*,*,#5543,.T.);
#5543 = EDGE_CURVE('',#5544,#5450,#5546,.T.);
#5544 = VERTEX_POINT('',#5545);
#5545 = CARTESIAN_POINT('',(2.8575,1.734723475977E-15,-0.3175));
#5546 = LINE('',#5547,#5548);
#5547 = CARTESIAN_POINT('',(2.8575,1.734723475977E-15,-0.3175));
#5548 = VECTOR('',#5549,1.);
#5549 = DIRECTION('',(0.,-1.,0.));
#5550 = ORIENTED_EDGE('',*,*,#5449,.T.);
#5551 = ORIENTED_EDGE('',*,*,#5519,.F.);
#5552 = ORIENTED_EDGE('',*,*,#5553,.F.);
#5553 = EDGE_CURVE('',#5544,#5520,#5554,.T.);
#5554 = LINE('',#5555,#5556);
#5555 = CARTESIAN_POINT('',(2.8575,1.734723475977E-15,-0.3175));
#5556 = VECTOR('',#5557,1.);
#5557 = DIRECTION('',(-1.,0.,0.));
#5558 = PLANE('',#5559);
#5559 = AXIS2_PLACEMENT_3D('',#5560,#5561,#5562);
#5560 = CARTESIAN_POINT('',(2.8575,1.734723475977E-15,-0.3175));
#5561 = DIRECTION('',(0.,0.,-1.));
#5562 = DIRECTION('',(1.,0.,0.));
#5563 = ADVANCED_FACE('',(#5564),#5575,.F.);
#5564 = FACE_BOUND('',#5565,.T.);
#5565 = EDGE_LOOP('',(#5566,#5567,#5568,#5569));
#5566 = ORIENTED_EDGE('',*,*,#5409,.F.);
#5567 = ORIENTED_EDGE('',*,*,#5386,.F.);
#5568 = ORIENTED_EDGE('',*,*,#5329,.F.);
#5569 = ORIENTED_EDGE('',*,*,#5570,.F.);
#5570 = EDGE_CURVE('',#5410,#5330,#5571,.T.);
#5571 = LINE('',#5572,#5573);
#5572 = CARTESIAN_POINT('',(2.8575,5.5626,-0.3175));
#5573 = VECTOR('',#5574,1.);
#5574 = DIRECTION('',(0.,0.,1.));
#5575 = PLANE('',#5576);
#5576 = AXIS2_PLACEMENT_3D('',#5577,#5578,#5579);
#5577 = CARTESIAN_POINT('',(2.8575,13.9446,-1.328147661295E-15));
#5578 = DIRECTION('',(-1.,0.,0.));
#5579 = DIRECTION('',(0.,1.,0.));
#5580 = ADVANCED_FACE('',(#5581),#5592,.F.);
#5581 = FACE_BOUND('',#5582,.T.);
#5582 = EDGE_LOOP('',(#5583,#5584,#5585,#5586));
#5583 = ORIENTED_EDGE('',*,*,#5480,.F.);
#5584 = ORIENTED_EDGE('',*,*,#5457,.F.);
#5585 = ORIENTED_EDGE('',*,*,#5543,.F.);
#5586 = ORIENTED_EDGE('',*,*,#5587,.T.);
#5587 = EDGE_CURVE('',#5544,#5481,#5588,.T.);
#5588 = LINE('',#5589,#5590);
#5589 = CARTESIAN_POINT('',(2.8575,1.734723475977E-15,-0.3175));
#5590 = VECTOR('',#5591,1.);
#5591 = DIRECTION('',(0.,0.,1.));
#5592 = PLANE('',#5593);
#5593 = AXIS2_PLACEMENT_3D('',#5594,#5595,#5596);
#5594 = CARTESIAN_POINT('',(2.8575,13.9446,-1.328147661295E-15));
#5595 = DIRECTION('',(-1.,0.,0.));
#5596 = DIRECTION('',(0.,1.,0.));
#5597 = ADVANCED_FACE('',(#5598),#5632,.T.);
#5598 = FACE_BOUND('',#5599,.T.);
#5599 = EDGE_LOOP('',(#5600,#5610,#5618,#5626));
#5600 = ORIENTED_EDGE('',*,*,#5601,.T.);
#5601 = EDGE_CURVE('',#5602,#5604,#5606,.T.);
#5602 = VERTEX_POINT('',#5603);
#5603 = CARTESIAN_POINT('',(0.3175,5.5626,0.3175));
#5604 = VERTEX_POINT('',#5605);
#5605 = CARTESIAN_POINT('',(0.3175,11.6586,0.3175));
#5606 = LINE('',#5607,#5608);
#5607 = CARTESIAN_POINT('',(0.3175,5.5626,0.3175));
#5608 = VECTOR('',#5609,1.);
#5609 = DIRECTION('',(0.,1.,0.));
#5610 = ORIENTED_EDGE('',*,*,#5611,.T.);
#5611 = EDGE_CURVE('',#5604,#5612,#5614,.T.);
#5612 = VERTEX_POINT('',#5613);
#5613 = CARTESIAN_POINT('',(-0.3175,11.6586,0.3175));
#5614 = LINE('',#5615,#5616);
#5615 = CARTESIAN_POINT('',(0.3175,11.6586,0.3175));
#5616 = VECTOR('',#5617,1.);
#5617 = DIRECTION('',(-1.,0.,0.));
#5618 = ORIENTED_EDGE('',*,*,#5619,.F.);
#5619 = EDGE_CURVE('',#5620,#5612,#5622,.T.);
#5620 = VERTEX_POINT('',#5621);
#5621 = CARTESIAN_POINT('',(-0.3175,5.5626,0.3175));
#5622 = LINE('',#5623,#5624);
#5623 = CARTESIAN_POINT('',(-0.3175,5.5626,0.3175));
#5624 = VECTOR('',#5625,1.);
#5625 = DIRECTION('',(0.,1.,0.));
#5626 = ORIENTED_EDGE('',*,*,#5627,.F.);
#5627 = EDGE_CURVE('',#5602,#5620,#5628,.T.);
#5628 = LINE('',#5629,#5630);
#5629 = CARTESIAN_POINT('',(0.3175,5.5626,0.3175));
#5630 = VECTOR('',#5631,1.);
#5631 = DIRECTION('',(-1.,0.,0.));
#5632 = PLANE('',#5633);
#5633 = AXIS2_PLACEMENT_3D('',#5634,#5635,#5636);
#5634 = CARTESIAN_POINT('',(0.3175,5.5626,0.3175));
#5635 = DIRECTION('',(0.,0.,1.));
#5636 = DIRECTION('',(0.,-1.,0.));
#5637 = ADVANCED_FACE('',(#5638),#5663,.T.);
#5638 = FACE_BOUND('',#5639,.T.);
#5639 = EDGE_LOOP('',(#5640,#5650,#5656,#5657));
#5640 = ORIENTED_EDGE('',*,*,#5641,.T.);
#5641 = EDGE_CURVE('',#5642,#5644,#5646,.T.);
#5642 = VERTEX_POINT('',#5643);
#5643 = CARTESIAN_POINT('',(0.3175,11.6586,-0.3175));
#5644 = VERTEX_POINT('',#5645);
#5645 = CARTESIAN_POINT('',(-0.3175,11.6586,-0.3175));
#5646 = LINE('',#5647,#5648);
#5647 = CARTESIAN_POINT('',(0.3175,11.6586,-0.3175));
#5648 = VECTOR('',#5649,1.);
#5649 = DIRECTION('',(-1.,0.,0.));
#5650 = ORIENTED_EDGE('',*,*,#5651,.F.);
#5651 = EDGE_CURVE('',#5612,#5644,#5652,.T.);
#5652 = LINE('',#5653,#5654);
#5653 = CARTESIAN_POINT('',(-0.3175,11.6586,0.3175));
#5654 = VECTOR('',#5655,1.);
#5655 = DIRECTION('',(0.,0.,-1.));
#5656 = ORIENTED_EDGE('',*,*,#5611,.F.);
#5657 = ORIENTED_EDGE('',*,*,#5658,.T.);
#5658 = EDGE_CURVE('',#5604,#5642,#5659,.T.);
#5659 = LINE('',#5660,#5661);
#5660 = CARTESIAN_POINT('',(0.3175,11.6586,0.3175));
#5661 = VECTOR('',#5662,1.);
#5662 = DIRECTION('',(0.,0.,-1.));
#5663 = PLANE('',#5664);
#5664 = AXIS2_PLACEMENT_3D('',#5665,#5666,#5667);
#5665 = CARTESIAN_POINT('',(0.3175,11.6586,0.3175));
#5666 = DIRECTION('',(-0.,1.,0.));
#5667 = DIRECTION('',(1.,0.,0.));
#5668 = ADVANCED_FACE('',(#5669),#5694,.T.);
#5669 = FACE_BOUND('',#5670,.T.);
#5670 = EDGE_LOOP('',(#5671,#5679,#5680,#5688));
#5671 = ORIENTED_EDGE('',*,*,#5672,.F.);
#5672 = EDGE_CURVE('',#5644,#5673,#5675,.T.);
#5673 = VERTEX_POINT('',#5674);
#5674 = CARTESIAN_POINT('',(-0.3175,5.5626,-0.3175));
#5675 = LINE('',#5676,#5677);
#5676 = CARTESIAN_POINT('',(-0.3175,11.6586,-0.3175));
#5677 = VECTOR('',#5678,1.);
#5678 = DIRECTION('',(0.,-1.,0.));
#5679 = ORIENTED_EDGE('',*,*,#5641,.F.);
#5680 = ORIENTED_EDGE('',*,*,#5681,.T.);
#5681 = EDGE_CURVE('',#5642,#5682,#5684,.T.);
#5682 = VERTEX_POINT('',#5683);
#5683 = CARTESIAN_POINT('',(0.3175,5.5626,-0.3175));
#5684 = LINE('',#5685,#5686);
#5685 = CARTESIAN_POINT('',(0.3175,11.6586,-0.3175));
#5686 = VECTOR('',#5687,1.);
#5687 = DIRECTION('',(0.,-1.,0.));
#5688 = ORIENTED_EDGE('',*,*,#5689,.T.);
#5689 = EDGE_CURVE('',#5682,#5673,#5690,.T.);
#5690 = LINE('',#5691,#5692);
#5691 = CARTESIAN_POINT('',(0.3175,5.5626,-0.3175));
#5692 = VECTOR('',#5693,1.);
#5693 = DIRECTION('',(-1.,0.,0.));
#5694 = PLANE('',#5695);
#5695 = AXIS2_PLACEMENT_3D('',#5696,#5697,#5698);
#5696 = CARTESIAN_POINT('',(0.3175,11.6586,-0.3175));
#5697 = DIRECTION('',(0.,0.,-1.));
#5698 = DIRECTION('',(1.,0.,0.));
#5699 = ADVANCED_FACE('',(#5700),#5734,.T.);
#5700 = FACE_BOUND('',#5701,.T.);
#5701 = EDGE_LOOP('',(#5702,#5712,#5720,#5728));
#5702 = ORIENTED_EDGE('',*,*,#5703,.T.);
#5703 = EDGE_CURVE('',#5704,#5706,#5708,.T.);
#5704 = VERTEX_POINT('',#5705);
#5705 = CARTESIAN_POINT('',(0.3175,-3.302,0.3175));
#5706 = VERTEX_POINT('',#5707);
#5707 = CARTESIAN_POINT('',(-0.3175,-3.302,0.3175));
#5708 = LINE('',#5709,#5710);
#5709 = CARTESIAN_POINT('',(0.3175,-3.302,0.3175));
#5710 = VECTOR('',#5711,1.);
#5711 = DIRECTION('',(-1.,0.,0.));
#5712 = ORIENTED_EDGE('',*,*,#5713,.F.);
#5713 = EDGE_CURVE('',#5714,#5706,#5716,.T.);
#5714 = VERTEX_POINT('',#5715);
#5715 = CARTESIAN_POINT('',(-0.3175,-3.302,-0.3175));
#5716 = LINE('',#5717,#5718);
#5717 = CARTESIAN_POINT('',(-0.3175,-3.302,-0.3175));
#5718 = VECTOR('',#5719,1.);
#5719 = DIRECTION('',(0.,0.,1.));
#5720 = ORIENTED_EDGE('',*,*,#5721,.F.);
#5721 = EDGE_CURVE('',#5722,#5714,#5724,.T.);
#5722 = VERTEX_POINT('',#5723);
#5723 = CARTESIAN_POINT('',(0.3175,-3.302,-0.3175));
#5724 = LINE('',#5725,#5726);
#5725 = CARTESIAN_POINT('',(0.3175,-3.302,-0.3175));
#5726 = VECTOR('',#5727,1.);
#5727 = DIRECTION('',(-1.,0.,0.));
#5728 = ORIENTED_EDGE('',*,*,#5729,.T.);
#5729 = EDGE_CURVE('',#5722,#5704,#5730,.T.);
#5730 = LINE('',#5731,#5732);
#5731 = CARTESIAN_POINT('',(0.3175,-3.302,-0.3175));
#5732 = VECTOR('',#5733,1.);
#5733 = DIRECTION('',(0.,0.,1.));
#5734 = PLANE('',#5735);
#5735 = AXIS2_PLACEMENT_3D('',#5736,#5737,#5738);
#5736 = CARTESIAN_POINT('',(0.3175,-3.302,-0.3175));
#5737 = DIRECTION('',(0.,-1.,0.));
#5738 = DIRECTION('',(0.,0.,1.));
#5739 = ADVANCED_FACE('',(#5740),#5765,.T.);
#5740 = FACE_BOUND('',#5741,.T.);
#5741 = EDGE_LOOP('',(#5742,#5750,#5751,#5759));
#5742 = ORIENTED_EDGE('',*,*,#5743,.F.);
#5743 = EDGE_CURVE('',#5706,#5744,#5746,.T.);
#5744 = VERTEX_POINT('',#5745);
#5745 = CARTESIAN_POINT('',(-0.3175,1.734723475977E-15,0.3175));
#5746 = LINE('',#5747,#5748);
#5747 = CARTESIAN_POINT('',(-0.3175,-3.302,0.3175));
#5748 = VECTOR('',#5749,1.);
#5749 = DIRECTION('',(0.,1.,0.));
#5750 = ORIENTED_EDGE('',*,*,#5703,.F.);
#5751 = ORIENTED_EDGE('',*,*,#5752,.T.);
#5752 = EDGE_CURVE('',#5704,#5753,#5755,.T.);
#5753 = VERTEX_POINT('',#5754);
#5754 = CARTESIAN_POINT('',(0.3175,1.734723475977E-15,0.3175));
#5755 = LINE('',#5756,#5757);
#5756 = CARTESIAN_POINT('',(0.3175,-3.302,0.3175));
#5757 = VECTOR('',#5758,1.);
#5758 = DIRECTION('',(0.,1.,0.));
#5759 = ORIENTED_EDGE('',*,*,#5760,.T.);
#5760 = EDGE_CURVE('',#5753,#5744,#5761,.T.);
#5761 = LINE('',#5762,#5763);
#5762 = CARTESIAN_POINT('',(0.3175,1.734723475977E-15,0.3175));
#5763 = VECTOR('',#5764,1.);
#5764 = DIRECTION('',(-1.,0.,0.));
#5765 = PLANE('',#5766);
#5766 = AXIS2_PLACEMENT_3D('',#5767,#5768,#5769);
#5767 = CARTESIAN_POINT('',(0.3175,-3.302,0.3175));
#5768 = DIRECTION('',(0.,0.,1.));
#5769 = DIRECTION('',(0.,-1.,0.));
#5770 = ADVANCED_FACE('',(#5771),#5782,.T.);
#5771 = FACE_BOUND('',#5772,.T.);
#5772 = EDGE_LOOP('',(#5773,#5774,#5775,#5776));
#5773 = ORIENTED_EDGE('',*,*,#5619,.T.);
#5774 = ORIENTED_EDGE('',*,*,#5651,.T.);
#5775 = ORIENTED_EDGE('',*,*,#5672,.T.);
#5776 = ORIENTED_EDGE('',*,*,#5777,.T.);
#5777 = EDGE_CURVE('',#5673,#5620,#5778,.T.);
#5778 = LINE('',#5779,#5780);
#5779 = CARTESIAN_POINT('',(-0.3175,5.5626,-0.3175));
#5780 = VECTOR('',#5781,1.);
#5781 = DIRECTION('',(0.,0.,1.));
#5782 = PLANE('',#5783);
#5783 = AXIS2_PLACEMENT_3D('',#5784,#5785,#5786);
#5784 = CARTESIAN_POINT('',(-0.3175,13.9446,-1.328147661295E-15));
#5785 = DIRECTION('',(-1.,0.,0.));
#5786 = DIRECTION('',(0.,1.,0.));
#5787 = ADVANCED_FACE('',(#5788),#5806,.T.);
#5788 = FACE_BOUND('',#5789,.T.);
#5789 = EDGE_LOOP('',(#5790,#5798,#5799,#5800));
#5790 = ORIENTED_EDGE('',*,*,#5791,.T.);
#5791 = EDGE_CURVE('',#5792,#5714,#5794,.T.);
#5792 = VERTEX_POINT('',#5793);
#5793 = CARTESIAN_POINT('',(-0.3175,1.734723475977E-15,-0.3175));
#5794 = LINE('',#5795,#5796);
#5795 = CARTESIAN_POINT('',(-0.3175,1.734723475977E-15,-0.3175));
#5796 = VECTOR('',#5797,1.);
#5797 = DIRECTION('',(0.,-1.,0.));
#5798 = ORIENTED_EDGE('',*,*,#5713,.T.);
#5799 = ORIENTED_EDGE('',*,*,#5743,.T.);
#5800 = ORIENTED_EDGE('',*,*,#5801,.F.);
#5801 = EDGE_CURVE('',#5792,#5744,#5802,.T.);
#5802 = LINE('',#5803,#5804);
#5803 = CARTESIAN_POINT('',(-0.3175,1.734723475977E-15,-0.3175));
#5804 = VECTOR('',#5805,1.);
#5805 = DIRECTION('',(0.,0.,1.));
#5806 = PLANE('',#5807);
#5807 = AXIS2_PLACEMENT_3D('',#5808,#5809,#5810);
#5808 = CARTESIAN_POINT('',(-0.3175,13.9446,-1.328147661295E-15));
#5809 = DIRECTION('',(-1.,0.,0.));
#5810 = DIRECTION('',(0.,1.,0.));
#5811 = ADVANCED_FACE('',(#5812),#5830,.T.);
#5812 = FACE_BOUND('',#5813,.T.);
#5813 = EDGE_LOOP('',(#5814,#5822,#5823,#5824));
#5814 = ORIENTED_EDGE('',*,*,#5815,.T.);
#5815 = EDGE_CURVE('',#5816,#5722,#5818,.T.);
#5816 = VERTEX_POINT('',#5817);
#5817 = CARTESIAN_POINT('',(0.3175,1.734723475977E-15,-0.3175));
#5818 = LINE('',#5819,#5820);
#5819 = CARTESIAN_POINT('',(0.3175,1.734723475977E-15,-0.3175));
#5820 = VECTOR('',#5821,1.);
#5821 = DIRECTION('',(0.,-1.,0.));
#5822 = ORIENTED_EDGE('',*,*,#5721,.T.);
#5823 = ORIENTED_EDGE('',*,*,#5791,.F.);
#5824 = ORIENTED_EDGE('',*,*,#5825,.F.);
#5825 = EDGE_CURVE('',#5816,#5792,#5826,.T.);
#5826 = LINE('',#5827,#5828);
#5827 = CARTESIAN_POINT('',(0.3175,1.734723475977E-15,-0.3175));
#5828 = VECTOR('',#5829,1.);
#5829 = DIRECTION('',(-1.,0.,0.));
#5830 = PLANE('',#5831);
#5831 = AXIS2_PLACEMENT_3D('',#5832,#5833,#5834);
#5832 = CARTESIAN_POINT('',(0.3175,1.734723475977E-15,-0.3175));
#5833 = DIRECTION('',(0.,0.,-1.));
#5834 = DIRECTION('',(1.,0.,0.));
#5835 = ADVANCED_FACE('',(#5836),#5847,.F.);
#5836 = FACE_BOUND('',#5837,.T.);
#5837 = EDGE_LOOP('',(#5838,#5839,#5840,#5841));
#5838 = ORIENTED_EDGE('',*,*,#5681,.F.);
#5839 = ORIENTED_EDGE('',*,*,#5658,.F.);
#5840 = ORIENTED_EDGE('',*,*,#5601,.F.);
#5841 = ORIENTED_EDGE('',*,*,#5842,.F.);
#5842 = EDGE_CURVE('',#5682,#5602,#5843,.T.);
#5843 = LINE('',#5844,#5845);
#5844 = CARTESIAN_POINT('',(0.3175,5.5626,-0.3175));
#5845 = VECTOR('',#5846,1.);
#5846 = DIRECTION('',(0.,0.,1.));
#5847 = PLANE('',#5848);
#5848 = AXIS2_PLACEMENT_3D('',#5849,#5850,#5851);
#5849 = CARTESIAN_POINT('',(0.3175,13.9446,-1.328147661295E-15));
#5850 = DIRECTION('',(-1.,0.,0.));
#5851 = DIRECTION('',(0.,1.,0.));
#5852 = ADVANCED_FACE('',(#5853),#5864,.F.);
#5853 = FACE_BOUND('',#5854,.T.);
#5854 = EDGE_LOOP('',(#5855,#5856,#5857,#5858));
#5855 = ORIENTED_EDGE('',*,*,#5752,.F.);
#5856 = ORIENTED_EDGE('',*,*,#5729,.F.);
#5857 = ORIENTED_EDGE('',*,*,#5815,.F.);
#5858 = ORIENTED_EDGE('',*,*,#5859,.T.);
#5859 = EDGE_CURVE('',#5816,#5753,#5860,.T.);
#5860 = LINE('',#5861,#5862);
#5861 = CARTESIAN_POINT('',(0.3175,1.734723475977E-15,-0.3175));
#5862 = VECTOR('',#5863,1.);
#5863 = DIRECTION('',(0.,0.,1.));
#5864 = PLANE('',#5865);
#5865 = AXIS2_PLACEMENT_3D('',#5866,#5867,#5868);
#5866 = CARTESIAN_POINT('',(0.3175,13.9446,-1.328147661295E-15));
#5867 = DIRECTION('',(-1.,0.,0.));
#5868 = DIRECTION('',(0.,1.,0.));
#5869 = ADVANCED_FACE('',(#5870),#5904,.T.);
#5870 = FACE_BOUND('',#5871,.T.);
#5871 = EDGE_LOOP('',(#5872,#5882,#5890,#5898));
#5872 = ORIENTED_EDGE('',*,*,#5873,.T.);
#5873 = EDGE_CURVE('',#5874,#5876,#5878,.T.);
#5874 = VERTEX_POINT('',#5875);
#5875 = CARTESIAN_POINT('',(-2.2225,5.5626,0.3175));
#5876 = VERTEX_POINT('',#5877);
#5877 = CARTESIAN_POINT('',(-2.2225,11.6586,0.3175));
#5878 = LINE('',#5879,#5880);
#5879 = CARTESIAN_POINT('',(-2.2225,5.5626,0.3175));
#5880 = VECTOR('',#5881,1.);
#5881 = DIRECTION('',(0.,1.,0.));
#5882 = ORIENTED_EDGE('',*,*,#5883,.T.);
#5883 = EDGE_CURVE('',#5876,#5884,#5886,.T.);
#5884 = VERTEX_POINT('',#5885);
#5885 = CARTESIAN_POINT('',(-2.8575,11.6586,0.3175));
#5886 = LINE('',#5887,#5888);
#5887 = CARTESIAN_POINT('',(-2.2225,11.6586,0.3175));
#5888 = VECTOR('',#5889,1.);
#5889 = DIRECTION('',(-1.,0.,0.));
#5890 = ORIENTED_EDGE('',*,*,#5891,.F.);
#5891 = EDGE_CURVE('',#5892,#5884,#5894,.T.);
#5892 = VERTEX_POINT('',#5893);
#5893 = CARTESIAN_POINT('',(-2.8575,5.5626,0.3175));
#5894 = LINE('',#5895,#5896);
#5895 = CARTESIAN_POINT('',(-2.8575,5.5626,0.3175));
#5896 = VECTOR('',#5897,1.);
#5897 = DIRECTION('',(0.,1.,0.));
#5898 = ORIENTED_EDGE('',*,*,#5899,.F.);
#5899 = EDGE_CURVE('',#5874,#5892,#5900,.T.);
#5900 = LINE('',#5901,#5902);
#5901 = CARTESIAN_POINT('',(-2.2225,5.5626,0.3175));
#5902 = VECTOR('',#5903,1.);
#5903 = DIRECTION('',(-1.,0.,0.));
#5904 = PLANE('',#5905);
#5905 = AXIS2_PLACEMENT_3D('',#5906,#5907,#5908);
#5906 = CARTESIAN_POINT('',(-2.2225,5.5626,0.3175));
#5907 = DIRECTION('',(0.,0.,1.));
#5908 = DIRECTION('',(0.,-1.,0.));
#5909 = ADVANCED_FACE('',(#5910),#5935,.T.);
#5910 = FACE_BOUND('',#5911,.T.);
#5911 = EDGE_LOOP('',(#5912,#5922,#5928,#5929));
#5912 = ORIENTED_EDGE('',*,*,#5913,.T.);
#5913 = EDGE_CURVE('',#5914,#5916,#5918,.T.);
#5914 = VERTEX_POINT('',#5915);
#5915 = CARTESIAN_POINT('',(-2.2225,11.6586,-0.3175));
#5916 = VERTEX_POINT('',#5917);
#5917 = CARTESIAN_POINT('',(-2.8575,11.6586,-0.3175));
#5918 = LINE('',#5919,#5920);
#5919 = CARTESIAN_POINT('',(-2.2225,11.6586,-0.3175));
#5920 = VECTOR('',#5921,1.);
#5921 = DIRECTION('',(-1.,0.,0.));
#5922 = ORIENTED_EDGE('',*,*,#5923,.F.);
#5923 = EDGE_CURVE('',#5884,#5916,#5924,.T.);
#5924 = LINE('',#5925,#5926);
#5925 = CARTESIAN_POINT('',(-2.8575,11.6586,0.3175));
#5926 = VECTOR('',#5927,1.);
#5927 = DIRECTION('',(0.,0.,-1.));
#5928 = ORIENTED_EDGE('',*,*,#5883,.F.);
#5929 = ORIENTED_EDGE('',*,*,#5930,.T.);
#5930 = EDGE_CURVE('',#5876,#5914,#5931,.T.);
#5931 = LINE('',#5932,#5933);
#5932 = CARTESIAN_POINT('',(-2.2225,11.6586,0.3175));
#5933 = VECTOR('',#5934,1.);
#5934 = DIRECTION('',(0.,0.,-1.));
#5935 = PLANE('',#5936);
#5936 = AXIS2_PLACEMENT_3D('',#5937,#5938,#5939);
#5937 = CARTESIAN_POINT('',(-2.2225,11.6586,0.3175));
#5938 = DIRECTION('',(-0.,1.,0.));
#5939 = DIRECTION('',(1.,0.,0.));
#5940 = ADVANCED_FACE('',(#5941),#5966,.T.);
#5941 = FACE_BOUND('',#5942,.T.);
#5942 = EDGE_LOOP('',(#5943,#5951,#5952,#5960));
#5943 = ORIENTED_EDGE('',*,*,#5944,.F.);
#5944 = EDGE_CURVE('',#5916,#5945,#5947,.T.);
#5945 = VERTEX_POINT('',#5946);
#5946 = CARTESIAN_POINT('',(-2.8575,5.5626,-0.3175));
#5947 = LINE('',#5948,#5949);
#5948 = CARTESIAN_POINT('',(-2.8575,11.6586,-0.3175));
#5949 = VECTOR('',#5950,1.);
#5950 = DIRECTION('',(0.,-1.,0.));
#5951 = ORIENTED_EDGE('',*,*,#5913,.F.);
#5952 = ORIENTED_EDGE('',*,*,#5953,.T.);
#5953 = EDGE_CURVE('',#5914,#5954,#5956,.T.);
#5954 = VERTEX_POINT('',#5955);
#5955 = CARTESIAN_POINT('',(-2.2225,5.5626,-0.3175));
#5956 = LINE('',#5957,#5958);
#5957 = CARTESIAN_POINT('',(-2.2225,11.6586,-0.3175));
#5958 = VECTOR('',#5959,1.);
#5959 = DIRECTION('',(0.,-1.,0.));
#5960 = ORIENTED_EDGE('',*,*,#5961,.T.);
#5961 = EDGE_CURVE('',#5954,#5945,#5962,.T.);
#5962 = LINE('',#5963,#5964);
#5963 = CARTESIAN_POINT('',(-2.2225,5.5626,-0.3175));
#5964 = VECTOR('',#5965,1.);
#5965 = DIRECTION('',(-1.,0.,0.));
#5966 = PLANE('',#5967);
#5967 = AXIS2_PLACEMENT_3D('',#5968,#5969,#5970);
#5968 = CARTESIAN_POINT('',(-2.2225,11.6586,-0.3175));
#5969 = DIRECTION('',(0.,0.,-1.));
#5970 = DIRECTION('',(1.,0.,0.));
#5971 = ADVANCED_FACE('',(#5972),#6006,.T.);
#5972 = FACE_BOUND('',#5973,.T.);
#5973 = EDGE_LOOP('',(#5974,#5984,#5992,#6000));
#5974 = ORIENTED_EDGE('',*,*,#5975,.T.);
#5975 = EDGE_CURVE('',#5976,#5978,#5980,.T.);
#5976 = VERTEX_POINT('',#5977);
#5977 = CARTESIAN_POINT('',(-2.2225,-3.302,0.3175));
#5978 = VERTEX_POINT('',#5979);
#5979 = CARTESIAN_POINT('',(-2.8575,-3.302,0.3175));
#5980 = LINE('',#5981,#5982);
#5981 = CARTESIAN_POINT('',(-2.2225,-3.302,0.3175));
#5982 = VECTOR('',#5983,1.);
#5983 = DIRECTION('',(-1.,0.,0.));
#5984 = ORIENTED_EDGE('',*,*,#5985,.F.);
#5985 = EDGE_CURVE('',#5986,#5978,#5988,.T.);
#5986 = VERTEX_POINT('',#5987);
#5987 = CARTESIAN_POINT('',(-2.8575,-3.302,-0.3175));
#5988 = LINE('',#5989,#5990);
#5989 = CARTESIAN_POINT('',(-2.8575,-3.302,-0.3175));
#5990 = VECTOR('',#5991,1.);
#5991 = DIRECTION('',(0.,0.,1.));
#5992 = ORIENTED_EDGE('',*,*,#5993,.F.);
#5993 = EDGE_CURVE('',#5994,#5986,#5996,.T.);
#5994 = VERTEX_POINT('',#5995);
#5995 = CARTESIAN_POINT('',(-2.2225,-3.302,-0.3175));
#5996 = LINE('',#5997,#5998);
#5997 = CARTESIAN_POINT('',(-2.2225,-3.302,-0.3175));
#5998 = VECTOR('',#5999,1.);
#5999 = DIRECTION('',(-1.,0.,0.));
#6000 = ORIENTED_EDGE('',*,*,#6001,.T.);
#6001 = EDGE_CURVE('',#5994,#5976,#6002,.T.);
#6002 = LINE('',#6003,#6004);
#6003 = CARTESIAN_POINT('',(-2.2225,-3.302,-0.3175));
#6004 = VECTOR('',#6005,1.);
#6005 = DIRECTION('',(0.,0.,1.));
#6006 = PLANE('',#6007);
#6007 = AXIS2_PLACEMENT_3D('',#6008,#6009,#6010);
#6008 = CARTESIAN_POINT('',(-2.2225,-3.302,-0.3175));
#6009 = DIRECTION('',(0.,-1.,0.));
#6010 = DIRECTION('',(0.,0.,1.));
#6011 = ADVANCED_FACE('',(#6012),#6037,.T.);
#6012 = FACE_BOUND('',#6013,.T.);
#6013 = EDGE_LOOP('',(#6014,#6022,#6023,#6031));
#6014 = ORIENTED_EDGE('',*,*,#6015,.F.);
#6015 = EDGE_CURVE('',#5978,#6016,#6018,.T.);
#6016 = VERTEX_POINT('',#6017);
#6017 = CARTESIAN_POINT('',(-2.8575,1.734723475977E-15,0.3175));
#6018 = LINE('',#6019,#6020);
#6019 = CARTESIAN_POINT('',(-2.8575,-3.302,0.3175));
#6020 = VECTOR('',#6021,1.);
#6021 = DIRECTION('',(0.,1.,0.));
#6022 = ORIENTED_EDGE('',*,*,#5975,.F.);
#6023 = ORIENTED_EDGE('',*,*,#6024,.T.);
#6024 = EDGE_CURVE('',#5976,#6025,#6027,.T.);
#6025 = VERTEX_POINT('',#6026);
#6026 = CARTESIAN_POINT('',(-2.2225,1.734723475977E-15,0.3175));
#6027 = LINE('',#6028,#6029);
#6028 = CARTESIAN_POINT('',(-2.2225,-3.302,0.3175));
#6029 = VECTOR('',#6030,1.);
#6030 = DIRECTION('',(0.,1.,0.));
#6031 = ORIENTED_EDGE('',*,*,#6032,.T.);
#6032 = EDGE_CURVE('',#6025,#6016,#6033,.T.);
#6033 = LINE('',#6034,#6035);
#6034 = CARTESIAN_POINT('',(-2.2225,1.734723475977E-15,0.3175));
#6035 = VECTOR('',#6036,1.);
#6036 = DIRECTION('',(-1.,0.,0.));
#6037 = PLANE('',#6038);
#6038 = AXIS2_PLACEMENT_3D('',#6039,#6040,#6041);
#6039 = CARTESIAN_POINT('',(-2.2225,-3.302,0.3175));
#6040 = DIRECTION('',(0.,0.,1.));
#6041 = DIRECTION('',(0.,-1.,0.));
#6042 = ADVANCED_FACE('',(#6043),#6054,.T.);
#6043 = FACE_BOUND('',#6044,.T.);
#6044 = EDGE_LOOP('',(#6045,#6046,#6047,#6048));
#6045 = ORIENTED_EDGE('',*,*,#5891,.T.);
#6046 = ORIENTED_EDGE('',*,*,#5923,.T.);
#6047 = ORIENTED_EDGE('',*,*,#5944,.T.);
#6048 = ORIENTED_EDGE('',*,*,#6049,.T.);
#6049 = EDGE_CURVE('',#5945,#5892,#6050,.T.);
#6050 = LINE('',#6051,#6052);
#6051 = CARTESIAN_POINT('',(-2.8575,5.5626,-0.3175));
#6052 = VECTOR('',#6053,1.);
#6053 = DIRECTION('',(0.,0.,1.));
#6054 = PLANE('',#6055);
#6055 = AXIS2_PLACEMENT_3D('',#6056,#6057,#6058);
#6056 = CARTESIAN_POINT('',(-2.8575,13.9446,-1.328147661295E-15));
#6057 = DIRECTION('',(-1.,0.,0.));
#6058 = DIRECTION('',(0.,1.,0.));
#6059 = ADVANCED_FACE('',(#6060),#6078,.T.);
#6060 = FACE_BOUND('',#6061,.T.);
#6061 = EDGE_LOOP('',(#6062,#6070,#6071,#6072));
#6062 = ORIENTED_EDGE('',*,*,#6063,.T.);
#6063 = EDGE_CURVE('',#6064,#5986,#6066,.T.);
#6064 = VERTEX_POINT('',#6065);
#6065 = CARTESIAN_POINT('',(-2.8575,1.734723475977E-15,-0.3175));
#6066 = LINE('',#6067,#6068);
#6067 = CARTESIAN_POINT('',(-2.8575,1.734723475977E-15,-0.3175));
#6068 = VECTOR('',#6069,1.);
#6069 = DIRECTION('',(0.,-1.,0.));
#6070 = ORIENTED_EDGE('',*,*,#5985,.T.);
#6071 = ORIENTED_EDGE('',*,*,#6015,.T.);
#6072 = ORIENTED_EDGE('',*,*,#6073,.F.);
#6073 = EDGE_CURVE('',#6064,#6016,#6074,.T.);
#6074 = LINE('',#6075,#6076);
#6075 = CARTESIAN_POINT('',(-2.8575,1.734723475977E-15,-0.3175));
#6076 = VECTOR('',#6077,1.);
#6077 = DIRECTION('',(0.,0.,1.));
#6078 = PLANE('',#6079);
#6079 = AXIS2_PLACEMENT_3D('',#6080,#6081,#6082);
#6080 = CARTESIAN_POINT('',(-2.8575,13.9446,-1.328147661295E-15));
#6081 = DIRECTION('',(-1.,0.,0.));
#6082 = DIRECTION('',(0.,1.,0.));
#6083 = ADVANCED_FACE('',(#6084),#6102,.T.);
#6084 = FACE_BOUND('',#6085,.T.);
#6085 = EDGE_LOOP('',(#6086,#6094,#6095,#6096));
#6086 = ORIENTED_EDGE('',*,*,#6087,.T.);
#6087 = EDGE_CURVE('',#6088,#5994,#6090,.T.);
#6088 = VERTEX_POINT('',#6089);
#6089 = CARTESIAN_POINT('',(-2.2225,1.734723475977E-15,-0.3175));
#6090 = LINE('',#6091,#6092);
#6091 = CARTESIAN_POINT('',(-2.2225,1.734723475977E-15,-0.3175));
#6092 = VECTOR('',#6093,1.);
#6093 = DIRECTION('',(0.,-1.,0.));
#6094 = ORIENTED_EDGE('',*,*,#5993,.T.);
#6095 = ORIENTED_EDGE('',*,*,#6063,.F.);
#6096 = ORIENTED_EDGE('',*,*,#6097,.F.);
#6097 = EDGE_CURVE('',#6088,#6064,#6098,.T.);
#6098 = LINE('',#6099,#6100);
#6099 = CARTESIAN_POINT('',(-2.2225,1.734723475977E-15,-0.3175));
#6100 = VECTOR('',#6101,1.);
#6101 = DIRECTION('',(-1.,0.,0.));
#6102 = PLANE('',#6103);
#6103 = AXIS2_PLACEMENT_3D('',#6104,#6105,#6106);
#6104 = CARTESIAN_POINT('',(-2.2225,1.734723475977E-15,-0.3175));
#6105 = DIRECTION('',(0.,0.,-1.));
#6106 = DIRECTION('',(1.,0.,0.));
#6107 = ADVANCED_FACE('',(#6108),#6119,.F.);
#6108 = FACE_BOUND('',#6109,.T.);
#6109 = EDGE_LOOP('',(#6110,#6111,#6112,#6113));
#6110 = ORIENTED_EDGE('',*,*,#5953,.F.);
#6111 = ORIENTED_EDGE('',*,*,#5930,.F.);
#6112 = ORIENTED_EDGE('',*,*,#5873,.F.);
#6113 = ORIENTED_EDGE('',*,*,#6114,.F.);
#6114 = EDGE_CURVE('',#5954,#5874,#6115,.T.);
#6115 = LINE('',#6116,#6117);
#6116 = CARTESIAN_POINT('',(-2.2225,5.5626,-0.3175));
#6117 = VECTOR('',#6118,1.);
#6118 = DIRECTION('',(0.,0.,1.));
#6119 = PLANE('',#6120);
#6120 = AXIS2_PLACEMENT_3D('',#6121,#6122,#6123);
#6121 = CARTESIAN_POINT('',(-2.2225,13.9446,-1.328147661295E-15));
#6122 = DIRECTION('',(-1.,0.,0.));
#6123 = DIRECTION('',(0.,1.,0.));
#6124 = ADVANCED_FACE('',(#6125),#6136,.F.);
#6125 = FACE_BOUND('',#6126,.T.);
#6126 = EDGE_LOOP('',(#6127,#6128,#6129,#6130));
#6127 = ORIENTED_EDGE('',*,*,#6024,.F.);
#6128 = ORIENTED_EDGE('',*,*,#6001,.F.);
#6129 = ORIENTED_EDGE('',*,*,#6087,.F.);
#6130 = ORIENTED_EDGE('',*,*,#6131,.T.);
#6131 = EDGE_CURVE('',#6088,#6025,#6132,.T.);
#6132 = LINE('',#6133,#6134);
#6133 = CARTESIAN_POINT('',(-2.2225,1.734723475977E-15,-0.3175));
#6134 = VECTOR('',#6135,1.);
#6135 = DIRECTION('',(0.,0.,1.));
#6136 = PLANE('',#6137);
#6137 = AXIS2_PLACEMENT_3D('',#6138,#6139,#6140);
#6138 = CARTESIAN_POINT('',(-2.2225,13.9446,-1.328147661295E-15));
#6139 = DIRECTION('',(-1.,0.,0.));
#6140 = DIRECTION('',(0.,1.,0.));
#6141 = ADVANCED_FACE('',(#6142),#6184,.F.);
#6142 = FACE_BOUND('',#6143,.T.);
#6143 = EDGE_LOOP('',(#6144,#6154,#6162,#6170,#6178));
#6144 = ORIENTED_EDGE('',*,*,#6145,.F.);
#6145 = EDGE_CURVE('',#6146,#6148,#6150,.T.);
#6146 = VERTEX_POINT('',#6147);
#6147 = CARTESIAN_POINT('',(2.7305,13.5636,1.6129));
#6148 = VERTEX_POINT('',#6149);
#6149 = CARTESIAN_POINT('',(2.7305,13.9446,1.9939));
#6150 = LINE('',#6151,#6152);
#6151 = CARTESIAN_POINT('',(2.7305,13.5636,1.6129));
#6152 = VECTOR('',#6153,1.);
#6153 = DIRECTION('',(0.,0.707106781187,0.707106781187));
#6154 = ORIENTED_EDGE('',*,*,#6155,.F.);
#6155 = EDGE_CURVE('',#6156,#6146,#6158,.T.);
#6156 = VERTEX_POINT('',#6157);
#6157 = CARTESIAN_POINT('',(2.7305,5.5626,1.6129));
#6158 = LINE('',#6159,#6160);
#6159 = CARTESIAN_POINT('',(2.7305,5.5626,1.6129));
#6160 = VECTOR('',#6161,1.);
#6161 = DIRECTION('',(0.,1.,0.));
#6162 = ORIENTED_EDGE('',*,*,#6163,.F.);
#6163 = EDGE_CURVE('',#6164,#6156,#6166,.T.);
#6164 = VERTEX_POINT('',#6165);
#6165 = CARTESIAN_POINT('',(2.7305,5.5626,2.5654));
#6166 = LINE('',#6167,#6168);
#6167 = CARTESIAN_POINT('',(2.7305,5.5626,2.5654));
#6168 = VECTOR('',#6169,1.);
#6169 = DIRECTION('',(0.,0.,-1.));
#6170 = ORIENTED_EDGE('',*,*,#6171,.F.);
#6171 = EDGE_CURVE('',#6172,#6164,#6174,.T.);
#6172 = VERTEX_POINT('',#6173);
#6173 = CARTESIAN_POINT('',(2.7305,13.9446,2.5654));
#6174 = LINE('',#6175,#6176);
#6175 = CARTESIAN_POINT('',(2.7305,13.9446,2.5654));
#6176 = VECTOR('',#6177,1.);
#6177 = DIRECTION('',(0.,-1.,0.));
#6178 = ORIENTED_EDGE('',*,*,#6179,.T.);
#6179 = EDGE_CURVE('',#6172,#6148,#6180,.T.);
#6180 = LINE('',#6181,#6182);
#6181 = CARTESIAN_POINT('',(2.7305,13.9446,2.5654));
#6182 = VECTOR('',#6183,1.);
#6183 = DIRECTION('',(0.,0.,-1.));
#6184 = PLANE('',#6185);
#6185 = AXIS2_PLACEMENT_3D('',#6186,#6187,#6188);
#6186 = CARTESIAN_POINT('',(2.7305,13.9446,2.5654));
#6187 = DIRECTION('',(1.,0.,0.));
#6188 = DIRECTION('',(0.,0.,-1.));
#6189 = ADVANCED_FACE('',(#6190),#6213,.F.);
#6190 = FACE_BOUND('',#6191,.T.);
#6191 = EDGE_LOOP('',(#6192,#6198,#6206,#6212));
#6192 = ORIENTED_EDGE('',*,*,#6193,.F.);
#6193 = EDGE_CURVE('',#5164,#6146,#6194,.T.);
#6194 = LINE('',#6195,#6196);
#6195 = CARTESIAN_POINT('',(4.318,13.5636,1.6129));
#6196 = VECTOR('',#6197,1.);
#6197 = DIRECTION('',(-1.,0.,0.));
#6198 = ORIENTED_EDGE('',*,*,#6199,.T.);
#6199 = EDGE_CURVE('',#5164,#6200,#6202,.T.);
#6200 = VERTEX_POINT('',#6201);
#6201 = CARTESIAN_POINT('',(4.318,5.5626,1.6129));
#6202 = LINE('',#6203,#6204);
#6203 = CARTESIAN_POINT('',(4.318,13.5636,1.6129));
#6204 = VECTOR('',#6205,1.);
#6205 = DIRECTION('',(0.,-1.,0.));
#6206 = ORIENTED_EDGE('',*,*,#6207,.F.);
#6207 = EDGE_CURVE('',#6156,#6200,#6208,.T.);
#6208 = LINE('',#6209,#6210);
#6209 = CARTESIAN_POINT('',(2.7305,5.5626,1.6129));
#6210 = VECTOR('',#6211,1.);
#6211 = DIRECTION('',(1.,0.,0.));
#6212 = ORIENTED_EDGE('',*,*,#6155,.T.);
#6213 = PLANE('',#6214);
#6214 = AXIS2_PLACEMENT_3D('',#6215,#6216,#6217);
#6215 = CARTESIAN_POINT('',(-4.318,13.9446,1.6129));
#6216 = DIRECTION('',(0.,0.,1.));
#6217 = DIRECTION('',(0.,-1.,0.));
#6218 = ADVANCED_FACE('',(#6219),#6253,.F.);
#6219 = FACE_BOUND('',#6220,.T.);
#6220 = EDGE_LOOP('',(#6221,#6231,#6239,#6247));
#6221 = ORIENTED_EDGE('',*,*,#6222,.F.);
#6222 = EDGE_CURVE('',#6223,#6225,#6227,.T.);
#6223 = VERTEX_POINT('',#6224);
#6224 = CARTESIAN_POINT('',(-4.318,5.5626,1.6129));
#6225 = VERTEX_POINT('',#6226);
#6226 = CARTESIAN_POINT('',(-2.7305,5.5626,1.6129));
#6227 = LINE('',#6228,#6229);
#6228 = CARTESIAN_POINT('',(-4.318,5.5626,1.6129));
#6229 = VECTOR('',#6230,1.);
#6230 = DIRECTION('',(1.,0.,0.));
#6231 = ORIENTED_EDGE('',*,*,#6232,.F.);
#6232 = EDGE_CURVE('',#6233,#6223,#6235,.T.);
#6233 = VERTEX_POINT('',#6234);
#6234 = CARTESIAN_POINT('',(-4.318,13.5636,1.6129));
#6235 = LINE('',#6236,#6237);
#6236 = CARTESIAN_POINT('',(-4.318,13.5636,1.6129));
#6237 = VECTOR('',#6238,1.);
#6238 = DIRECTION('',(0.,-1.,0.));
#6239 = ORIENTED_EDGE('',*,*,#6240,.F.);
#6240 = EDGE_CURVE('',#6241,#6233,#6243,.T.);
#6241 = VERTEX_POINT('',#6242);
#6242 = CARTESIAN_POINT('',(-2.7305,13.5636,1.6129));
#6243 = LINE('',#6244,#6245);
#6244 = CARTESIAN_POINT('',(-2.7305,13.5636,1.6129));
#6245 = VECTOR('',#6246,1.);
#6246 = DIRECTION('',(-1.,0.,0.));
#6247 = ORIENTED_EDGE('',*,*,#6248,.F.);
#6248 = EDGE_CURVE('',#6225,#6241,#6249,.T.);
#6249 = LINE('',#6250,#6251);
#6250 = CARTESIAN_POINT('',(-2.7305,5.5626,1.6129));
#6251 = VECTOR('',#6252,1.);
#6252 = DIRECTION('',(0.,1.,0.));
#6253 = PLANE('',#6254);
#6254 = AXIS2_PLACEMENT_3D('',#6255,#6256,#6257);
#6255 = CARTESIAN_POINT('',(-4.318,13.9446,1.6129));
#6256 = DIRECTION('',(0.,0.,1.));
#6257 = DIRECTION('',(0.,-1.,0.));
#6258 = ADVANCED_FACE('',(#6259,#6265,#6271,#6277),#6318,.T.);
#6259 = FACE_BOUND('',#6260,.T.);
#6260 = EDGE_LOOP('',(#6261,#6262,#6263,#6264));
#6261 = ORIENTED_EDGE('',*,*,#5355,.T.);
#6262 = ORIENTED_EDGE('',*,*,#5505,.F.);
#6263 = ORIENTED_EDGE('',*,*,#5417,.F.);
#6264 = ORIENTED_EDGE('',*,*,#5570,.T.);
#6265 = FACE_BOUND('',#6266,.T.);
#6266 = EDGE_LOOP('',(#6267,#6268,#6269,#6270));
#6267 = ORIENTED_EDGE('',*,*,#5627,.T.);
#6268 = ORIENTED_EDGE('',*,*,#5777,.F.);
#6269 = ORIENTED_EDGE('',*,*,#5689,.F.);
#6270 = ORIENTED_EDGE('',*,*,#5842,.T.);
#6271 = FACE_BOUND('',#6272,.T.);
#6272 = EDGE_LOOP('',(#6273,#6274,#6275,#6276));
#6273 = ORIENTED_EDGE('',*,*,#5899,.T.);
#6274 = ORIENTED_EDGE('',*,*,#6049,.F.);
#6275 = ORIENTED_EDGE('',*,*,#5961,.F.);
#6276 = ORIENTED_EDGE('',*,*,#6114,.T.);
#6277 = FACE_BOUND('',#6278,.T.);
#6278 = EDGE_LOOP('',(#6279,#6287,#6295,#6301,#6302,#6310,#6316,#6317));
#6279 = ORIENTED_EDGE('',*,*,#6280,.T.);
#6280 = EDGE_CURVE('',#6200,#6281,#6283,.T.);
#6281 = VERTEX_POINT('',#6282);
#6282 = CARTESIAN_POINT('',(4.318,5.5626,-1.9177));
#6283 = LINE('',#6284,#6285);
#6284 = CARTESIAN_POINT('',(4.318,5.5626,1.6129));
#6285 = VECTOR('',#6286,1.);
#6286 = DIRECTION('',(0.,0.,-1.));
#6287 = ORIENTED_EDGE('',*,*,#6288,.T.);
#6288 = EDGE_CURVE('',#6281,#6289,#6291,.T.);
#6289 = VERTEX_POINT('',#6290);
#6290 = CARTESIAN_POINT('',(-4.318,5.5626,-1.9177));
#6291 = LINE('',#6292,#6293);
#6292 = CARTESIAN_POINT('',(4.318,5.5626,-1.9177));
#6293 = VECTOR('',#6294,1.);
#6294 = DIRECTION('',(-1.,0.,0.));
#6295 = ORIENTED_EDGE('',*,*,#6296,.T.);
#6296 = EDGE_CURVE('',#6289,#6223,#6297,.T.);
#6297 = LINE('',#6298,#6299);
#6298 = CARTESIAN_POINT('',(-4.318,5.5626,-1.9177));
#6299 = VECTOR('',#6300,1.);
#6300 = DIRECTION('',(0.,0.,1.));
#6301 = ORIENTED_EDGE('',*,*,#6222,.T.);
#6302 = ORIENTED_EDGE('',*,*,#6303,.T.);
#6303 = EDGE_CURVE('',#6225,#6304,#6306,.T.);
#6304 = VERTEX_POINT('',#6305);
#6305 = CARTESIAN_POINT('',(-2.7305,5.5626,2.5654));
#6306 = LINE('',#6307,#6308);
#6307 = CARTESIAN_POINT('',(-2.7305,5.5626,1.6129));
#6308 = VECTOR('',#6309,1.);
#6309 = DIRECTION('',(0.,0.,1.));
#6310 = ORIENTED_EDGE('',*,*,#6311,.T.);
#6311 = EDGE_CURVE('',#6304,#6164,#6312,.T.);
#6312 = LINE('',#6313,#6314);
#6313 = CARTESIAN_POINT('',(-2.7305,5.5626,2.5654));
#6314 = VECTOR('',#6315,1.);
#6315 = DIRECTION('',(1.,0.,0.));
#6316 = ORIENTED_EDGE('',*,*,#6163,.T.);
#6317 = ORIENTED_EDGE('',*,*,#6207,.T.);
#6318 = PLANE('',#6319);
#6319 = AXIS2_PLACEMENT_3D('',#6320,#6321,#6322);
#6320 = CARTESIAN_POINT('',(-5.334,5.5626,-0.1524));
#6321 = DIRECTION('',(-0.,1.,0.));
#6322 = DIRECTION('',(1.,0.,0.));
#6323 = ADVANCED_FACE('',(#6324),#6390,.F.);
#6324 = FACE_BOUND('',#6325,.T.);
#6325 = EDGE_LOOP('',(#6326,#6336,#6342,#6343,#6344,#6352,#6360,#6368,
    #6376,#6384));
#6326 = ORIENTED_EDGE('',*,*,#6327,.F.);
#6327 = EDGE_CURVE('',#6328,#6330,#6332,.T.);
#6328 = VERTEX_POINT('',#6329);
#6329 = CARTESIAN_POINT('',(-4.318,13.5636,0.678147737194));
#6330 = VERTEX_POINT('',#6331);
#6331 = CARTESIAN_POINT('',(-4.318,13.4366,0.678147737194));
#6332 = LINE('',#6333,#6334);
#6333 = CARTESIAN_POINT('',(-4.318,13.5636,0.678147737194));
#6334 = VECTOR('',#6335,1.);
#6335 = DIRECTION('',(0.,-1.,0.));
#6336 = ORIENTED_EDGE('',*,*,#6337,.F.);
#6337 = EDGE_CURVE('',#6233,#6328,#6338,.T.);
#6338 = LINE('',#6339,#6340);
#6339 = CARTESIAN_POINT('',(-4.318,13.5636,1.6129));
#6340 = VECTOR('',#6341,1.);
#6341 = DIRECTION('',(0.,0.,-1.));
#6342 = ORIENTED_EDGE('',*,*,#6232,.T.);
#6343 = ORIENTED_EDGE('',*,*,#6296,.F.);
#6344 = ORIENTED_EDGE('',*,*,#6345,.F.);
#6345 = EDGE_CURVE('',#6346,#6289,#6348,.T.);
#6346 = VERTEX_POINT('',#6347);
#6347 = CARTESIAN_POINT('',(-4.318,13.5636,-1.9177));
#6348 = LINE('',#6349,#6350);
#6349 = CARTESIAN_POINT('',(-4.318,13.5636,-1.9177));
#6350 = VECTOR('',#6351,1.);
#6351 = DIRECTION('',(0.,-1.,0.));
#6352 = ORIENTED_EDGE('',*,*,#6353,.F.);
#6353 = EDGE_CURVE('',#6354,#6346,#6356,.T.);
#6354 = VERTEX_POINT('',#6355);
#6355 = CARTESIAN_POINT('',(-4.318,13.5636,-1.440147737194));
#6356 = LINE('',#6357,#6358);
#6357 = CARTESIAN_POINT('',(-4.318,13.5636,-1.440147737194));
#6358 = VECTOR('',#6359,1.);
#6359 = DIRECTION('',(0.,0.,-1.));
#6360 = ORIENTED_EDGE('',*,*,#6361,.T.);
#6361 = EDGE_CURVE('',#6354,#6362,#6364,.T.);
#6362 = VERTEX_POINT('',#6363);
#6363 = CARTESIAN_POINT('',(-4.318,13.4366,-1.440147737194));
#6364 = LINE('',#6365,#6366);
#6365 = CARTESIAN_POINT('',(-4.318,13.5636,-1.440147737194));
#6366 = VECTOR('',#6367,1.);
#6367 = DIRECTION('',(0.,-1.,0.));
#6368 = ORIENTED_EDGE('',*,*,#6369,.F.);
#6369 = EDGE_CURVE('',#6370,#6362,#6372,.T.);
#6370 = VERTEX_POINT('',#6371);
#6371 = CARTESIAN_POINT('',(-4.318,12.8016,-1.27));
#6372 = LINE('',#6373,#6374);
#6373 = CARTESIAN_POINT('',(-4.318,12.8016,-1.27));
#6374 = VECTOR('',#6375,1.);
#6375 = DIRECTION('',(0.,0.965925826289,-0.258819045102));
#6376 = ORIENTED_EDGE('',*,*,#6377,.F.);
#6377 = EDGE_CURVE('',#6378,#6370,#6380,.T.);
#6378 = VERTEX_POINT('',#6379);
#6379 = CARTESIAN_POINT('',(-4.318,12.8016,0.508));
#6380 = LINE('',#6381,#6382);
#6381 = CARTESIAN_POINT('',(-4.318,12.8016,0.508));
#6382 = VECTOR('',#6383,1.);
#6383 = DIRECTION('',(0.,0.,-1.));
#6384 = ORIENTED_EDGE('',*,*,#6385,.F.);
#6385 = EDGE_CURVE('',#6330,#6378,#6386,.T.);
#6386 = LINE('',#6387,#6388);
#6387 = CARTESIAN_POINT('',(-4.318,13.4366,0.678147737194));
#6388 = VECTOR('',#6389,1.);
#6389 = DIRECTION('',(0.,-0.965925826289,-0.258819045102));
#6390 = PLANE('',#6391);
#6391 = AXIS2_PLACEMENT_3D('',#6392,#6393,#6394);
#6392 = CARTESIAN_POINT('',(-4.318,13.9446,-1.9177));
#6393 = DIRECTION('',(-1.,0.,0.));
#6394 = DIRECTION('',(0.,1.,0.));
#6395 = ADVANCED_FACE('',(#6396),#6420,.F.);
#6396 = FACE_BOUND('',#6397,.T.);
#6397 = EDGE_LOOP('',(#6398,#6406,#6412,#6413,#6419));
#6398 = ORIENTED_EDGE('',*,*,#6399,.T.);
#6399 = EDGE_CURVE('',#5244,#6400,#6402,.T.);
#6400 = VERTEX_POINT('',#6401);
#6401 = CARTESIAN_POINT('',(4.318,13.4366,0.678147737194));
#6402 = LINE('',#6403,#6404);
#6403 = CARTESIAN_POINT('',(5.334,13.4366,0.678147737194));
#6404 = VECTOR('',#6405,1.);
#6405 = DIRECTION('',(-1.,0.,0.));
#6406 = ORIENTED_EDGE('',*,*,#6407,.F.);
#6407 = EDGE_CURVE('',#5162,#6400,#6408,.T.);
#6408 = LINE('',#6409,#6410);
#6409 = CARTESIAN_POINT('',(4.318,13.5636,0.678147737194));
#6410 = VECTOR('',#6411,1.);
#6411 = DIRECTION('',(0.,-1.,0.));
#6412 = ORIENTED_EDGE('',*,*,#5187,.T.);
#6413 = ORIENTED_EDGE('',*,*,#6414,.T.);
#6414 = EDGE_CURVE('',#5180,#5242,#6415,.T.);
#6415 = LINE('',#6416,#6417);
#6416 = CARTESIAN_POINT('',(4.699,13.9446,0.678147737194));
#6417 = VECTOR('',#6418,1.);
#6418 = DIRECTION('',(1.,0.,0.));
#6419 = ORIENTED_EDGE('',*,*,#5241,.T.);
#6420 = PLANE('',#6421);
#6421 = AXIS2_PLACEMENT_3D('',#6422,#6423,#6424);
#6422 = CARTESIAN_POINT('',(5.334,13.9446,0.678147737194));
#6423 = DIRECTION('',(0.,0.,1.));
#6424 = DIRECTION('',(0.,-1.,0.));
#6425 = ADVANCED_FACE('',(#6426),#6459,.F.);
#6426 = FACE_BOUND('',#6427,.T.);
#6427 = EDGE_LOOP('',(#6428,#6438,#6444,#6445,#6453));
#6428 = ORIENTED_EDGE('',*,*,#6429,.T.);
#6429 = EDGE_CURVE('',#6430,#6432,#6434,.T.);
#6430 = VERTEX_POINT('',#6431);
#6431 = CARTESIAN_POINT('',(-5.334,13.9446,0.678147737194));
#6432 = VERTEX_POINT('',#6433);
#6433 = CARTESIAN_POINT('',(-4.699,13.9446,0.678147737194));
#6434 = LINE('',#6435,#6436);
#6435 = CARTESIAN_POINT('',(-5.334,13.9446,0.678147737194));
#6436 = VECTOR('',#6437,1.);
#6437 = DIRECTION('',(1.,0.,0.));
#6438 = ORIENTED_EDGE('',*,*,#6439,.T.);
#6439 = EDGE_CURVE('',#6432,#6328,#6440,.T.);
#6440 = LINE('',#6441,#6442);
#6441 = CARTESIAN_POINT('',(-4.699,13.9446,0.678147737194));
#6442 = VECTOR('',#6443,1.);
#6443 = DIRECTION('',(0.707106781187,-0.707106781187,0.));
#6444 = ORIENTED_EDGE('',*,*,#6327,.T.);
#6445 = ORIENTED_EDGE('',*,*,#6446,.T.);
#6446 = EDGE_CURVE('',#6330,#6447,#6449,.T.);
#6447 = VERTEX_POINT('',#6448);
#6448 = CARTESIAN_POINT('',(-5.334,13.4366,0.678147737194));
#6449 = LINE('',#6450,#6451);
#6450 = CARTESIAN_POINT('',(-4.318,13.4366,0.678147737194));
#6451 = VECTOR('',#6452,1.);
#6452 = DIRECTION('',(-1.,0.,0.));
#6453 = ORIENTED_EDGE('',*,*,#6454,.F.);
#6454 = EDGE_CURVE('',#6430,#6447,#6455,.T.);
#6455 = LINE('',#6456,#6457);
#6456 = CARTESIAN_POINT('',(-5.334,13.9446,0.678147737194));
#6457 = VECTOR('',#6458,1.);
#6458 = DIRECTION('',(0.,-1.,0.));
#6459 = PLANE('',#6460);
#6460 = AXIS2_PLACEMENT_3D('',#6461,#6462,#6463);
#6461 = CARTESIAN_POINT('',(5.334,13.9446,0.678147737194));
#6462 = DIRECTION('',(0.,0.,1.));
#6463 = DIRECTION('',(0.,-1.,0.));
#6464 = ADVANCED_FACE('',(#6465),#6508,.F.);
#6465 = FACE_BOUND('',#6466,.T.);
#6466 = EDGE_LOOP('',(#6467,#6477,#6485,#6491,#6492,#6498,#6499,#6500,
    #6501,#6502));
#6467 = ORIENTED_EDGE('',*,*,#6468,.T.);
#6468 = EDGE_CURVE('',#6469,#6471,#6473,.T.);
#6469 = VERTEX_POINT('',#6470);
#6470 = CARTESIAN_POINT('',(4.318,12.8016,0.508));
#6471 = VERTEX_POINT('',#6472);
#6472 = CARTESIAN_POINT('',(4.318,12.8016,-1.27));
#6473 = LINE('',#6474,#6475);
#6474 = CARTESIAN_POINT('',(4.318,12.8016,0.508));
#6475 = VECTOR('',#6476,1.);
#6476 = DIRECTION('',(0.,0.,-1.));
#6477 = ORIENTED_EDGE('',*,*,#6478,.T.);
#6478 = EDGE_CURVE('',#6471,#6479,#6481,.T.);
#6479 = VERTEX_POINT('',#6480);
#6480 = CARTESIAN_POINT('',(4.318,13.4366,-1.440147737194));
#6481 = LINE('',#6482,#6483);
#6482 = CARTESIAN_POINT('',(4.318,12.8016,-1.27));
#6483 = VECTOR('',#6484,1.);
#6484 = DIRECTION('',(0.,0.965925826289,-0.258819045102));
#6485 = ORIENTED_EDGE('',*,*,#6486,.F.);
#6486 = EDGE_CURVE('',#5220,#6479,#6487,.T.);
#6487 = LINE('',#6488,#6489);
#6488 = CARTESIAN_POINT('',(4.318,13.5636,-1.440147737194));
#6489 = VECTOR('',#6490,1.);
#6490 = DIRECTION('',(0.,-1.,0.));
#6491 = ORIENTED_EDGE('',*,*,#5219,.F.);
#6492 = ORIENTED_EDGE('',*,*,#6493,.T.);
#6493 = EDGE_CURVE('',#5212,#6281,#6494,.T.);
#6494 = LINE('',#6495,#6496);
#6495 = CARTESIAN_POINT('',(4.318,13.5636,-1.9177));
#6496 = VECTOR('',#6497,1.);
#6497 = DIRECTION('',(0.,-1.,0.));
#6498 = ORIENTED_EDGE('',*,*,#6280,.F.);
#6499 = ORIENTED_EDGE('',*,*,#6199,.F.);
#6500 = ORIENTED_EDGE('',*,*,#5161,.F.);
#6501 = ORIENTED_EDGE('',*,*,#6407,.T.);
#6502 = ORIENTED_EDGE('',*,*,#6503,.T.);
#6503 = EDGE_CURVE('',#6400,#6469,#6504,.T.);
#6504 = LINE('',#6505,#6506);
#6505 = CARTESIAN_POINT('',(4.318,13.4366,0.678147737194));
#6506 = VECTOR('',#6507,1.);
#6507 = DIRECTION('',(0.,-0.965925826289,-0.258819045102));
#6508 = PLANE('',#6509);
#6509 = AXIS2_PLACEMENT_3D('',#6510,#6511,#6512);
#6510 = CARTESIAN_POINT('',(4.318,13.9446,1.6129));
#6511 = DIRECTION('',(1.,0.,0.));
#6512 = DIRECTION('',(0.,0.,-1.));
#6513 = ADVANCED_FACE('',(#6514,#6524),#6535,.F.);
#6514 = FACE_BOUND('',#6515,.T.);
#6515 = EDGE_LOOP('',(#6516,#6517,#6518,#6519,#6520,#6521,#6522,#6523));
#6516 = ORIENTED_EDGE('',*,*,#4915,.T.);
#6517 = ORIENTED_EDGE('',*,*,#4955,.T.);
#6518 = ORIENTED_EDGE('',*,*,#4988,.T.);
#6519 = ORIENTED_EDGE('',*,*,#5019,.T.);
#6520 = ORIENTED_EDGE('',*,*,#5052,.T.);
#6521 = ORIENTED_EDGE('',*,*,#5083,.T.);
#6522 = ORIENTED_EDGE('',*,*,#5116,.T.);
#6523 = ORIENTED_EDGE('',*,*,#5145,.T.);
#6524 = FACE_BOUND('',#6525,.T.);
#6525 = EDGE_LOOP('',(#6526,#6527,#6528,#6529));
#6526 = ORIENTED_EDGE('',*,*,#6345,.T.);
#6527 = ORIENTED_EDGE('',*,*,#6288,.F.);
#6528 = ORIENTED_EDGE('',*,*,#6493,.F.);
#6529 = ORIENTED_EDGE('',*,*,#6530,.F.);
#6530 = EDGE_CURVE('',#6346,#5212,#6531,.T.);
#6531 = LINE('',#6532,#6533);
#6532 = CARTESIAN_POINT('',(-4.318,13.5636,-1.9177));
#6533 = VECTOR('',#6534,1.);
#6534 = DIRECTION('',(1.,0.,0.));
#6535 = PLANE('',#6536);
#6536 = AXIS2_PLACEMENT_3D('',#6537,#6538,#6539);
#6537 = CARTESIAN_POINT('',(4.318,13.9446,-1.9177));
#6538 = DIRECTION('',(0.,0.,-1.));
#6539 = DIRECTION('',(1.,0.,0.));
#6540 = ADVANCED_FACE('',(#6541),#6559,.T.);
#6541 = FACE_BOUND('',#6542,.T.);
#6542 = EDGE_LOOP('',(#6543,#6544,#6552,#6558));
#6543 = ORIENTED_EDGE('',*,*,#5211,.T.);
#6544 = ORIENTED_EDGE('',*,*,#6545,.F.);
#6545 = EDGE_CURVE('',#6546,#5202,#6548,.T.);
#6546 = VERTEX_POINT('',#6547);
#6547 = CARTESIAN_POINT('',(-4.699,13.9446,-2.2987));
#6548 = LINE('',#6549,#6550);
#6549 = CARTESIAN_POINT('',(-4.699,13.9446,-2.2987));
#6550 = VECTOR('',#6551,1.);
#6551 = DIRECTION('',(1.,0.,0.));
#6552 = ORIENTED_EDGE('',*,*,#6553,.F.);
#6553 = EDGE_CURVE('',#6346,#6546,#6554,.T.);
#6554 = LINE('',#6555,#6556);
#6555 = CARTESIAN_POINT('',(-4.318,13.5636,-1.9177));
#6556 = VECTOR('',#6557,1.);
#6557 = DIRECTION('',(-0.57735026919,0.57735026919,-0.57735026919));
#6558 = ORIENTED_EDGE('',*,*,#6530,.T.);
#6559 = PLANE('',#6560);
#6560 = AXIS2_PLACEMENT_3D('',#6561,#6562,#6563);
#6561 = CARTESIAN_POINT('',(0.,13.7541,-2.1082));
#6562 = DIRECTION('',(0.,0.707106781187,0.707106781187));
#6563 = DIRECTION('',(-1.,0.,0.));
#6564 = ADVANCED_FACE('',(#6565),#6583,.T.);
#6565 = FACE_BOUND('',#6566,.T.);
#6566 = EDGE_LOOP('',(#6567,#6575,#6581,#6582));
#6567 = ORIENTED_EDGE('',*,*,#6568,.F.);
#6568 = EDGE_CURVE('',#6569,#6432,#6571,.T.);
#6569 = VERTEX_POINT('',#6570);
#6570 = CARTESIAN_POINT('',(-4.699,13.9446,1.9939));
#6571 = LINE('',#6572,#6573);
#6572 = CARTESIAN_POINT('',(-4.699,13.9446,1.9939));
#6573 = VECTOR('',#6574,1.);
#6574 = DIRECTION('',(0.,0.,-1.));
#6575 = ORIENTED_EDGE('',*,*,#6576,.F.);
#6576 = EDGE_CURVE('',#6233,#6569,#6577,.T.);
#6577 = LINE('',#6578,#6579);
#6578 = CARTESIAN_POINT('',(-4.318,13.5636,1.6129));
#6579 = VECTOR('',#6580,1.);
#6580 = DIRECTION('',(-0.57735026919,0.57735026919,0.57735026919));
#6581 = ORIENTED_EDGE('',*,*,#6337,.T.);
#6582 = ORIENTED_EDGE('',*,*,#6439,.F.);
#6583 = PLANE('',#6584);
#6584 = AXIS2_PLACEMENT_3D('',#6585,#6586,#6587);
#6585 = CARTESIAN_POINT('',(-4.5085,13.7541,-0.1524));
#6586 = DIRECTION('',(0.707106781187,0.707106781187,-0.));
#6587 = DIRECTION('',(0.,0.,1.));
#6588 = ADVANCED_FACE('',(#6589),#6607,.T.);
#6589 = FACE_BOUND('',#6590,.T.);
#6590 = EDGE_LOOP('',(#6591,#6592,#6593,#6601));
#6591 = ORIENTED_EDGE('',*,*,#6353,.T.);
#6592 = ORIENTED_EDGE('',*,*,#6553,.T.);
#6593 = ORIENTED_EDGE('',*,*,#6594,.F.);
#6594 = EDGE_CURVE('',#6595,#6546,#6597,.T.);
#6595 = VERTEX_POINT('',#6596);
#6596 = CARTESIAN_POINT('',(-4.699,13.9446,-1.440147737194));
#6597 = LINE('',#6598,#6599);
#6598 = CARTESIAN_POINT('',(-4.699,13.9446,-1.440147737194));
#6599 = VECTOR('',#6600,1.);
#6600 = DIRECTION('',(0.,0.,-1.));
#6601 = ORIENTED_EDGE('',*,*,#6602,.T.);
#6602 = EDGE_CURVE('',#6595,#6354,#6603,.T.);
#6603 = LINE('',#6604,#6605);
#6604 = CARTESIAN_POINT('',(-4.699,13.9446,-1.440147737194));
#6605 = VECTOR('',#6606,1.);
#6606 = DIRECTION('',(0.707106781187,-0.707106781187,0.));
#6607 = PLANE('',#6608);
#6608 = AXIS2_PLACEMENT_3D('',#6609,#6610,#6611);
#6609 = CARTESIAN_POINT('',(-4.5085,13.7541,-0.1524));
#6610 = DIRECTION('',(0.707106781187,0.707106781187,-0.));
#6611 = DIRECTION('',(0.,0.,1.));
#6612 = ADVANCED_FACE('',(#6613),#6624,.T.);
#6613 = FACE_BOUND('',#6614,.T.);
#6614 = EDGE_LOOP('',(#6615,#6621,#6622,#6623));
#6615 = ORIENTED_EDGE('',*,*,#6616,.F.);
#6616 = EDGE_CURVE('',#5172,#6148,#6617,.T.);
#6617 = LINE('',#6618,#6619);
#6618 = CARTESIAN_POINT('',(4.699,13.9446,1.9939));
#6619 = VECTOR('',#6620,1.);
#6620 = DIRECTION('',(-1.,0.,0.));
#6621 = ORIENTED_EDGE('',*,*,#5171,.F.);
#6622 = ORIENTED_EDGE('',*,*,#6193,.T.);
#6623 = ORIENTED_EDGE('',*,*,#6145,.T.);
#6624 = PLANE('',#6625);
#6625 = AXIS2_PLACEMENT_3D('',#6626,#6627,#6628);
#6626 = CARTESIAN_POINT('',(0.,13.7541,1.8034));
#6627 = DIRECTION('',(0.,0.707106781187,-0.707106781187));
#6628 = DIRECTION('',(1.,0.,0.));
#6629 = ADVANCED_FACE('',(#6630),#6648,.T.);
#6630 = FACE_BOUND('',#6631,.T.);
#6631 = EDGE_LOOP('',(#6632,#6633,#6634,#6642));
#6632 = ORIENTED_EDGE('',*,*,#6240,.T.);
#6633 = ORIENTED_EDGE('',*,*,#6576,.T.);
#6634 = ORIENTED_EDGE('',*,*,#6635,.F.);
#6635 = EDGE_CURVE('',#6636,#6569,#6638,.T.);
#6636 = VERTEX_POINT('',#6637);
#6637 = CARTESIAN_POINT('',(-2.7305,13.9446,1.9939));
#6638 = LINE('',#6639,#6640);
#6639 = CARTESIAN_POINT('',(-2.7305,13.9446,1.9939));
#6640 = VECTOR('',#6641,1.);
#6641 = DIRECTION('',(-1.,0.,0.));
#6642 = ORIENTED_EDGE('',*,*,#6643,.F.);
#6643 = EDGE_CURVE('',#6241,#6636,#6644,.T.);
#6644 = LINE('',#6645,#6646);
#6645 = CARTESIAN_POINT('',(-2.7305,13.5636,1.6129));
#6646 = VECTOR('',#6647,1.);
#6647 = DIRECTION('',(0.,0.707106781187,0.707106781187));
#6648 = PLANE('',#6649);
#6649 = AXIS2_PLACEMENT_3D('',#6650,#6651,#6652);
#6650 = CARTESIAN_POINT('',(0.,13.7541,1.8034));
#6651 = DIRECTION('',(0.,0.707106781187,-0.707106781187));
#6652 = DIRECTION('',(1.,0.,0.));
#6653 = ADVANCED_FACE('',(#6654),#6673,.F.);
#6654 = FACE_BOUND('',#6655,.T.);
#6655 = EDGE_LOOP('',(#6656,#6664,#6665,#6666,#6667));
#6656 = ORIENTED_EDGE('',*,*,#6657,.T.);
#6657 = EDGE_CURVE('',#6658,#6304,#6660,.T.);
#6658 = VERTEX_POINT('',#6659);
#6659 = CARTESIAN_POINT('',(-2.7305,13.9446,2.5654));
#6660 = LINE('',#6661,#6662);
#6661 = CARTESIAN_POINT('',(-2.7305,13.9446,2.5654));
#6662 = VECTOR('',#6663,1.);
#6663 = DIRECTION('',(0.,-1.,0.));
#6664 = ORIENTED_EDGE('',*,*,#6303,.F.);
#6665 = ORIENTED_EDGE('',*,*,#6248,.T.);
#6666 = ORIENTED_EDGE('',*,*,#6643,.T.);
#6667 = ORIENTED_EDGE('',*,*,#6668,.F.);
#6668 = EDGE_CURVE('',#6658,#6636,#6669,.T.);
#6669 = LINE('',#6670,#6671);
#6670 = CARTESIAN_POINT('',(-2.7305,13.9446,2.5654));
#6671 = VECTOR('',#6672,1.);
#6672 = DIRECTION('',(0.,0.,-1.));
#6673 = PLANE('',#6674);
#6674 = AXIS2_PLACEMENT_3D('',#6675,#6676,#6677);
#6675 = CARTESIAN_POINT('',(-2.7305,13.9446,1.6129));
#6676 = DIRECTION('',(-1.,0.,0.));
#6677 = DIRECTION('',(0.,1.,0.));
#6678 = ADVANCED_FACE('',(#6679),#6713,.T.);
#6679 = FACE_BOUND('',#6680,.T.);
#6680 = EDGE_LOOP('',(#6681,#6691,#6699,#6707));
#6681 = ORIENTED_EDGE('',*,*,#6682,.F.);
#6682 = EDGE_CURVE('',#6683,#6685,#6687,.T.);
#6683 = VERTEX_POINT('',#6684);
#6684 = CARTESIAN_POINT('',(3.175,13.9446,2.8829));
#6685 = VERTEX_POINT('',#6686);
#6686 = CARTESIAN_POINT('',(3.556,13.9446,2.5654));
#6687 = LINE('',#6688,#6689);
#6688 = CARTESIAN_POINT('',(3.175,13.9446,2.8829));
#6689 = VECTOR('',#6690,1.);
#6690 = DIRECTION('',(0.768221279597,0.,-0.640184399664));
#6691 = ORIENTED_EDGE('',*,*,#6692,.T.);
#6692 = EDGE_CURVE('',#6683,#6693,#6695,.T.);
#6693 = VERTEX_POINT('',#6694);
#6694 = CARTESIAN_POINT('',(3.175,2.032,2.8829));
#6695 = LINE('',#6696,#6697);
#6696 = CARTESIAN_POINT('',(3.175,13.9446,2.8829));
#6697 = VECTOR('',#6698,1.);
#6698 = DIRECTION('',(0.,-1.,0.));
#6699 = ORIENTED_EDGE('',*,*,#6700,.T.);
#6700 = EDGE_CURVE('',#6693,#6701,#6703,.T.);
#6701 = VERTEX_POINT('',#6702);
#6702 = CARTESIAN_POINT('',(3.556,2.032,2.5654));
#6703 = LINE('',#6704,#6705);
#6704 = CARTESIAN_POINT('',(3.175,2.032,2.8829));
#6705 = VECTOR('',#6706,1.);
#6706 = DIRECTION('',(0.768221279597,0.,-0.640184399664));
#6707 = ORIENTED_EDGE('',*,*,#6708,.F.);
#6708 = EDGE_CURVE('',#6685,#6701,#6709,.T.);
#6709 = LINE('',#6710,#6711);
#6710 = CARTESIAN_POINT('',(3.556,13.9446,2.5654));
#6711 = VECTOR('',#6712,1.);
#6712 = DIRECTION('',(0.,-1.,0.));
#6713 = PLANE('',#6714);
#6714 = AXIS2_PLACEMENT_3D('',#6715,#6716,#6717);
#6715 = CARTESIAN_POINT('',(3.175,13.9446,2.8829));
#6716 = DIRECTION('',(0.640184399664,0.,0.768221279597));
#6717 = DIRECTION('',(0.,-1.,0.));
#6718 = ADVANCED_FACE('',(#6719),#6744,.T.);
#6719 = FACE_BOUND('',#6720,.T.);
#6720 = EDGE_LOOP('',(#6721,#6729,#6730,#6738));
#6721 = ORIENTED_EDGE('',*,*,#6722,.T.);
#6722 = EDGE_CURVE('',#6723,#6693,#6725,.T.);
#6723 = VERTEX_POINT('',#6724);
#6724 = CARTESIAN_POINT('',(2.794,2.032,2.5654));
#6725 = LINE('',#6726,#6727);
#6726 = CARTESIAN_POINT('',(2.794,2.032,2.5654));
#6727 = VECTOR('',#6728,1.);
#6728 = DIRECTION('',(0.768221279597,0.,0.640184399664));
#6729 = ORIENTED_EDGE('',*,*,#6692,.F.);
#6730 = ORIENTED_EDGE('',*,*,#6731,.F.);
#6731 = EDGE_CURVE('',#6732,#6683,#6734,.T.);
#6732 = VERTEX_POINT('',#6733);
#6733 = CARTESIAN_POINT('',(2.794,13.9446,2.5654));
#6734 = LINE('',#6735,#6736);
#6735 = CARTESIAN_POINT('',(2.794,13.9446,2.5654));
#6736 = VECTOR('',#6737,1.);
#6737 = DIRECTION('',(0.768221279597,0.,0.640184399664));
#6738 = ORIENTED_EDGE('',*,*,#6739,.T.);
#6739 = EDGE_CURVE('',#6732,#6723,#6740,.T.);
#6740 = LINE('',#6741,#6742);
#6741 = CARTESIAN_POINT('',(2.794,13.9446,2.5654));
#6742 = VECTOR('',#6743,1.);
#6743 = DIRECTION('',(0.,-1.,0.));
#6744 = PLANE('',#6745);
#6745 = AXIS2_PLACEMENT_3D('',#6746,#6747,#6748);
#6746 = CARTESIAN_POINT('',(2.794,13.9446,2.5654));
#6747 = DIRECTION('',(-0.640184399664,0.,0.768221279597));
#6748 = DIRECTION('',(-0.768221279597,0.,-0.640184399664));
#6749 = ADVANCED_FACE('',(#6750),#6784,.T.);
#6750 = FACE_BOUND('',#6751,.T.);
#6751 = EDGE_LOOP('',(#6752,#6762,#6770,#6778));
#6752 = ORIENTED_EDGE('',*,*,#6753,.F.);
#6753 = EDGE_CURVE('',#6754,#6756,#6758,.T.);
#6754 = VERTEX_POINT('',#6755);
#6755 = CARTESIAN_POINT('',(-3.175,13.9446,2.8829));
#6756 = VERTEX_POINT('',#6757);
#6757 = CARTESIAN_POINT('',(-2.794,13.9446,2.5654));
#6758 = LINE('',#6759,#6760);
#6759 = CARTESIAN_POINT('',(-3.175,13.9446,2.8829));
#6760 = VECTOR('',#6761,1.);
#6761 = DIRECTION('',(0.768221279597,0.,-0.640184399664));
#6762 = ORIENTED_EDGE('',*,*,#6763,.T.);
#6763 = EDGE_CURVE('',#6754,#6764,#6766,.T.);
#6764 = VERTEX_POINT('',#6765);
#6765 = CARTESIAN_POINT('',(-3.175,2.032,2.8829));
#6766 = LINE('',#6767,#6768);
#6767 = CARTESIAN_POINT('',(-3.175,13.9446,2.8829));
#6768 = VECTOR('',#6769,1.);
#6769 = DIRECTION('',(0.,-1.,0.));
#6770 = ORIENTED_EDGE('',*,*,#6771,.T.);
#6771 = EDGE_CURVE('',#6764,#6772,#6774,.T.);
#6772 = VERTEX_POINT('',#6773);
#6773 = CARTESIAN_POINT('',(-2.794,2.032,2.5654));
#6774 = LINE('',#6775,#6776);
#6775 = CARTESIAN_POINT('',(-3.175,2.032,2.8829));
#6776 = VECTOR('',#6777,1.);
#6777 = DIRECTION('',(0.768221279597,0.,-0.640184399664));
#6778 = ORIENTED_EDGE('',*,*,#6779,.F.);
#6779 = EDGE_CURVE('',#6756,#6772,#6780,.T.);
#6780 = LINE('',#6781,#6782);
#6781 = CARTESIAN_POINT('',(-2.794,13.9446,2.5654));
#6782 = VECTOR('',#6783,1.);
#6783 = DIRECTION('',(0.,-1.,0.));
#6784 = PLANE('',#6785);
#6785 = AXIS2_PLACEMENT_3D('',#6786,#6787,#6788);
#6786 = CARTESIAN_POINT('',(-3.175,13.9446,2.8829));
#6787 = DIRECTION('',(0.640184399664,0.,0.768221279597));
#6788 = DIRECTION('',(0.,-1.,0.));
#6789 = ADVANCED_FACE('',(#6790),#6815,.T.);
#6790 = FACE_BOUND('',#6791,.T.);
#6791 = EDGE_LOOP('',(#6792,#6800,#6801,#6809));
#6792 = ORIENTED_EDGE('',*,*,#6793,.T.);
#6793 = EDGE_CURVE('',#6794,#6764,#6796,.T.);
#6794 = VERTEX_POINT('',#6795);
#6795 = CARTESIAN_POINT('',(-3.556,2.032,2.5654));
#6796 = LINE('',#6797,#6798);
#6797 = CARTESIAN_POINT('',(-3.556,2.032,2.5654));
#6798 = VECTOR('',#6799,1.);
#6799 = DIRECTION('',(0.768221279597,0.,0.640184399664));
#6800 = ORIENTED_EDGE('',*,*,#6763,.F.);
#6801 = ORIENTED_EDGE('',*,*,#6802,.F.);
#6802 = EDGE_CURVE('',#6803,#6754,#6805,.T.);
#6803 = VERTEX_POINT('',#6804);
#6804 = CARTESIAN_POINT('',(-3.556,13.9446,2.5654));
#6805 = LINE('',#6806,#6807);
#6806 = CARTESIAN_POINT('',(-3.556,13.9446,2.5654));
#6807 = VECTOR('',#6808,1.);
#6808 = DIRECTION('',(0.768221279597,0.,0.640184399664));
#6809 = ORIENTED_EDGE('',*,*,#6810,.T.);
#6810 = EDGE_CURVE('',#6803,#6794,#6811,.T.);
#6811 = LINE('',#6812,#6813);
#6812 = CARTESIAN_POINT('',(-3.556,13.9446,2.5654));
#6813 = VECTOR('',#6814,1.);
#6814 = DIRECTION('',(0.,-1.,0.));
#6815 = PLANE('',#6816);
#6816 = AXIS2_PLACEMENT_3D('',#6817,#6818,#6819);
#6817 = CARTESIAN_POINT('',(-3.556,13.9446,2.5654));
#6818 = DIRECTION('',(-0.640184399664,0.,0.768221279597));
#6819 = DIRECTION('',(-0.768221279597,0.,-0.640184399664));
#6820 = ADVANCED_FACE('',(#6821),#6831,.F.);
#6821 = FACE_BOUND('',#6822,.T.);
#6822 = EDGE_LOOP('',(#6823,#6824,#6825));
#6823 = ORIENTED_EDGE('',*,*,#6700,.F.);
#6824 = ORIENTED_EDGE('',*,*,#6722,.F.);
#6825 = ORIENTED_EDGE('',*,*,#6826,.T.);
#6826 = EDGE_CURVE('',#6723,#6701,#6827,.T.);
#6827 = LINE('',#6828,#6829);
#6828 = CARTESIAN_POINT('',(2.794,2.032,2.5654));
#6829 = VECTOR('',#6830,1.);
#6830 = DIRECTION('',(1.,0.,0.));
#6831 = PLANE('',#6832);
#6832 = AXIS2_PLACEMENT_3D('',#6833,#6834,#6835);
#6833 = CARTESIAN_POINT('',(-5.334,2.032,-0.1524));
#6834 = DIRECTION('',(-0.,1.,0.));
#6835 = DIRECTION('',(1.,0.,0.));
#6836 = ADVANCED_FACE('',(#6837),#6847,.F.);
#6837 = FACE_BOUND('',#6838,.T.);
#6838 = EDGE_LOOP('',(#6839,#6840,#6841));
#6839 = ORIENTED_EDGE('',*,*,#6771,.F.);
#6840 = ORIENTED_EDGE('',*,*,#6793,.F.);
#6841 = ORIENTED_EDGE('',*,*,#6842,.T.);
#6842 = EDGE_CURVE('',#6794,#6772,#6843,.T.);
#6843 = LINE('',#6844,#6845);
#6844 = CARTESIAN_POINT('',(-3.556,2.032,2.5654));
#6845 = VECTOR('',#6846,1.);
#6846 = DIRECTION('',(1.,0.,0.));
#6847 = PLANE('',#6848);
#6848 = AXIS2_PLACEMENT_3D('',#6849,#6850,#6851);
#6849 = CARTESIAN_POINT('',(-5.334,2.032,-0.1524));
#6850 = DIRECTION('',(-0.,1.,0.));
#6851 = DIRECTION('',(1.,0.,0.));
#6852 = ADVANCED_FACE('',(#6853),#6905,.T.);
#6853 = FACE_BOUND('',#6854,.T.);
#6854 = EDGE_LOOP('',(#6855,#6856,#6864,#6872,#6878,#6879,#6885,#6886,
    #6887,#6888,#6894,#6895,#6896,#6897,#6903,#6904));
#6855 = ORIENTED_EDGE('',*,*,#6810,.F.);
#6856 = ORIENTED_EDGE('',*,*,#6857,.F.);
#6857 = EDGE_CURVE('',#6858,#6803,#6860,.T.);
#6858 = VERTEX_POINT('',#6859);
#6859 = CARTESIAN_POINT('',(-5.334,13.9446,2.5654));
#6860 = LINE('',#6861,#6862);
#6861 = CARTESIAN_POINT('',(-5.334,13.9446,2.5654));
#6862 = VECTOR('',#6863,1.);
#6863 = DIRECTION('',(1.,0.,0.));
#6864 = ORIENTED_EDGE('',*,*,#6865,.T.);
#6865 = EDGE_CURVE('',#6858,#6866,#6868,.T.);
#6866 = VERTEX_POINT('',#6867);
#6867 = CARTESIAN_POINT('',(-5.334,1.734723475977E-15,2.5654));
#6868 = LINE('',#6869,#6870);
#6869 = CARTESIAN_POINT('',(-5.334,13.9446,2.5654));
#6870 = VECTOR('',#6871,1.);
#6871 = DIRECTION('',(0.,-1.,0.));
#6872 = ORIENTED_EDGE('',*,*,#6873,.T.);
#6873 = EDGE_CURVE('',#6866,#5260,#6874,.T.);
#6874 = LINE('',#6875,#6876);
#6875 = CARTESIAN_POINT('',(-5.334,1.734723475977E-15,2.5654));
#6876 = VECTOR('',#6877,1.);
#6877 = DIRECTION('',(1.,0.,0.));
#6878 = ORIENTED_EDGE('',*,*,#5259,.F.);
#6879 = ORIENTED_EDGE('',*,*,#6880,.F.);
#6880 = EDGE_CURVE('',#6685,#5252,#6881,.T.);
#6881 = LINE('',#6882,#6883);
#6882 = CARTESIAN_POINT('',(3.556,13.9446,2.5654));
#6883 = VECTOR('',#6884,1.);
#6884 = DIRECTION('',(1.,0.,0.));
#6885 = ORIENTED_EDGE('',*,*,#6708,.T.);
#6886 = ORIENTED_EDGE('',*,*,#6826,.F.);
#6887 = ORIENTED_EDGE('',*,*,#6739,.F.);
#6888 = ORIENTED_EDGE('',*,*,#6889,.F.);
#6889 = EDGE_CURVE('',#6172,#6732,#6890,.T.);
#6890 = LINE('',#6891,#6892);
#6891 = CARTESIAN_POINT('',(2.7305,13.9446,2.5654));
#6892 = VECTOR('',#6893,1.);
#6893 = DIRECTION('',(1.,0.,0.));
#6894 = ORIENTED_EDGE('',*,*,#6171,.T.);
#6895 = ORIENTED_EDGE('',*,*,#6311,.F.);
#6896 = ORIENTED_EDGE('',*,*,#6657,.F.);
#6897 = ORIENTED_EDGE('',*,*,#6898,.F.);
#6898 = EDGE_CURVE('',#6756,#6658,#6899,.T.);
#6899 = LINE('',#6900,#6901);
#6900 = CARTESIAN_POINT('',(-2.794,13.9446,2.5654));
#6901 = VECTOR('',#6902,1.);
#6902 = DIRECTION('',(1.,0.,0.));
#6903 = ORIENTED_EDGE('',*,*,#6779,.T.);
#6904 = ORIENTED_EDGE('',*,*,#6842,.F.);
#6905 = PLANE('',#6906);
#6906 = AXIS2_PLACEMENT_3D('',#6907,#6908,#6909);
#6907 = CARTESIAN_POINT('',(-5.334,13.9446,2.5654));
#6908 = DIRECTION('',(0.,0.,1.));
#6909 = DIRECTION('',(0.,-1.,0.));
#6910 = ADVANCED_FACE('',(#6911,#6917,#6923,#6929),#6947,.T.);
#6911 = FACE_BOUND('',#6912,.T.);
#6912 = EDGE_LOOP('',(#6913,#6914,#6915,#6916));
#6913 = ORIENTED_EDGE('',*,*,#5553,.T.);
#6914 = ORIENTED_EDGE('',*,*,#5529,.T.);
#6915 = ORIENTED_EDGE('',*,*,#5488,.F.);
#6916 = ORIENTED_EDGE('',*,*,#5587,.F.);
#6917 = FACE_BOUND('',#6918,.T.);
#6918 = EDGE_LOOP('',(#6919,#6920,#6921,#6922));
#6919 = ORIENTED_EDGE('',*,*,#5825,.T.);
#6920 = ORIENTED_EDGE('',*,*,#5801,.T.);
#6921 = ORIENTED_EDGE('',*,*,#5760,.F.);
#6922 = ORIENTED_EDGE('',*,*,#5859,.F.);
#6923 = FACE_BOUND('',#6924,.T.);
#6924 = EDGE_LOOP('',(#6925,#6926,#6927,#6928));
#6925 = ORIENTED_EDGE('',*,*,#6097,.T.);
#6926 = ORIENTED_EDGE('',*,*,#6073,.T.);
#6927 = ORIENTED_EDGE('',*,*,#6032,.F.);
#6928 = ORIENTED_EDGE('',*,*,#6131,.F.);
#6929 = FACE_BOUND('',#6930,.T.);
#6930 = EDGE_LOOP('',(#6931,#6939,#6940,#6941));
#6931 = ORIENTED_EDGE('',*,*,#6932,.T.);
#6932 = EDGE_CURVE('',#6933,#5268,#6935,.T.);
#6933 = VERTEX_POINT('',#6934);
#6934 = CARTESIAN_POINT('',(-5.334,1.734723475977E-15,-2.8702));
#6935 = LINE('',#6936,#6937);
#6936 = CARTESIAN_POINT('',(-5.334,1.734723475977E-15,-2.8702));
#6937 = VECTOR('',#6938,1.);
#6938 = DIRECTION('',(1.,0.,0.));
#6939 = ORIENTED_EDGE('',*,*,#5267,.F.);
#6940 = ORIENTED_EDGE('',*,*,#6873,.F.);
#6941 = ORIENTED_EDGE('',*,*,#6942,.T.);
#6942 = EDGE_CURVE('',#6866,#6933,#6943,.T.);
#6943 = LINE('',#6944,#6945);
#6944 = CARTESIAN_POINT('',(-5.334,1.734723475977E-15,2.5654));
#6945 = VECTOR('',#6946,1.);
#6946 = DIRECTION('',(0.,0.,-1.));
#6947 = PLANE('',#6948);
#6948 = AXIS2_PLACEMENT_3D('',#6949,#6950,#6951);
#6949 = CARTESIAN_POINT('',(-5.334,1.734723475977E-15,2.5654));
#6950 = DIRECTION('',(0.,-1.,0.));
#6951 = DIRECTION('',(0.,0.,1.));
#6952 = ADVANCED_FACE('',(#6953,#6963),#6981,.T.);
#6953 = FACE_BOUND('',#6954,.T.);
#6954 = EDGE_LOOP('',(#6955,#6956,#6957,#6958,#6959,#6960,#6961,#6962));
#6955 = ORIENTED_EDGE('',*,*,#5123,.F.);
#6956 = ORIENTED_EDGE('',*,*,#5073,.F.);
#6957 = ORIENTED_EDGE('',*,*,#5059,.F.);
#6958 = ORIENTED_EDGE('',*,*,#5009,.F.);
#6959 = ORIENTED_EDGE('',*,*,#4995,.F.);
#6960 = ORIENTED_EDGE('',*,*,#4945,.F.);
#6961 = ORIENTED_EDGE('',*,*,#4931,.F.);
#6962 = ORIENTED_EDGE('',*,*,#5137,.F.);
#6963 = FACE_BOUND('',#6964,.T.);
#6964 = EDGE_LOOP('',(#6965,#6973,#6974,#6975));
#6965 = ORIENTED_EDGE('',*,*,#6966,.T.);
#6966 = EDGE_CURVE('',#6967,#5276,#6969,.T.);
#6967 = VERTEX_POINT('',#6968);
#6968 = CARTESIAN_POINT('',(-5.334,13.9446,-2.8702));
#6969 = LINE('',#6970,#6971);
#6970 = CARTESIAN_POINT('',(-5.334,13.9446,-2.8702));
#6971 = VECTOR('',#6972,1.);
#6972 = DIRECTION('',(1.,0.,0.));
#6973 = ORIENTED_EDGE('',*,*,#5275,.F.);
#6974 = ORIENTED_EDGE('',*,*,#6932,.F.);
#6975 = ORIENTED_EDGE('',*,*,#6976,.T.);
#6976 = EDGE_CURVE('',#6933,#6967,#6977,.T.);
#6977 = LINE('',#6978,#6979);
#6978 = CARTESIAN_POINT('',(-5.334,1.734723475977E-15,-2.8702));
#6979 = VECTOR('',#6980,1.);
#6980 = DIRECTION('',(0.,1.,0.));
#6981 = PLANE('',#6982);
#6982 = AXIS2_PLACEMENT_3D('',#6983,#6984,#6985);
#6983 = CARTESIAN_POINT('',(-5.334,1.734723475977E-15,-2.8702));
#6984 = DIRECTION('',(0.,0.,-1.));
#6985 = DIRECTION('',(1.,0.,0.));
#6986 = ADVANCED_FACE('',(#6987),#6998,.T.);
#6987 = FACE_BOUND('',#6988,.T.);
#6988 = EDGE_LOOP('',(#6989,#6990,#6991,#6992,#6993,#6994,#6995,#6996,
    #6997));
#6989 = ORIENTED_EDGE('',*,*,#5251,.F.);
#6990 = ORIENTED_EDGE('',*,*,#6414,.F.);
#6991 = ORIENTED_EDGE('',*,*,#5179,.T.);
#6992 = ORIENTED_EDGE('',*,*,#6616,.T.);
#6993 = ORIENTED_EDGE('',*,*,#6179,.F.);
#6994 = ORIENTED_EDGE('',*,*,#6889,.T.);
#6995 = ORIENTED_EDGE('',*,*,#6731,.T.);
#6996 = ORIENTED_EDGE('',*,*,#6682,.T.);
#6997 = ORIENTED_EDGE('',*,*,#6880,.T.);
#6998 = PLANE('',#6999);
#6999 = AXIS2_PLACEMENT_3D('',#7000,#7001,#7002);
#7000 = CARTESIAN_POINT('',(-5.334,13.9446,-2.8702));
#7001 = DIRECTION('',(-0.,1.,0.));
#7002 = DIRECTION('',(1.,0.,0.));
#7003 = ADVANCED_FACE('',(#7004),#7020,.T.);
#7004 = FACE_BOUND('',#7005,.T.);
#7005 = EDGE_LOOP('',(#7006,#7007,#7008,#7009,#7010,#7016,#7017,#7018,
    #7019));
#7006 = ORIENTED_EDGE('',*,*,#6668,.T.);
#7007 = ORIENTED_EDGE('',*,*,#6635,.T.);
#7008 = ORIENTED_EDGE('',*,*,#6568,.T.);
#7009 = ORIENTED_EDGE('',*,*,#6429,.F.);
#7010 = ORIENTED_EDGE('',*,*,#7011,.T.);
#7011 = EDGE_CURVE('',#6430,#6858,#7012,.T.);
#7012 = LINE('',#7013,#7014);
#7013 = CARTESIAN_POINT('',(-5.334,13.9446,0.678147737194));
#7014 = VECTOR('',#7015,1.);
#7015 = DIRECTION('',(0.,0.,1.));
#7016 = ORIENTED_EDGE('',*,*,#6857,.T.);
#7017 = ORIENTED_EDGE('',*,*,#6802,.T.);
#7018 = ORIENTED_EDGE('',*,*,#6753,.T.);
#7019 = ORIENTED_EDGE('',*,*,#6898,.T.);
#7020 = PLANE('',#7021);
#7021 = AXIS2_PLACEMENT_3D('',#7022,#7023,#7024);
#7022 = CARTESIAN_POINT('',(-5.334,13.9446,-2.8702));
#7023 = DIRECTION('',(-0.,1.,0.));
#7024 = DIRECTION('',(1.,0.,0.));
#7025 = ADVANCED_FACE('',(#7026),#7053,.T.);
#7026 = FACE_BOUND('',#7027,.T.);
#7027 = EDGE_LOOP('',(#7028,#7029,#7030,#7031,#7037,#7038,#7039,#7047));
#7028 = ORIENTED_EDGE('',*,*,#6594,.T.);
#7029 = ORIENTED_EDGE('',*,*,#6545,.T.);
#7030 = ORIENTED_EDGE('',*,*,#5201,.T.);
#7031 = ORIENTED_EDGE('',*,*,#7032,.T.);
#7032 = EDGE_CURVE('',#5204,#5284,#7033,.T.);
#7033 = LINE('',#7034,#7035);
#7034 = CARTESIAN_POINT('',(4.699,13.9446,-1.440147737194));
#7035 = VECTOR('',#7036,1.);
#7036 = DIRECTION('',(1.,0.,0.));
#7037 = ORIENTED_EDGE('',*,*,#5283,.F.);
#7038 = ORIENTED_EDGE('',*,*,#6966,.F.);
#7039 = ORIENTED_EDGE('',*,*,#7040,.T.);
#7040 = EDGE_CURVE('',#6967,#7041,#7043,.T.);
#7041 = VERTEX_POINT('',#7042);
#7042 = CARTESIAN_POINT('',(-5.334,13.9446,-1.440147737194));
#7043 = LINE('',#7044,#7045);
#7044 = CARTESIAN_POINT('',(-5.334,13.9446,-2.8702));
#7045 = VECTOR('',#7046,1.);
#7046 = DIRECTION('',(0.,0.,1.));
#7047 = ORIENTED_EDGE('',*,*,#7048,.T.);
#7048 = EDGE_CURVE('',#7041,#6595,#7049,.T.);
#7049 = LINE('',#7050,#7051);
#7050 = CARTESIAN_POINT('',(-5.334,13.9446,-1.440147737194));
#7051 = VECTOR('',#7052,1.);
#7052 = DIRECTION('',(1.,0.,0.));
#7053 = PLANE('',#7054);
#7054 = AXIS2_PLACEMENT_3D('',#7055,#7056,#7057);
#7055 = CARTESIAN_POINT('',(-5.334,13.9446,-2.8702));
#7056 = DIRECTION('',(-0.,1.,0.));
#7057 = DIRECTION('',(1.,0.,0.));
#7058 = ADVANCED_FACE('',(#7059),#7071,.F.);
#7059 = FACE_BOUND('',#7060,.T.);
#7060 = EDGE_LOOP('',(#7061,#7062,#7063,#7064,#7070));
#7061 = ORIENTED_EDGE('',*,*,#7032,.F.);
#7062 = ORIENTED_EDGE('',*,*,#5227,.F.);
#7063 = ORIENTED_EDGE('',*,*,#6486,.T.);
#7064 = ORIENTED_EDGE('',*,*,#7065,.F.);
#7065 = EDGE_CURVE('',#5292,#6479,#7066,.T.);
#7066 = LINE('',#7067,#7068);
#7067 = CARTESIAN_POINT('',(5.334,13.4366,-1.440147737194));
#7068 = VECTOR('',#7069,1.);
#7069 = DIRECTION('',(-1.,0.,0.));
#7070 = ORIENTED_EDGE('',*,*,#5291,.F.);
#7071 = PLANE('',#7072);
#7072 = AXIS2_PLACEMENT_3D('',#7073,#7074,#7075);
#7073 = CARTESIAN_POINT('',(5.334,13.4366,-1.440147737194));
#7074 = DIRECTION('',(0.,0.,-1.));
#7075 = DIRECTION('',(1.,0.,0.));
#7076 = ADVANCED_FACE('',(#7077),#7096,.F.);
#7077 = FACE_BOUND('',#7078,.T.);
#7078 = EDGE_LOOP('',(#7079,#7087,#7088,#7089,#7090));
#7079 = ORIENTED_EDGE('',*,*,#7080,.F.);
#7080 = EDGE_CURVE('',#6362,#7081,#7083,.T.);
#7081 = VERTEX_POINT('',#7082);
#7082 = CARTESIAN_POINT('',(-5.334,13.4366,-1.440147737194));
#7083 = LINE('',#7084,#7085);
#7084 = CARTESIAN_POINT('',(-4.318,13.4366,-1.440147737194));
#7085 = VECTOR('',#7086,1.);
#7086 = DIRECTION('',(-1.,0.,0.));
#7087 = ORIENTED_EDGE('',*,*,#6361,.F.);
#7088 = ORIENTED_EDGE('',*,*,#6602,.F.);
#7089 = ORIENTED_EDGE('',*,*,#7048,.F.);
#7090 = ORIENTED_EDGE('',*,*,#7091,.T.);
#7091 = EDGE_CURVE('',#7041,#7081,#7092,.T.);
#7092 = LINE('',#7093,#7094);
#7093 = CARTESIAN_POINT('',(-5.334,13.9446,-1.440147737194));
#7094 = VECTOR('',#7095,1.);
#7095 = DIRECTION('',(0.,-1.,0.));
#7096 = PLANE('',#7097);
#7097 = AXIS2_PLACEMENT_3D('',#7098,#7099,#7100);
#7098 = CARTESIAN_POINT('',(5.334,13.4366,-1.440147737194));
#7099 = DIRECTION('',(0.,0.,-1.));
#7100 = DIRECTION('',(1.,0.,0.));
#7101 = ADVANCED_FACE('',(#7102),#7113,.F.);
#7102 = FACE_BOUND('',#7103,.T.);
#7103 = EDGE_LOOP('',(#7104,#7105,#7106,#7112));
#7104 = ORIENTED_EDGE('',*,*,#7065,.T.);
#7105 = ORIENTED_EDGE('',*,*,#6478,.F.);
#7106 = ORIENTED_EDGE('',*,*,#7107,.F.);
#7107 = EDGE_CURVE('',#5300,#6471,#7108,.T.);
#7108 = LINE('',#7109,#7110);
#7109 = CARTESIAN_POINT('',(5.334,12.8016,-1.27));
#7110 = VECTOR('',#7111,1.);
#7111 = DIRECTION('',(-1.,0.,0.));
#7112 = ORIENTED_EDGE('',*,*,#5299,.T.);
#7113 = PLANE('',#7114);
#7114 = AXIS2_PLACEMENT_3D('',#7115,#7116,#7117);
#7115 = CARTESIAN_POINT('',(5.334,12.8016,-1.27));
#7116 = DIRECTION('',(-0.,-0.258819045102,-0.965925826289));
#7117 = DIRECTION('',(-1.,0.,0.));
#7118 = ADVANCED_FACE('',(#7119),#7137,.F.);
#7119 = FACE_BOUND('',#7120,.T.);
#7120 = EDGE_LOOP('',(#7121,#7129,#7130,#7131));
#7121 = ORIENTED_EDGE('',*,*,#7122,.F.);
#7122 = EDGE_CURVE('',#6370,#7123,#7125,.T.);
#7123 = VERTEX_POINT('',#7124);
#7124 = CARTESIAN_POINT('',(-5.334,12.8016,-1.27));
#7125 = LINE('',#7126,#7127);
#7126 = CARTESIAN_POINT('',(-4.318,12.8016,-1.27));
#7127 = VECTOR('',#7128,1.);
#7128 = DIRECTION('',(-1.,0.,0.));
#7129 = ORIENTED_EDGE('',*,*,#6369,.T.);
#7130 = ORIENTED_EDGE('',*,*,#7080,.T.);
#7131 = ORIENTED_EDGE('',*,*,#7132,.F.);
#7132 = EDGE_CURVE('',#7123,#7081,#7133,.T.);
#7133 = LINE('',#7134,#7135);
#7134 = CARTESIAN_POINT('',(-5.334,12.8016,-1.27));
#7135 = VECTOR('',#7136,1.);
#7136 = DIRECTION('',(0.,0.965925826289,-0.258819045102));
#7137 = PLANE('',#7138);
#7138 = AXIS2_PLACEMENT_3D('',#7139,#7140,#7141);
#7139 = CARTESIAN_POINT('',(5.334,12.8016,-1.27));
#7140 = DIRECTION('',(-0.,-0.258819045102,-0.965925826289));
#7141 = DIRECTION('',(-1.,0.,0.));
#7142 = ADVANCED_FACE('',(#7143),#7154,.F.);
#7143 = FACE_BOUND('',#7144,.T.);
#7144 = EDGE_LOOP('',(#7145,#7146,#7147,#7153));
#7145 = ORIENTED_EDGE('',*,*,#7107,.T.);
#7146 = ORIENTED_EDGE('',*,*,#6468,.F.);
#7147 = ORIENTED_EDGE('',*,*,#7148,.F.);
#7148 = EDGE_CURVE('',#5308,#6469,#7149,.T.);
#7149 = LINE('',#7150,#7151);
#7150 = CARTESIAN_POINT('',(5.334,12.8016,0.508));
#7151 = VECTOR('',#7152,1.);
#7152 = DIRECTION('',(-1.,0.,0.));
#7153 = ORIENTED_EDGE('',*,*,#5307,.T.);
#7154 = PLANE('',#7155);
#7155 = AXIS2_PLACEMENT_3D('',#7156,#7157,#7158);
#7156 = CARTESIAN_POINT('',(5.334,12.8016,0.508));
#7157 = DIRECTION('',(0.,-1.,0.));
#7158 = DIRECTION('',(0.,0.,1.));
#7159 = ADVANCED_FACE('',(#7160),#7178,.F.);
#7160 = FACE_BOUND('',#7161,.T.);
#7161 = EDGE_LOOP('',(#7162,#7170,#7171,#7172));
#7162 = ORIENTED_EDGE('',*,*,#7163,.F.);
#7163 = EDGE_CURVE('',#6378,#7164,#7166,.T.);
#7164 = VERTEX_POINT('',#7165);
#7165 = CARTESIAN_POINT('',(-5.334,12.8016,0.508));
#7166 = LINE('',#7167,#7168);
#7167 = CARTESIAN_POINT('',(-4.318,12.8016,0.508));
#7168 = VECTOR('',#7169,1.);
#7169 = DIRECTION('',(-1.,0.,0.));
#7170 = ORIENTED_EDGE('',*,*,#6377,.T.);
#7171 = ORIENTED_EDGE('',*,*,#7122,.T.);
#7172 = ORIENTED_EDGE('',*,*,#7173,.F.);
#7173 = EDGE_CURVE('',#7164,#7123,#7174,.T.);
#7174 = LINE('',#7175,#7176);
#7175 = CARTESIAN_POINT('',(-5.334,12.8016,0.508));
#7176 = VECTOR('',#7177,1.);
#7177 = DIRECTION('',(0.,0.,-1.));
#7178 = PLANE('',#7179);
#7179 = AXIS2_PLACEMENT_3D('',#7180,#7181,#7182);
#7180 = CARTESIAN_POINT('',(5.334,12.8016,0.508));
#7181 = DIRECTION('',(0.,-1.,0.));
#7182 = DIRECTION('',(0.,0.,1.));
#7183 = ADVANCED_FACE('',(#7184),#7190,.F.);
#7184 = FACE_BOUND('',#7185,.T.);
#7185 = EDGE_LOOP('',(#7186,#7187,#7188,#7189));
#7186 = ORIENTED_EDGE('',*,*,#7148,.T.);
#7187 = ORIENTED_EDGE('',*,*,#6503,.F.);
#7188 = ORIENTED_EDGE('',*,*,#6399,.F.);
#7189 = ORIENTED_EDGE('',*,*,#5315,.T.);
#7190 = PLANE('',#7191);
#7191 = AXIS2_PLACEMENT_3D('',#7192,#7193,#7194);
#7192 = CARTESIAN_POINT('',(5.334,13.4366,0.678147737194));
#7193 = DIRECTION('',(0.,-0.258819045102,0.965925826289));
#7194 = DIRECTION('',(0.,-0.965925826289,-0.258819045102));
#7195 = ADVANCED_FACE('',(#7196),#7207,.F.);
#7196 = FACE_BOUND('',#7197,.T.);
#7197 = EDGE_LOOP('',(#7198,#7199,#7200,#7201));
#7198 = ORIENTED_EDGE('',*,*,#6446,.F.);
#7199 = ORIENTED_EDGE('',*,*,#6385,.T.);
#7200 = ORIENTED_EDGE('',*,*,#7163,.T.);
#7201 = ORIENTED_EDGE('',*,*,#7202,.F.);
#7202 = EDGE_CURVE('',#6447,#7164,#7203,.T.);
#7203 = LINE('',#7204,#7205);
#7204 = CARTESIAN_POINT('',(-5.334,13.4366,0.678147737194));
#7205 = VECTOR('',#7206,1.);
#7206 = DIRECTION('',(0.,-0.965925826289,-0.258819045102));
#7207 = PLANE('',#7208);
#7208 = AXIS2_PLACEMENT_3D('',#7209,#7210,#7211);
#7209 = CARTESIAN_POINT('',(5.334,13.4366,0.678147737194));
#7210 = DIRECTION('',(0.,-0.258819045102,0.965925826289));
#7211 = DIRECTION('',(0.,-0.965925826289,-0.258819045102));
#7212 = ADVANCED_FACE('',(#7213),#7225,.F.);
#7213 = FACE_BOUND('',#7214,.T.);
#7214 = EDGE_LOOP('',(#7215,#7216,#7217,#7218,#7219,#7220,#7221,#7222,
    #7223,#7224));
#7215 = ORIENTED_EDGE('',*,*,#7173,.T.);
#7216 = ORIENTED_EDGE('',*,*,#7132,.T.);
#7217 = ORIENTED_EDGE('',*,*,#7091,.F.);
#7218 = ORIENTED_EDGE('',*,*,#7040,.F.);
#7219 = ORIENTED_EDGE('',*,*,#6976,.F.);
#7220 = ORIENTED_EDGE('',*,*,#6942,.F.);
#7221 = ORIENTED_EDGE('',*,*,#6865,.F.);
#7222 = ORIENTED_EDGE('',*,*,#7011,.F.);
#7223 = ORIENTED_EDGE('',*,*,#6454,.T.);
#7224 = ORIENTED_EDGE('',*,*,#7202,.T.);
#7225 = PLANE('',#7226);
#7226 = AXIS2_PLACEMENT_3D('',#7227,#7228,#7229);
#7227 = CARTESIAN_POINT('',(-5.334,13.9446,-0.1524));
#7228 = DIRECTION('',(1.,0.,0.));
#7229 = DIRECTION('',(0.,0.,-1.));
#7230 = ( GEOMETRIC_REPRESENTATION_CONTEXT(3) 
GLOBAL_UNCERTAINTY_ASSIGNED_CONTEXT((#7234)) 
GLOBAL_UNIT_ASSIGNED_CONTEXT((#7231,#7232,#7233)) REPRESENTATION_CONTEXT
('Context #1','3D Context with UNIT and UNCERTAINTY') );
#7231 = ( LENGTH_UNIT() NAMED_UNIT(*) SI_UNIT(.MILLI.,.METRE.) );
#7232 = ( NAMED_UNIT(*) PLANE_ANGLE_UNIT() SI_UNIT($,.RADIAN.) );
#7233 = ( NAMED_UNIT(*) SI_UNIT($,.STERADIAN.) SOLID_ANGLE_UNIT() );
#7234 = UNCERTAINTY_MEASURE_WITH_UNIT(LENGTH_MEASURE(1.E-07),#7231,
  'distance_accuracy_value','confusion accuracy');
#7235 = SHAPE_DEFINITION_REPRESENTATION(#7236,#4898);
#7236 = PRODUCT_DEFINITION_SHAPE('','',#7237);
#7237 = PRODUCT_DEFINITION('design','',#7238,#7241);
#7238 = PRODUCT_DEFINITION_FORMATION('','',#7239);
#7239 = PRODUCT('5-103414-1','5-103414-1','',(#7240));
#7240 = PRODUCT_CONTEXT('',#2,'mechanical');
#7241 = PRODUCT_DEFINITION_CONTEXT('part definition',#2,'design');
#7242 = CONTEXT_DEPENDENT_SHAPE_REPRESENTATION(#7243,#7245);
#7243 = ( REPRESENTATION_RELATIONSHIP('','',#4898,#4888) 
REPRESENTATION_RELATIONSHIP_WITH_TRANSFORMATION(#7244) 
SHAPE_REPRESENTATION_RELATIONSHIP() );
#7244 = ITEM_DEFINED_TRANSFORMATION('','',#11,#4889);
#7245 = PRODUCT_DEFINITION_SHAPE('Placement','Placement of an item',
  #7246);
#7246 = NEXT_ASSEMBLY_USAGE_OCCURRENCE('5','','',#4883,#7237,$);
#7247 = PRODUCT_RELATED_PRODUCT_CATEGORY('part',$,(#7239));
#7248 = CONTEXT_DEPENDENT_SHAPE_REPRESENTATION(#7249,#7251);
#7249 = ( REPRESENTATION_RELATIONSHIP('','',#4888,#10) 
REPRESENTATION_RELATIONSHIP_WITH_TRANSFORMATION(#7250) 
SHAPE_REPRESENTATION_RELATIONSHIP() );
#7250 = ITEM_DEFINED_TRANSFORMATION('','',#11,#23);
#7251 = PRODUCT_DEFINITION_SHAPE('Placement','Placement of an item',
  #7252);
#7252 = NEXT_ASSEMBLY_USAGE_OCCURRENCE('6','','',#5,#4883,$);
#7253 = PRODUCT_RELATED_PRODUCT_CATEGORY('part',$,(#4885));
#7254 = SHAPE_DEFINITION_REPRESENTATION(#7255,#7261);
#7255 = PRODUCT_DEFINITION_SHAPE('','',#7256);
#7256 = PRODUCT_DEFINITION('design','',#7257,#7260);
#7257 = PRODUCT_DEFINITION_FORMATION('','',#7258);
#7258 = PRODUCT('C9','C9','',(#7259));
#7259 = PRODUCT_CONTEXT('',#2,'mechanical');
#7260 = PRODUCT_DEFINITION_CONTEXT('part definition',#2,'design');
#7261 = SHAPE_REPRESENTATION('',(#11,#7262,#7266,#7270),#7274);
#7262 = AXIS2_PLACEMENT_3D('',#7263,#7264,#7265);
#7263 = CARTESIAN_POINT('',(56.987300872803,61.900001525879,0.));
#7264 = DIRECTION('',(0.,0.,1.));
#7265 = DIRECTION('',(1.,0.,0.));
#7266 = AXIS2_PLACEMENT_3D('',#7267,#7268,#7269);
#7267 = CARTESIAN_POINT('',(56.987300872803,60.363300323486,0.));
#7268 = DIRECTION('',(0.,0.,1.));
#7269 = DIRECTION('',(1.,0.,0.));
#7270 = AXIS2_PLACEMENT_3D('',#7271,#7272,#7273);
#7271 = CARTESIAN_POINT('',(56.987300872803,63.436698913574,0.));
#7272 = DIRECTION('',(0.,0.,1.));
#7273 = DIRECTION('',(1.,0.,0.));
#7274 = ( GEOMETRIC_REPRESENTATION_CONTEXT(3) 
GLOBAL_UNCERTAINTY_ASSIGNED_CONTEXT((#7278)) 
GLOBAL_UNIT_ASSIGNED_CONTEXT((#7275,#7276,#7277)) REPRESENTATION_CONTEXT
('Context #1','3D Context with UNIT and UNCERTAINTY') );
#7275 = ( LENGTH_UNIT() NAMED_UNIT(*) SI_UNIT(.MILLI.,.METRE.) );
#7276 = ( NAMED_UNIT(*) PLANE_ANGLE_UNIT() SI_UNIT($,.RADIAN.) );
#7277 = ( NAMED_UNIT(*) SI_UNIT($,.STERADIAN.) SOLID_ANGLE_UNIT() );
#7278 = UNCERTAINTY_MEASURE_WITH_UNIT(LENGTH_MEASURE(1.E-07),#7275,
  'distance_accuracy_value','confusion accuracy');
#7279 = SHAPE_DEFINITION_REPRESENTATION(#7280,#7286);
#7280 = PRODUCT_DEFINITION_SHAPE('','',#7281);
#7281 = PRODUCT_DEFINITION('design','',#7282,#7285);
#7282 = PRODUCT_DEFINITION_FORMATION('','',#7283);
#7283 = PRODUCT('6164437248','6164437248','',(#7284));
#7284 = PRODUCT_CONTEXT('',#2,'mechanical');
#7285 = PRODUCT_DEFINITION_CONTEXT('part definition',#2,'design');
#7286 = SHAPE_REPRESENTATION('',(#11,#7287),#7291);
#7287 = AXIS2_PLACEMENT_3D('',#7288,#7289,#7290);
#7288 = CARTESIAN_POINT('',(0.,0.,0.));
#7289 = DIRECTION('',(0.,0.,1.));
#7290 = DIRECTION('',(1.,0.,0.));
#7291 = ( GEOMETRIC_REPRESENTATION_CONTEXT(3) 
GLOBAL_UNCERTAINTY_ASSIGNED_CONTEXT((#7295)) 
GLOBAL_UNIT_ASSIGNED_CONTEXT((#7292,#7293,#7294)) REPRESENTATION_CONTEXT
('Context #1','3D Context with UNIT and UNCERTAINTY') );
#7292 = ( LENGTH_UNIT() NAMED_UNIT(*) SI_UNIT(.MILLI.,.METRE.) );
#7293 = ( NAMED_UNIT(*) PLANE_ANGLE_UNIT() SI_UNIT($,.RADIAN.) );
#7294 = ( NAMED_UNIT(*) SI_UNIT($,.STERADIAN.) SOLID_ANGLE_UNIT() );
#7295 = UNCERTAINTY_MEASURE_WITH_UNIT(LENGTH_MEASURE(1.E-07),#7292,
  'distance_accuracy_value','confusion accuracy');
#7296 = ADVANCED_BREP_SHAPE_REPRESENTATION('',(#11,#7297),#7447);
#7297 = MANIFOLD_SOLID_BREP('',#7298);
#7298 = CLOSED_SHELL('',(#7299,#7339,#7370,#7401,#7423,#7435));
#7299 = ADVANCED_FACE('',(#7300),#7334,.T.);
#7300 = FACE_BOUND('',#7301,.T.);
#7301 = EDGE_LOOP('',(#7302,#7312,#7320,#7328));
#7302 = ORIENTED_EDGE('',*,*,#7303,.T.);
#7303 = EDGE_CURVE('',#7304,#7306,#7308,.T.);
#7304 = VERTEX_POINT('',#7305);
#7305 = CARTESIAN_POINT('',(0.9017,1.7018,0.));
#7306 = VERTEX_POINT('',#7307);
#7307 = CARTESIAN_POINT('',(0.9017,1.7018,0.70000114));
#7308 = LINE('',#7309,#7310);
#7309 = CARTESIAN_POINT('',(0.9017,1.7018,0.));
#7310 = VECTOR('',#7311,1.);
#7311 = DIRECTION('',(0.,0.,1.));
#7312 = ORIENTED_EDGE('',*,*,#7313,.T.);
#7313 = EDGE_CURVE('',#7306,#7314,#7316,.T.);
#7314 = VERTEX_POINT('',#7315);
#7315 = CARTESIAN_POINT('',(0.9017,-1.7018,0.70000114));
#7316 = LINE('',#7317,#7318);
#7317 = CARTESIAN_POINT('',(0.9017,1.7018,0.70000114));
#7318 = VECTOR('',#7319,1.);
#7319 = DIRECTION('',(0.,-1.,0.));
#7320 = ORIENTED_EDGE('',*,*,#7321,.F.);
#7321 = EDGE_CURVE('',#7322,#7314,#7324,.T.);
#7322 = VERTEX_POINT('',#7323);
#7323 = CARTESIAN_POINT('',(0.9017,-1.7018,0.));
#7324 = LINE('',#7325,#7326);
#7325 = CARTESIAN_POINT('',(0.9017,-1.7018,0.));
#7326 = VECTOR('',#7327,1.);
#7327 = DIRECTION('',(0.,0.,1.));
#7328 = ORIENTED_EDGE('',*,*,#7329,.F.);
#7329 = EDGE_CURVE('',#7304,#7322,#7330,.T.);
#7330 = LINE('',#7331,#7332);
#7331 = CARTESIAN_POINT('',(0.9017,1.7018,0.));
#7332 = VECTOR('',#7333,1.);
#7333 = DIRECTION('',(0.,-1.,0.));
#7334 = PLANE('',#7335);
#7335 = AXIS2_PLACEMENT_3D('',#7336,#7337,#7338);
#7336 = CARTESIAN_POINT('',(0.9017,1.7018,0.));
#7337 = DIRECTION('',(1.,0.,-0.));
#7338 = DIRECTION('',(0.,-1.,0.));
#7339 = ADVANCED_FACE('',(#7340),#7365,.T.);
#7340 = FACE_BOUND('',#7341,.T.);
#7341 = EDGE_LOOP('',(#7342,#7343,#7351,#7359));
#7342 = ORIENTED_EDGE('',*,*,#7321,.T.);
#7343 = ORIENTED_EDGE('',*,*,#7344,.T.);
#7344 = EDGE_CURVE('',#7314,#7345,#7347,.T.);
#7345 = VERTEX_POINT('',#7346);
#7346 = CARTESIAN_POINT('',(-0.9017,-1.7018,0.70000114));
#7347 = LINE('',#7348,#7349);
#7348 = CARTESIAN_POINT('',(0.9017,-1.7018,0.70000114));
#7349 = VECTOR('',#7350,1.);
#7350 = DIRECTION('',(-1.,0.,0.));
#7351 = ORIENTED_EDGE('',*,*,#7352,.F.);
#7352 = EDGE_CURVE('',#7353,#7345,#7355,.T.);
#7353 = VERTEX_POINT('',#7354);
#7354 = CARTESIAN_POINT('',(-0.9017,-1.7018,0.));
#7355 = LINE('',#7356,#7357);
#7356 = CARTESIAN_POINT('',(-0.9017,-1.7018,0.));
#7357 = VECTOR('',#7358,1.);
#7358 = DIRECTION('',(0.,0.,1.));
#7359 = ORIENTED_EDGE('',*,*,#7360,.F.);
#7360 = EDGE_CURVE('',#7322,#7353,#7361,.T.);
#7361 = LINE('',#7362,#7363);
#7362 = CARTESIAN_POINT('',(0.9017,-1.7018,0.));
#7363 = VECTOR('',#7364,1.);
#7364 = DIRECTION('',(-1.,0.,0.));
#7365 = PLANE('',#7366);
#7366 = AXIS2_PLACEMENT_3D('',#7367,#7368,#7369);
#7367 = CARTESIAN_POINT('',(0.9017,-1.7018,0.));
#7368 = DIRECTION('',(0.,-1.,0.));
#7369 = DIRECTION('',(-1.,0.,0.));
#7370 = ADVANCED_FACE('',(#7371),#7396,.T.);
#7371 = FACE_BOUND('',#7372,.T.);
#7372 = EDGE_LOOP('',(#7373,#7374,#7382,#7390));
#7373 = ORIENTED_EDGE('',*,*,#7352,.T.);
#7374 = ORIENTED_EDGE('',*,*,#7375,.T.);
#7375 = EDGE_CURVE('',#7345,#7376,#7378,.T.);
#7376 = VERTEX_POINT('',#7377);
#7377 = CARTESIAN_POINT('',(-0.9017,1.7018,0.70000114));
#7378 = LINE('',#7379,#7380);
#7379 = CARTESIAN_POINT('',(-0.9017,-1.7018,0.70000114));
#7380 = VECTOR('',#7381,1.);
#7381 = DIRECTION('',(0.,1.,0.));
#7382 = ORIENTED_EDGE('',*,*,#7383,.F.);
#7383 = EDGE_CURVE('',#7384,#7376,#7386,.T.);
#7384 = VERTEX_POINT('',#7385);
#7385 = CARTESIAN_POINT('',(-0.9017,1.7018,0.));
#7386 = LINE('',#7387,#7388);
#7387 = CARTESIAN_POINT('',(-0.9017,1.7018,0.));
#7388 = VECTOR('',#7389,1.);
#7389 = DIRECTION('',(0.,0.,1.));
#7390 = ORIENTED_EDGE('',*,*,#7391,.F.);
#7391 = EDGE_CURVE('',#7353,#7384,#7392,.T.);
#7392 = LINE('',#7393,#7394);
#7393 = CARTESIAN_POINT('',(-0.9017,-1.7018,0.));
#7394 = VECTOR('',#7395,1.);
#7395 = DIRECTION('',(0.,1.,0.));
#7396 = PLANE('',#7397);
#7397 = AXIS2_PLACEMENT_3D('',#7398,#7399,#7400);
#7398 = CARTESIAN_POINT('',(-0.9017,-1.7018,0.));
#7399 = DIRECTION('',(-1.,0.,0.));
#7400 = DIRECTION('',(0.,1.,0.));
#7401 = ADVANCED_FACE('',(#7402),#7418,.T.);
#7402 = FACE_BOUND('',#7403,.T.);
#7403 = EDGE_LOOP('',(#7404,#7405,#7411,#7412));
#7404 = ORIENTED_EDGE('',*,*,#7383,.T.);
#7405 = ORIENTED_EDGE('',*,*,#7406,.T.);
#7406 = EDGE_CURVE('',#7376,#7306,#7407,.T.);
#7407 = LINE('',#7408,#7409);
#7408 = CARTESIAN_POINT('',(-0.9017,1.7018,0.70000114));
#7409 = VECTOR('',#7410,1.);
#7410 = DIRECTION('',(1.,0.,0.));
#7411 = ORIENTED_EDGE('',*,*,#7303,.F.);
#7412 = ORIENTED_EDGE('',*,*,#7413,.F.);
#7413 = EDGE_CURVE('',#7384,#7304,#7414,.T.);
#7414 = LINE('',#7415,#7416);
#7415 = CARTESIAN_POINT('',(-0.9017,1.7018,0.));
#7416 = VECTOR('',#7417,1.);
#7417 = DIRECTION('',(1.,0.,0.));
#7418 = PLANE('',#7419);
#7419 = AXIS2_PLACEMENT_3D('',#7420,#7421,#7422);
#7420 = CARTESIAN_POINT('',(-0.9017,1.7018,0.));
#7421 = DIRECTION('',(0.,1.,0.));
#7422 = DIRECTION('',(1.,0.,0.));
#7423 = ADVANCED_FACE('',(#7424),#7430,.T.);
#7424 = FACE_BOUND('',#7425,.T.);
#7425 = EDGE_LOOP('',(#7426,#7427,#7428,#7429));
#7426 = ORIENTED_EDGE('',*,*,#7329,.T.);
#7427 = ORIENTED_EDGE('',*,*,#7360,.T.);
#7428 = ORIENTED_EDGE('',*,*,#7391,.T.);
#7429 = ORIENTED_EDGE('',*,*,#7413,.T.);
#7430 = PLANE('',#7431);
#7431 = AXIS2_PLACEMENT_3D('',#7432,#7433,#7434);
#7432 = CARTESIAN_POINT('',(-3.560730653205E-15,4.264348087671E-17,0.));
#7433 = DIRECTION('',(-0.,-0.,-1.));
#7434 = DIRECTION('',(-1.,0.,0.));
#7435 = ADVANCED_FACE('',(#7436),#7442,.F.);
#7436 = FACE_BOUND('',#7437,.F.);
#7437 = EDGE_LOOP('',(#7438,#7439,#7440,#7441));
#7438 = ORIENTED_EDGE('',*,*,#7313,.T.);
#7439 = ORIENTED_EDGE('',*,*,#7344,.T.);
#7440 = ORIENTED_EDGE('',*,*,#7375,.T.);
#7441 = ORIENTED_EDGE('',*,*,#7406,.T.);
#7442 = PLANE('',#7443);
#7443 = AXIS2_PLACEMENT_3D('',#7444,#7445,#7446);
#7444 = CARTESIAN_POINT('',(-3.560730653205E-15,4.264348087671E-17,
    0.70000114));
#7445 = DIRECTION('',(-0.,-0.,-1.));
#7446 = DIRECTION('',(-1.,0.,0.));
#7447 = ( GEOMETRIC_REPRESENTATION_CONTEXT(3) 
GLOBAL_UNCERTAINTY_ASSIGNED_CONTEXT((#7451)) 
GLOBAL_UNIT_ASSIGNED_CONTEXT((#7448,#7449,#7450)) REPRESENTATION_CONTEXT
('Context #1','3D Context with UNIT and UNCERTAINTY') );
#7448 = ( LENGTH_UNIT() NAMED_UNIT(*) SI_UNIT(.MILLI.,.METRE.) );
#7449 = ( NAMED_UNIT(*) PLANE_ANGLE_UNIT() SI_UNIT($,.RADIAN.) );
#7450 = ( NAMED_UNIT(*) SI_UNIT($,.STERADIAN.) SOLID_ANGLE_UNIT() );
#7451 = UNCERTAINTY_MEASURE_WITH_UNIT(LENGTH_MEASURE(1.E-07),#7448,
  'distance_accuracy_value','confusion accuracy');
#7452 = SHAPE_DEFINITION_REPRESENTATION(#7453,#7296);
#7453 = PRODUCT_DEFINITION_SHAPE('','',#7454);
#7454 = PRODUCT_DEFINITION('design','',#7455,#7458);
#7455 = PRODUCT_DEFINITION_FORMATION('','',#7456);
#7456 = PRODUCT('Extruded','Extruded','',(#7457));
#7457 = PRODUCT_CONTEXT('',#2,'mechanical');
#7458 = PRODUCT_DEFINITION_CONTEXT('part definition',#2,'design');
#7459 = CONTEXT_DEPENDENT_SHAPE_REPRESENTATION(#7460,#7462);
#7460 = ( REPRESENTATION_RELATIONSHIP('','',#7296,#7286) 
REPRESENTATION_RELATIONSHIP_WITH_TRANSFORMATION(#7461) 
SHAPE_REPRESENTATION_RELATIONSHIP() );
#7461 = ITEM_DEFINED_TRANSFORMATION('','',#11,#7287);
#7462 = PRODUCT_DEFINITION_SHAPE('Placement','Placement of an item',
  #7463);
#7463 = NEXT_ASSEMBLY_USAGE_OCCURRENCE('7','2','',#7281,#7454,$);
#7464 = PRODUCT_RELATED_PRODUCT_CATEGORY('part',$,(#7456));
#7465 = CONTEXT_DEPENDENT_SHAPE_REPRESENTATION(#7466,#7468);
#7466 = ( REPRESENTATION_RELATIONSHIP('','',#7286,#7261) 
REPRESENTATION_RELATIONSHIP_WITH_TRANSFORMATION(#7467) 
SHAPE_REPRESENTATION_RELATIONSHIP() );
#7467 = ITEM_DEFINED_TRANSFORMATION('','',#11,#7262);
#7468 = PRODUCT_DEFINITION_SHAPE('Placement','Placement of an item',
  #7469);
#7469 = NEXT_ASSEMBLY_USAGE_OCCURRENCE('8','','',#7256,#7281,$);
#7470 = PRODUCT_RELATED_PRODUCT_CATEGORY('part',$,(#7283));
#7471 = SHAPE_DEFINITION_REPRESENTATION(#7472,#7478);
#7472 = PRODUCT_DEFINITION_SHAPE('','',#7473);
#7473 = PRODUCT_DEFINITION('design','',#7474,#7477);
#7474 = PRODUCT_DEFINITION_FORMATION('','',#7475);
#7475 = PRODUCT('6164432048','6164432048','',(#7476));
#7476 = PRODUCT_CONTEXT('',#2,'mechanical');
#7477 = PRODUCT_DEFINITION_CONTEXT('part definition',#2,'design');
#7478 = SHAPE_REPRESENTATION('',(#11,#7479),#7483);
#7479 = AXIS2_PLACEMENT_3D('',#7480,#7481,#7482);
#7480 = CARTESIAN_POINT('',(0.,0.,0.));
#7481 = DIRECTION('',(0.,0.,1.));
#7482 = DIRECTION('',(1.,0.,0.));
#7483 = ( GEOMETRIC_REPRESENTATION_CONTEXT(3) 
GLOBAL_UNCERTAINTY_ASSIGNED_CONTEXT((#7487)) 
GLOBAL_UNIT_ASSIGNED_CONTEXT((#7484,#7485,#7486)) REPRESENTATION_CONTEXT
('Context #1','3D Context with UNIT and UNCERTAINTY') );
#7484 = ( LENGTH_UNIT() NAMED_UNIT(*) SI_UNIT(.MILLI.,.METRE.) );
#7485 = ( NAMED_UNIT(*) PLANE_ANGLE_UNIT() SI_UNIT($,.RADIAN.) );
#7486 = ( NAMED_UNIT(*) SI_UNIT($,.STERADIAN.) SOLID_ANGLE_UNIT() );
#7487 = UNCERTAINTY_MEASURE_WITH_UNIT(LENGTH_MEASURE(1.E-07),#7484,
  'distance_accuracy_value','confusion accuracy');
#7488 = ADVANCED_BREP_SHAPE_REPRESENTATION('',(#11,#7489),#7639);
#7489 = MANIFOLD_SOLID_BREP('',#7490);
#7490 = CLOSED_SHELL('',(#7491,#7531,#7562,#7593,#7615,#7627));
#7491 = ADVANCED_FACE('',(#7492),#7526,.T.);
#7492 = FACE_BOUND('',#7493,.T.);
#7493 = EDGE_LOOP('',(#7494,#7504,#7512,#7520));
#7494 = ORIENTED_EDGE('',*,*,#7495,.T.);
#7495 = EDGE_CURVE('',#7496,#7498,#7500,.T.);
#7496 = VERTEX_POINT('',#7497);
#7497 = CARTESIAN_POINT('',(-0.9271,0.1905,0.));
#7498 = VERTEX_POINT('',#7499);
#7499 = CARTESIAN_POINT('',(-0.9271,0.1905,0.80000094));
#7500 = LINE('',#7501,#7502);
#7501 = CARTESIAN_POINT('',(-0.9271,0.1905,0.));
#7502 = VECTOR('',#7503,1.);
#7503 = DIRECTION('',(0.,0.,1.));
#7504 = ORIENTED_EDGE('',*,*,#7505,.T.);
#7505 = EDGE_CURVE('',#7498,#7506,#7508,.T.);
#7506 = VERTEX_POINT('',#7507);
#7507 = CARTESIAN_POINT('',(0.9271,0.1905,0.80000094));
#7508 = LINE('',#7509,#7510);
#7509 = CARTESIAN_POINT('',(-0.9271,0.1905,0.80000094));
#7510 = VECTOR('',#7511,1.);
#7511 = DIRECTION('',(1.,0.,0.));
#7512 = ORIENTED_EDGE('',*,*,#7513,.F.);
#7513 = EDGE_CURVE('',#7514,#7506,#7516,.T.);
#7514 = VERTEX_POINT('',#7515);
#7515 = CARTESIAN_POINT('',(0.9271,0.1905,0.));
#7516 = LINE('',#7517,#7518);
#7517 = CARTESIAN_POINT('',(0.9271,0.1905,0.));
#7518 = VECTOR('',#7519,1.);
#7519 = DIRECTION('',(0.,0.,1.));
#7520 = ORIENTED_EDGE('',*,*,#7521,.F.);
#7521 = EDGE_CURVE('',#7496,#7514,#7522,.T.);
#7522 = LINE('',#7523,#7524);
#7523 = CARTESIAN_POINT('',(-0.9271,0.1905,0.));
#7524 = VECTOR('',#7525,1.);
#7525 = DIRECTION('',(1.,0.,0.));
#7526 = PLANE('',#7527);
#7527 = AXIS2_PLACEMENT_3D('',#7528,#7529,#7530);
#7528 = CARTESIAN_POINT('',(-0.9271,0.1905,0.));
#7529 = DIRECTION('',(0.,1.,0.));
#7530 = DIRECTION('',(1.,0.,0.));
#7531 = ADVANCED_FACE('',(#7532),#7557,.T.);
#7532 = FACE_BOUND('',#7533,.T.);
#7533 = EDGE_LOOP('',(#7534,#7535,#7543,#7551));
#7534 = ORIENTED_EDGE('',*,*,#7513,.T.);
#7535 = ORIENTED_EDGE('',*,*,#7536,.T.);
#7536 = EDGE_CURVE('',#7506,#7537,#7539,.T.);
#7537 = VERTEX_POINT('',#7538);
#7538 = CARTESIAN_POINT('',(0.9271,-0.1905,0.80000094));
#7539 = LINE('',#7540,#7541);
#7540 = CARTESIAN_POINT('',(0.9271,0.1905,0.80000094));
#7541 = VECTOR('',#7542,1.);
#7542 = DIRECTION('',(0.,-1.,0.));
#7543 = ORIENTED_EDGE('',*,*,#7544,.F.);
#7544 = EDGE_CURVE('',#7545,#7537,#7547,.T.);
#7545 = VERTEX_POINT('',#7546);
#7546 = CARTESIAN_POINT('',(0.9271,-0.1905,0.));
#7547 = LINE('',#7548,#7549);
#7548 = CARTESIAN_POINT('',(0.9271,-0.1905,0.));
#7549 = VECTOR('',#7550,1.);
#7550 = DIRECTION('',(0.,0.,1.));
#7551 = ORIENTED_EDGE('',*,*,#7552,.F.);
#7552 = EDGE_CURVE('',#7514,#7545,#7553,.T.);
#7553 = LINE('',#7554,#7555);
#7554 = CARTESIAN_POINT('',(0.9271,0.1905,0.));
#7555 = VECTOR('',#7556,1.);
#7556 = DIRECTION('',(0.,-1.,0.));
#7557 = PLANE('',#7558);
#7558 = AXIS2_PLACEMENT_3D('',#7559,#7560,#7561);
#7559 = CARTESIAN_POINT('',(0.9271,0.1905,0.));
#7560 = DIRECTION('',(1.,0.,-0.));
#7561 = DIRECTION('',(0.,-1.,0.));
#7562 = ADVANCED_FACE('',(#7563),#7588,.T.);
#7563 = FACE_BOUND('',#7564,.T.);
#7564 = EDGE_LOOP('',(#7565,#7566,#7574,#7582));
#7565 = ORIENTED_EDGE('',*,*,#7544,.T.);
#7566 = ORIENTED_EDGE('',*,*,#7567,.T.);
#7567 = EDGE_CURVE('',#7537,#7568,#7570,.T.);
#7568 = VERTEX_POINT('',#7569);
#7569 = CARTESIAN_POINT('',(-0.9271,-0.1905,0.80000094));
#7570 = LINE('',#7571,#7572);
#7571 = CARTESIAN_POINT('',(0.9271,-0.1905,0.80000094));
#7572 = VECTOR('',#7573,1.);
#7573 = DIRECTION('',(-1.,0.,0.));
#7574 = ORIENTED_EDGE('',*,*,#7575,.F.);
#7575 = EDGE_CURVE('',#7576,#7568,#7578,.T.);
#7576 = VERTEX_POINT('',#7577);
#7577 = CARTESIAN_POINT('',(-0.9271,-0.1905,0.));
#7578 = LINE('',#7579,#7580);
#7579 = CARTESIAN_POINT('',(-0.9271,-0.1905,0.));
#7580 = VECTOR('',#7581,1.);
#7581 = DIRECTION('',(0.,0.,1.));
#7582 = ORIENTED_EDGE('',*,*,#7583,.F.);
#7583 = EDGE_CURVE('',#7545,#7576,#7584,.T.);
#7584 = LINE('',#7585,#7586);
#7585 = CARTESIAN_POINT('',(0.9271,-0.1905,0.));
#7586 = VECTOR('',#7587,1.);
#7587 = DIRECTION('',(-1.,0.,0.));
#7588 = PLANE('',#7589);
#7589 = AXIS2_PLACEMENT_3D('',#7590,#7591,#7592);
#7590 = CARTESIAN_POINT('',(0.9271,-0.1905,0.));
#7591 = DIRECTION('',(0.,-1.,0.));
#7592 = DIRECTION('',(-1.,0.,0.));
#7593 = ADVANCED_FACE('',(#7594),#7610,.T.);
#7594 = FACE_BOUND('',#7595,.T.);
#7595 = EDGE_LOOP('',(#7596,#7597,#7603,#7604));
#7596 = ORIENTED_EDGE('',*,*,#7575,.T.);
#7597 = ORIENTED_EDGE('',*,*,#7598,.T.);
#7598 = EDGE_CURVE('',#7568,#7498,#7599,.T.);
#7599 = LINE('',#7600,#7601);
#7600 = CARTESIAN_POINT('',(-0.9271,-0.1905,0.80000094));
#7601 = VECTOR('',#7602,1.);
#7602 = DIRECTION('',(0.,1.,0.));
#7603 = ORIENTED_EDGE('',*,*,#7495,.F.);
#7604 = ORIENTED_EDGE('',*,*,#7605,.F.);
#7605 = EDGE_CURVE('',#7576,#7496,#7606,.T.);
#7606 = LINE('',#7607,#7608);
#7607 = CARTESIAN_POINT('',(-0.9271,-0.1905,0.));
#7608 = VECTOR('',#7609,1.);
#7609 = DIRECTION('',(0.,1.,0.));
#7610 = PLANE('',#7611);
#7611 = AXIS2_PLACEMENT_3D('',#7612,#7613,#7614);
#7612 = CARTESIAN_POINT('',(-0.9271,-0.1905,0.));
#7613 = DIRECTION('',(-1.,0.,0.));
#7614 = DIRECTION('',(0.,1.,0.));
#7615 = ADVANCED_FACE('',(#7616),#7622,.T.);
#7616 = FACE_BOUND('',#7617,.T.);
#7617 = EDGE_LOOP('',(#7618,#7619,#7620,#7621));
#7618 = ORIENTED_EDGE('',*,*,#7521,.T.);
#7619 = ORIENTED_EDGE('',*,*,#7552,.T.);
#7620 = ORIENTED_EDGE('',*,*,#7583,.T.);
#7621 = ORIENTED_EDGE('',*,*,#7605,.T.);
#7622 = PLANE('',#7623);
#7623 = AXIS2_PLACEMENT_3D('',#7624,#7625,#7626);
#7624 = CARTESIAN_POINT('',(-3.563819882644E-15,0.,0.));
#7625 = DIRECTION('',(-0.,-0.,-1.));
#7626 = DIRECTION('',(-1.,0.,0.));
#7627 = ADVANCED_FACE('',(#7628),#7634,.F.);
#7628 = FACE_BOUND('',#7629,.F.);
#7629 = EDGE_LOOP('',(#7630,#7631,#7632,#7633));
#7630 = ORIENTED_EDGE('',*,*,#7505,.T.);
#7631 = ORIENTED_EDGE('',*,*,#7536,.T.);
#7632 = ORIENTED_EDGE('',*,*,#7567,.T.);
#7633 = ORIENTED_EDGE('',*,*,#7598,.T.);
#7634 = PLANE('',#7635);
#7635 = AXIS2_PLACEMENT_3D('',#7636,#7637,#7638);
#7636 = CARTESIAN_POINT('',(-3.563819882644E-15,0.,0.80000094));
#7637 = DIRECTION('',(-0.,-0.,-1.));
#7638 = DIRECTION('',(-1.,0.,0.));
#7639 = ( GEOMETRIC_REPRESENTATION_CONTEXT(3) 
GLOBAL_UNCERTAINTY_ASSIGNED_CONTEXT((#7643)) 
GLOBAL_UNIT_ASSIGNED_CONTEXT((#7640,#7641,#7642)) REPRESENTATION_CONTEXT
('Context #1','3D Context with UNIT and UNCERTAINTY') );
#7640 = ( LENGTH_UNIT() NAMED_UNIT(*) SI_UNIT(.MILLI.,.METRE.) );
#7641 = ( NAMED_UNIT(*) PLANE_ANGLE_UNIT() SI_UNIT($,.RADIAN.) );
#7642 = ( NAMED_UNIT(*) SI_UNIT($,.STERADIAN.) SOLID_ANGLE_UNIT() );
#7643 = UNCERTAINTY_MEASURE_WITH_UNIT(LENGTH_MEASURE(1.E-07),#7640,
  'distance_accuracy_value','confusion accuracy');
#7644 = SHAPE_DEFINITION_REPRESENTATION(#7645,#7488);
#7645 = PRODUCT_DEFINITION_SHAPE('','',#7646);
#7646 = PRODUCT_DEFINITION('design','',#7647,#7650);
#7647 = PRODUCT_DEFINITION_FORMATION('','',#7648);
#7648 = PRODUCT('Extruded','Extruded','',(#7649));
#7649 = PRODUCT_CONTEXT('',#2,'mechanical');
#7650 = PRODUCT_DEFINITION_CONTEXT('part definition',#2,'design');
#7651 = CONTEXT_DEPENDENT_SHAPE_REPRESENTATION(#7652,#7654);
#7652 = ( REPRESENTATION_RELATIONSHIP('','',#7488,#7478) 
REPRESENTATION_RELATIONSHIP_WITH_TRANSFORMATION(#7653) 
SHAPE_REPRESENTATION_RELATIONSHIP() );
#7653 = ITEM_DEFINED_TRANSFORMATION('','',#11,#7479);
#7654 = PRODUCT_DEFINITION_SHAPE('Placement','Placement of an item',
  #7655);
#7655 = NEXT_ASSEMBLY_USAGE_OCCURRENCE('9','3','',#7473,#7646,$);
#7656 = PRODUCT_RELATED_PRODUCT_CATEGORY('part',$,(#7648));
#7657 = CONTEXT_DEPENDENT_SHAPE_REPRESENTATION(#7658,#7660);
#7658 = ( REPRESENTATION_RELATIONSHIP('','',#7478,#7261) 
REPRESENTATION_RELATIONSHIP_WITH_TRANSFORMATION(#7659) 
SHAPE_REPRESENTATION_RELATIONSHIP() );
#7659 = ITEM_DEFINED_TRANSFORMATION('','',#11,#7266);
#7660 = PRODUCT_DEFINITION_SHAPE('Placement','Placement of an item',
  #7661);
#7661 = NEXT_ASSEMBLY_USAGE_OCCURRENCE('10','','',#7256,#7473,$);
#7662 = PRODUCT_RELATED_PRODUCT_CATEGORY('part',$,(#7475));
#7663 = CONTEXT_DEPENDENT_SHAPE_REPRESENTATION(#7664,#7666);
#7664 = ( REPRESENTATION_RELATIONSHIP('','',#7478,#7261) 
REPRESENTATION_RELATIONSHIP_WITH_TRANSFORMATION(#7665) 
SHAPE_REPRESENTATION_RELATIONSHIP() );
#7665 = ITEM_DEFINED_TRANSFORMATION('','',#11,#7270);
#7666 = PRODUCT_DEFINITION_SHAPE('Placement','Placement of an item',
  #7667);
#7667 = NEXT_ASSEMBLY_USAGE_OCCURRENCE('11','','',#7256,#7473,$);
#7668 = CONTEXT_DEPENDENT_SHAPE_REPRESENTATION(#7669,#7671);
#7669 = ( REPRESENTATION_RELATIONSHIP('','',#7261,#10) 
REPRESENTATION_RELATIONSHIP_WITH_TRANSFORMATION(#7670) 
SHAPE_REPRESENTATION_RELATIONSHIP() );
#7670 = ITEM_DEFINED_TRANSFORMATION('','',#11,#27);
#7671 = PRODUCT_DEFINITION_SHAPE('Placement','Placement of an item',
  #7672);
#7672 = NEXT_ASSEMBLY_USAGE_OCCURRENCE('12','','',#5,#7256,$);
#7673 = PRODUCT_RELATED_PRODUCT_CATEGORY('part',$,(#7258));
#7674 = SHAPE_DEFINITION_REPRESENTATION(#7675,#7681);
#7675 = PRODUCT_DEFINITION_SHAPE('','',#7676);
#7676 = PRODUCT_DEFINITION('design','',#7677,#7680);
#7677 = PRODUCT_DEFINITION_FORMATION('','',#7678);
#7678 = PRODUCT('M8','M8','',(#7679));
#7679 = PRODUCT_CONTEXT('',#2,'mechanical');
#7680 = PRODUCT_DEFINITION_CONTEXT('part definition',#2,'design');
#7681 = SHAPE_REPRESENTATION('',(#11,#7682),#7686);
#7682 = AXIS2_PLACEMENT_3D('',#7683,#7684,#7685);
#7683 = CARTESIAN_POINT('',(170.94999694824,51.024997711182,
    1.999994926155E-02));
#7684 = DIRECTION('',(0.,0.,1.));
#7685 = DIRECTION('',(1.,0.,0.));
#7686 = ( GEOMETRIC_REPRESENTATION_CONTEXT(3) 
GLOBAL_UNCERTAINTY_ASSIGNED_CONTEXT((#7690)) 
GLOBAL_UNIT_ASSIGNED_CONTEXT((#7687,#7688,#7689)) REPRESENTATION_CONTEXT
('Context #1','3D Context with UNIT and UNCERTAINTY') );
#7687 = ( LENGTH_UNIT() NAMED_UNIT(*) SI_UNIT(.MILLI.,.METRE.) );
#7688 = ( NAMED_UNIT(*) PLANE_ANGLE_UNIT() SI_UNIT($,.RADIAN.) );
#7689 = ( NAMED_UNIT(*) SI_UNIT($,.STERADIAN.) SOLID_ANGLE_UNIT() );
#7690 = UNCERTAINTY_MEASURE_WITH_UNIT(LENGTH_MEASURE(1.E-07),#7687,
  'distance_accuracy_value','confusion accuracy');
#7691 = SHAPE_DEFINITION_REPRESENTATION(#7692,#7698);
#7692 = PRODUCT_DEFINITION_SHAPE('','',#7693);
#7693 = PRODUCT_DEFINITION('design','',#7694,#7697);
#7694 = PRODUCT_DEFINITION_FORMATION('','',#7695);
#7695 = PRODUCT('6164428448','6164428448','',(#7696));
#7696 = PRODUCT_CONTEXT('',#2,'mechanical');
#7697 = PRODUCT_DEFINITION_CONTEXT('part definition',#2,'design');
#7698 = SHAPE_REPRESENTATION('',(#11,#7699),#7703);
#7699 = AXIS2_PLACEMENT_3D('',#7700,#7701,#7702);
#7700 = CARTESIAN_POINT('',(0.,0.,0.));
#7701 = DIRECTION('',(0.,0.,1.));
#7702 = DIRECTION('',(1.,0.,0.));
#7703 = ( GEOMETRIC_REPRESENTATION_CONTEXT(3) 
GLOBAL_UNCERTAINTY_ASSIGNED_CONTEXT((#7707)) 
GLOBAL_UNIT_ASSIGNED_CONTEXT((#7704,#7705,#7706)) REPRESENTATION_CONTEXT
('Context #1','3D Context with UNIT and UNCERTAINTY') );
#7704 = ( LENGTH_UNIT() NAMED_UNIT(*) SI_UNIT(.MILLI.,.METRE.) );
#7705 = ( NAMED_UNIT(*) PLANE_ANGLE_UNIT() SI_UNIT($,.RADIAN.) );
#7706 = ( NAMED_UNIT(*) SI_UNIT($,.STERADIAN.) SOLID_ANGLE_UNIT() );
#7707 = UNCERTAINTY_MEASURE_WITH_UNIT(LENGTH_MEASURE(1.E-07),#7704,
  'distance_accuracy_value','confusion accuracy');
#7708 = ADVANCED_BREP_SHAPE_REPRESENTATION('',(#11,#7709),#7859);
#7709 = MANIFOLD_SOLID_BREP('',#7710);
#7710 = CLOSED_SHELL('',(#7711,#7751,#7782,#7813,#7835,#7847));
#7711 = ADVANCED_FACE('',(#7712),#7746,.F.);
#7712 = FACE_BOUND('',#7713,.F.);
#7713 = EDGE_LOOP('',(#7714,#7724,#7732,#7740));
#7714 = ORIENTED_EDGE('',*,*,#7715,.T.);
#7715 = EDGE_CURVE('',#7716,#7718,#7720,.T.);
#7716 = VERTEX_POINT('',#7717);
#7717 = CARTESIAN_POINT('',(1.06875072,-1.36249918,0.));
#7718 = VERTEX_POINT('',#7719);
#7719 = CARTESIAN_POINT('',(1.06875072,-1.36249918,0.83000088));
#7720 = LINE('',#7721,#7722);
#7721 = CARTESIAN_POINT('',(1.06875072,-1.36249918,0.));
#7722 = VECTOR('',#7723,1.);
#7723 = DIRECTION('',(0.,0.,1.));
#7724 = ORIENTED_EDGE('',*,*,#7725,.T.);
#7725 = EDGE_CURVE('',#7718,#7726,#7728,.T.);
#7726 = VERTEX_POINT('',#7727);
#7727 = CARTESIAN_POINT('',(1.06875072,1.36250172,0.83000088));
#7728 = LINE('',#7729,#7730);
#7729 = CARTESIAN_POINT('',(1.06875072,-1.36249918,0.83000088));
#7730 = VECTOR('',#7731,1.);
#7731 = DIRECTION('',(0.,1.,0.));
#7732 = ORIENTED_EDGE('',*,*,#7733,.F.);
#7733 = EDGE_CURVE('',#7734,#7726,#7736,.T.);
#7734 = VERTEX_POINT('',#7735);
#7735 = CARTESIAN_POINT('',(1.06875072,1.36250172,0.));
#7736 = LINE('',#7737,#7738);
#7737 = CARTESIAN_POINT('',(1.06875072,1.36250172,0.));
#7738 = VECTOR('',#7739,1.);
#7739 = DIRECTION('',(0.,0.,1.));
#7740 = ORIENTED_EDGE('',*,*,#7741,.F.);
#7741 = EDGE_CURVE('',#7716,#7734,#7742,.T.);
#7742 = LINE('',#7743,#7744);
#7743 = CARTESIAN_POINT('',(1.06875072,-1.36249918,0.));
#7744 = VECTOR('',#7745,1.);
#7745 = DIRECTION('',(0.,1.,0.));
#7746 = PLANE('',#7747);
#7747 = AXIS2_PLACEMENT_3D('',#7748,#7749,#7750);
#7748 = CARTESIAN_POINT('',(1.06875072,-1.36249918,0.));
#7749 = DIRECTION('',(-1.,0.,0.));
#7750 = DIRECTION('',(0.,1.,0.));
#7751 = ADVANCED_FACE('',(#7752),#7777,.F.);
#7752 = FACE_BOUND('',#7753,.F.);
#7753 = EDGE_LOOP('',(#7754,#7755,#7763,#7771));
#7754 = ORIENTED_EDGE('',*,*,#7733,.T.);
#7755 = ORIENTED_EDGE('',*,*,#7756,.T.);
#7756 = EDGE_CURVE('',#7726,#7757,#7759,.T.);
#7757 = VERTEX_POINT('',#7758);
#7758 = CARTESIAN_POINT('',(-1.06875072,1.36250172,0.83000088));
#7759 = LINE('',#7760,#7761);
#7760 = CARTESIAN_POINT('',(1.06875072,1.36250172,0.83000088));
#7761 = VECTOR('',#7762,1.);
#7762 = DIRECTION('',(-1.,0.,0.));
#7763 = ORIENTED_EDGE('',*,*,#7764,.F.);
#7764 = EDGE_CURVE('',#7765,#7757,#7767,.T.);
#7765 = VERTEX_POINT('',#7766);
#7766 = CARTESIAN_POINT('',(-1.06875072,1.36250172,0.));
#7767 = LINE('',#7768,#7769);
#7768 = CARTESIAN_POINT('',(-1.06875072,1.36250172,0.));
#7769 = VECTOR('',#7770,1.);
#7770 = DIRECTION('',(0.,0.,1.));
#7771 = ORIENTED_EDGE('',*,*,#7772,.F.);
#7772 = EDGE_CURVE('',#7734,#7765,#7773,.T.);
#7773 = LINE('',#7774,#7775);
#7774 = CARTESIAN_POINT('',(1.06875072,1.36250172,0.));
#7775 = VECTOR('',#7776,1.);
#7776 = DIRECTION('',(-1.,0.,0.));
#7777 = PLANE('',#7778);
#7778 = AXIS2_PLACEMENT_3D('',#7779,#7780,#7781);
#7779 = CARTESIAN_POINT('',(1.06875072,1.36250172,0.));
#7780 = DIRECTION('',(0.,-1.,0.));
#7781 = DIRECTION('',(-1.,0.,0.));
#7782 = ADVANCED_FACE('',(#7783),#7808,.F.);
#7783 = FACE_BOUND('',#7784,.F.);
#7784 = EDGE_LOOP('',(#7785,#7786,#7794,#7802));
#7785 = ORIENTED_EDGE('',*,*,#7764,.T.);
#7786 = ORIENTED_EDGE('',*,*,#7787,.T.);
#7787 = EDGE_CURVE('',#7757,#7788,#7790,.T.);
#7788 = VERTEX_POINT('',#7789);
#7789 = CARTESIAN_POINT('',(-1.06875072,-1.36249918,0.83000088));
#7790 = LINE('',#7791,#7792);
#7791 = CARTESIAN_POINT('',(-1.06875072,1.36250172,0.83000088));
#7792 = VECTOR('',#7793,1.);
#7793 = DIRECTION('',(0.,-1.,0.));
#7794 = ORIENTED_EDGE('',*,*,#7795,.F.);
#7795 = EDGE_CURVE('',#7796,#7788,#7798,.T.);
#7796 = VERTEX_POINT('',#7797);
#7797 = CARTESIAN_POINT('',(-1.06875072,-1.36249918,0.));
#7798 = LINE('',#7799,#7800);
#7799 = CARTESIAN_POINT('',(-1.06875072,-1.36249918,0.));
#7800 = VECTOR('',#7801,1.);
#7801 = DIRECTION('',(0.,0.,1.));
#7802 = ORIENTED_EDGE('',*,*,#7803,.F.);
#7803 = EDGE_CURVE('',#7765,#7796,#7804,.T.);
#7804 = LINE('',#7805,#7806);
#7805 = CARTESIAN_POINT('',(-1.06875072,1.36250172,0.));
#7806 = VECTOR('',#7807,1.);
#7807 = DIRECTION('',(0.,-1.,0.));
#7808 = PLANE('',#7809);
#7809 = AXIS2_PLACEMENT_3D('',#7810,#7811,#7812);
#7810 = CARTESIAN_POINT('',(-1.06875072,1.36250172,0.));
#7811 = DIRECTION('',(1.,0.,-0.));
#7812 = DIRECTION('',(0.,-1.,0.));
#7813 = ADVANCED_FACE('',(#7814),#7830,.F.);
#7814 = FACE_BOUND('',#7815,.F.);
#7815 = EDGE_LOOP('',(#7816,#7817,#7823,#7824));
#7816 = ORIENTED_EDGE('',*,*,#7795,.T.);
#7817 = ORIENTED_EDGE('',*,*,#7818,.T.);
#7818 = EDGE_CURVE('',#7788,#7718,#7819,.T.);
#7819 = LINE('',#7820,#7821);
#7820 = CARTESIAN_POINT('',(-1.06875072,-1.36249918,0.83000088));
#7821 = VECTOR('',#7822,1.);
#7822 = DIRECTION('',(1.,0.,0.));
#7823 = ORIENTED_EDGE('',*,*,#7715,.F.);
#7824 = ORIENTED_EDGE('',*,*,#7825,.F.);
#7825 = EDGE_CURVE('',#7796,#7716,#7826,.T.);
#7826 = LINE('',#7827,#7828);
#7827 = CARTESIAN_POINT('',(-1.06875072,-1.36249918,0.));
#7828 = VECTOR('',#7829,1.);
#7829 = DIRECTION('',(1.,0.,0.));
#7830 = PLANE('',#7831);
#7831 = AXIS2_PLACEMENT_3D('',#7832,#7833,#7834);
#7832 = CARTESIAN_POINT('',(-1.06875072,-1.36249918,0.));
#7833 = DIRECTION('',(0.,1.,0.));
#7834 = DIRECTION('',(1.,0.,0.));
#7835 = ADVANCED_FACE('',(#7836),#7842,.F.);
#7836 = FACE_BOUND('',#7837,.F.);
#7837 = EDGE_LOOP('',(#7838,#7839,#7840,#7841));
#7838 = ORIENTED_EDGE('',*,*,#7741,.T.);
#7839 = ORIENTED_EDGE('',*,*,#7772,.T.);
#7840 = ORIENTED_EDGE('',*,*,#7803,.T.);
#7841 = ORIENTED_EDGE('',*,*,#7825,.T.);
#7842 = PLANE('',#7843);
#7843 = AXIS2_PLACEMENT_3D('',#7844,#7845,#7846);
#7844 = CARTESIAN_POINT('',(-4.566467826626E-17,1.27000000207E-06,0.));
#7845 = DIRECTION('',(0.,0.,1.));
#7846 = DIRECTION('',(1.,0.,-0.));
#7847 = ADVANCED_FACE('',(#7848),#7854,.T.);
#7848 = FACE_BOUND('',#7849,.T.);
#7849 = EDGE_LOOP('',(#7850,#7851,#7852,#7853));
#7850 = ORIENTED_EDGE('',*,*,#7725,.T.);
#7851 = ORIENTED_EDGE('',*,*,#7756,.T.);
#7852 = ORIENTED_EDGE('',*,*,#7787,.T.);
#7853 = ORIENTED_EDGE('',*,*,#7818,.T.);
#7854 = PLANE('',#7855);
#7855 = AXIS2_PLACEMENT_3D('',#7856,#7857,#7858);
#7856 = CARTESIAN_POINT('',(-4.566467826626E-17,1.27000000207E-06,
    0.83000088));
#7857 = DIRECTION('',(0.,0.,1.));
#7858 = DIRECTION('',(1.,0.,-0.));
#7859 = ( GEOMETRIC_REPRESENTATION_CONTEXT(3) 
GLOBAL_UNCERTAINTY_ASSIGNED_CONTEXT((#7863)) 
GLOBAL_UNIT_ASSIGNED_CONTEXT((#7860,#7861,#7862)) REPRESENTATION_CONTEXT
('Context #1','3D Context with UNIT and UNCERTAINTY') );
#7860 = ( LENGTH_UNIT() NAMED_UNIT(*) SI_UNIT(.MILLI.,.METRE.) );
#7861 = ( NAMED_UNIT(*) PLANE_ANGLE_UNIT() SI_UNIT($,.RADIAN.) );
#7862 = ( NAMED_UNIT(*) SI_UNIT($,.STERADIAN.) SOLID_ANGLE_UNIT() );
#7863 = UNCERTAINTY_MEASURE_WITH_UNIT(LENGTH_MEASURE(1.E-07),#7860,
  'distance_accuracy_value','confusion accuracy');
#7864 = SHAPE_DEFINITION_REPRESENTATION(#7865,#7708);
#7865 = PRODUCT_DEFINITION_SHAPE('','',#7866);
#7866 = PRODUCT_DEFINITION('design','',#7867,#7870);
#7867 = PRODUCT_DEFINITION_FORMATION('','',#7868);
#7868 = PRODUCT('Extruded','Extruded','',(#7869));
#7869 = PRODUCT_CONTEXT('',#2,'mechanical');
#7870 = PRODUCT_DEFINITION_CONTEXT('part definition',#2,'design');
#7871 = CONTEXT_DEPENDENT_SHAPE_REPRESENTATION(#7872,#7874);
#7872 = ( REPRESENTATION_RELATIONSHIP('','',#7708,#7698) 
REPRESENTATION_RELATIONSHIP_WITH_TRANSFORMATION(#7873) 
SHAPE_REPRESENTATION_RELATIONSHIP() );
#7873 = ITEM_DEFINED_TRANSFORMATION('','',#11,#7699);
#7874 = PRODUCT_DEFINITION_SHAPE('Placement','Placement of an item',
  #7875);
#7875 = NEXT_ASSEMBLY_USAGE_OCCURRENCE('13','6','',#7693,#7866,$);
#7876 = PRODUCT_RELATED_PRODUCT_CATEGORY('part',$,(#7868));
#7877 = CONTEXT_DEPENDENT_SHAPE_REPRESENTATION(#7878,#7880);
#7878 = ( REPRESENTATION_RELATIONSHIP('','',#7698,#7681) 
REPRESENTATION_RELATIONSHIP_WITH_TRANSFORMATION(#7879) 
SHAPE_REPRESENTATION_RELATIONSHIP() );
#7879 = ITEM_DEFINED_TRANSFORMATION('','',#11,#7682);
#7880 = PRODUCT_DEFINITION_SHAPE('Placement','Placement of an item',
  #7881);
#7881 = NEXT_ASSEMBLY_USAGE_OCCURRENCE('14','','',#7676,#7693,$);
#7882 = PRODUCT_RELATED_PRODUCT_CATEGORY('part',$,(#7695));
#7883 = CONTEXT_DEPENDENT_SHAPE_REPRESENTATION(#7884,#7886);
#7884 = ( REPRESENTATION_RELATIONSHIP('','',#7681,#10) 
REPRESENTATION_RELATIONSHIP_WITH_TRANSFORMATION(#7885) 
SHAPE_REPRESENTATION_RELATIONSHIP() );
#7885 = ITEM_DEFINED_TRANSFORMATION('','',#11,#31);
#7886 = PRODUCT_DEFINITION_SHAPE('Placement','Placement of an item',
  #7887);
#7887 = NEXT_ASSEMBLY_USAGE_OCCURRENCE('15','','',#5,#7676,$);
#7888 = PRODUCT_RELATED_PRODUCT_CATEGORY('part',$,(#7678));
#7889 = SHAPE_DEFINITION_REPRESENTATION(#7890,#7896);
#7890 = PRODUCT_DEFINITION_SHAPE('','',#7891);
#7891 = PRODUCT_DEFINITION('design','',#7892,#7895);
#7892 = PRODUCT_DEFINITION_FORMATION('','',#7893);
#7893 = PRODUCT('M7','M7','',(#7894));
#7894 = PRODUCT_CONTEXT('',#2,'mechanical');
#7895 = PRODUCT_DEFINITION_CONTEXT('part definition',#2,'design');
#7896 = SHAPE_REPRESENTATION('',(#11,#7897),#7901);
#7897 = AXIS2_PLACEMENT_3D('',#7898,#7899,#7900);
#7898 = CARTESIAN_POINT('',(151.94999694824,51.024997711182,
    1.999994926155E-02));
#7899 = DIRECTION('',(0.,0.,1.));
#7900 = DIRECTION('',(1.,0.,0.));
#7901 = ( GEOMETRIC_REPRESENTATION_CONTEXT(3) 
GLOBAL_UNCERTAINTY_ASSIGNED_CONTEXT((#7905)) 
GLOBAL_UNIT_ASSIGNED_CONTEXT((#7902,#7903,#7904)) REPRESENTATION_CONTEXT
('Context #1','3D Context with UNIT and UNCERTAINTY') );
#7902 = ( LENGTH_UNIT() NAMED_UNIT(*) SI_UNIT(.MILLI.,.METRE.) );
#7903 = ( NAMED_UNIT(*) PLANE_ANGLE_UNIT() SI_UNIT($,.RADIAN.) );
#7904 = ( NAMED_UNIT(*) SI_UNIT($,.STERADIAN.) SOLID_ANGLE_UNIT() );
#7905 = UNCERTAINTY_MEASURE_WITH_UNIT(LENGTH_MEASURE(1.E-07),#7902,
  'distance_accuracy_value','confusion accuracy');
#7906 = CONTEXT_DEPENDENT_SHAPE_REPRESENTATION(#7907,#7909);
#7907 = ( REPRESENTATION_RELATIONSHIP('','',#7698,#7896) 
REPRESENTATION_RELATIONSHIP_WITH_TRANSFORMATION(#7908) 
SHAPE_REPRESENTATION_RELATIONSHIP() );
#7908 = ITEM_DEFINED_TRANSFORMATION('','',#11,#7897);
#7909 = PRODUCT_DEFINITION_SHAPE('Placement','Placement of an item',
  #7910);
#7910 = NEXT_ASSEMBLY_USAGE_OCCURRENCE('16','','',#7891,#7693,$);
#7911 = CONTEXT_DEPENDENT_SHAPE_REPRESENTATION(#7912,#7914);
#7912 = ( REPRESENTATION_RELATIONSHIP('','',#7896,#10) 
REPRESENTATION_RELATIONSHIP_WITH_TRANSFORMATION(#7913) 
SHAPE_REPRESENTATION_RELATIONSHIP() );
#7913 = ITEM_DEFINED_TRANSFORMATION('','',#11,#35);
#7914 = PRODUCT_DEFINITION_SHAPE('Placement','Placement of an item',
  #7915);
#7915 = NEXT_ASSEMBLY_USAGE_OCCURRENCE('17','','',#5,#7891,$);
#7916 = PRODUCT_RELATED_PRODUCT_CATEGORY('part',$,(#7893));
#7917 = SHAPE_DEFINITION_REPRESENTATION(#7918,#7924);
#7918 = PRODUCT_DEFINITION_SHAPE('','',#7919);
#7919 = PRODUCT_DEFINITION('design','',#7920,#7923);
#7920 = PRODUCT_DEFINITION_FORMATION('','',#7921);
#7921 = PRODUCT('M6','M6','',(#7922));
#7922 = PRODUCT_CONTEXT('',#2,'mechanical');
#7923 = PRODUCT_DEFINITION_CONTEXT('part definition',#2,'design');
#7924 = SHAPE_REPRESENTATION('',(#11,#7925),#7929);
#7925 = AXIS2_PLACEMENT_3D('',#7926,#7927,#7928);
#7926 = CARTESIAN_POINT('',(132.94999694824,51.024997711182,
    1.999994926155E-02));
#7927 = DIRECTION('',(0.,0.,1.));
#7928 = DIRECTION('',(1.,0.,0.));
#7929 = ( GEOMETRIC_REPRESENTATION_CONTEXT(3) 
GLOBAL_UNCERTAINTY_ASSIGNED_CONTEXT((#7933)) 
GLOBAL_UNIT_ASSIGNED_CONTEXT((#7930,#7931,#7932)) REPRESENTATION_CONTEXT
('Context #1','3D Context with UNIT and UNCERTAINTY') );
#7930 = ( LENGTH_UNIT() NAMED_UNIT(*) SI_UNIT(.MILLI.,.METRE.) );
#7931 = ( NAMED_UNIT(*) PLANE_ANGLE_UNIT() SI_UNIT($,.RADIAN.) );
#7932 = ( NAMED_UNIT(*) SI_UNIT($,.STERADIAN.) SOLID_ANGLE_UNIT() );
#7933 = UNCERTAINTY_MEASURE_WITH_UNIT(LENGTH_MEASURE(1.E-07),#7930,
  'distance_accuracy_value','confusion accuracy');
#7934 = CONTEXT_DEPENDENT_SHAPE_REPRESENTATION(#7935,#7937);
#7935 = ( REPRESENTATION_RELATIONSHIP('','',#7698,#7924) 
REPRESENTATION_RELATIONSHIP_WITH_TRANSFORMATION(#7936) 
SHAPE_REPRESENTATION_RELATIONSHIP() );
#7936 = ITEM_DEFINED_TRANSFORMATION('','',#11,#7925);
#7937 = PRODUCT_DEFINITION_SHAPE('Placement','Placement of an item',
  #7938);
#7938 = NEXT_ASSEMBLY_USAGE_OCCURRENCE('18','','',#7919,#7693,$);
#7939 = CONTEXT_DEPENDENT_SHAPE_REPRESENTATION(#7940,#7942);
#7940 = ( REPRESENTATION_RELATIONSHIP('','',#7924,#10) 
REPRESENTATION_RELATIONSHIP_WITH_TRANSFORMATION(#7941) 
SHAPE_REPRESENTATION_RELATIONSHIP() );
#7941 = ITEM_DEFINED_TRANSFORMATION('','',#11,#39);
#7942 = PRODUCT_DEFINITION_SHAPE('Placement','Placement of an item',
  #7943);
#7943 = NEXT_ASSEMBLY_USAGE_OCCURRENCE('19','','',#5,#7919,$);
#7944 = PRODUCT_RELATED_PRODUCT_CATEGORY('part',$,(#7921));
#7945 = SHAPE_DEFINITION_REPRESENTATION(#7946,#7952);
#7946 = PRODUCT_DEFINITION_SHAPE('','',#7947);
#7947 = PRODUCT_DEFINITION('design','',#7948,#7951);
#7948 = PRODUCT_DEFINITION_FORMATION('','',#7949);
#7949 = PRODUCT('M5','M5','',(#7950));
#7950 = PRODUCT_CONTEXT('',#2,'mechanical');
#7951 = PRODUCT_DEFINITION_CONTEXT('part definition',#2,'design');
#7952 = SHAPE_REPRESENTATION('',(#11,#7953),#7957);
#7953 = AXIS2_PLACEMENT_3D('',#7954,#7955,#7956);
#7954 = CARTESIAN_POINT('',(113.95000457763,51.024997711182,
    1.999994926155E-02));
#7955 = DIRECTION('',(0.,0.,1.));
#7956 = DIRECTION('',(1.,0.,0.));
#7957 = ( GEOMETRIC_REPRESENTATION_CONTEXT(3) 
GLOBAL_UNCERTAINTY_ASSIGNED_CONTEXT((#7961)) 
GLOBAL_UNIT_ASSIGNED_CONTEXT((#7958,#7959,#7960)) REPRESENTATION_CONTEXT
('Context #1','3D Context with UNIT and UNCERTAINTY') );
#7958 = ( LENGTH_UNIT() NAMED_UNIT(*) SI_UNIT(.MILLI.,.METRE.) );
#7959 = ( NAMED_UNIT(*) PLANE_ANGLE_UNIT() SI_UNIT($,.RADIAN.) );
#7960 = ( NAMED_UNIT(*) SI_UNIT($,.STERADIAN.) SOLID_ANGLE_UNIT() );
#7961 = UNCERTAINTY_MEASURE_WITH_UNIT(LENGTH_MEASURE(1.E-07),#7958,
  'distance_accuracy_value','confusion accuracy');
#7962 = CONTEXT_DEPENDENT_SHAPE_REPRESENTATION(#7963,#7965);
#7963 = ( REPRESENTATION_RELATIONSHIP('','',#7698,#7952) 
REPRESENTATION_RELATIONSHIP_WITH_TRANSFORMATION(#7964) 
SHAPE_REPRESENTATION_RELATIONSHIP() );
#7964 = ITEM_DEFINED_TRANSFORMATION('','',#11,#7953);
#7965 = PRODUCT_DEFINITION_SHAPE('Placement','Placement of an item',
  #7966);
#7966 = NEXT_ASSEMBLY_USAGE_OCCURRENCE('20','','',#7947,#7693,$);
#7967 = CONTEXT_DEPENDENT_SHAPE_REPRESENTATION(#7968,#7970);
#7968 = ( REPRESENTATION_RELATIONSHIP('','',#7952,#10) 
REPRESENTATION_RELATIONSHIP_WITH_TRANSFORMATION(#7969) 
SHAPE_REPRESENTATION_RELATIONSHIP() );
#7969 = ITEM_DEFINED_TRANSFORMATION('','',#11,#43);
#7970 = PRODUCT_DEFINITION_SHAPE('Placement','Placement of an item',
  #7971);
#7971 = NEXT_ASSEMBLY_USAGE_OCCURRENCE('21','','',#5,#7947,$);
#7972 = PRODUCT_RELATED_PRODUCT_CATEGORY('part',$,(#7949));
#7973 = SHAPE_DEFINITION_REPRESENTATION(#7974,#7980);
#7974 = PRODUCT_DEFINITION_SHAPE('','',#7975);
#7975 = PRODUCT_DEFINITION('design','',#7976,#7979);
#7976 = PRODUCT_DEFINITION_FORMATION('','',#7977);
#7977 = PRODUCT('J8','J8','',(#7978));
#7978 = PRODUCT_CONTEXT('',#2,'mechanical');
#7979 = PRODUCT_DEFINITION_CONTEXT('part definition',#2,'design');
#7980 = SHAPE_REPRESENTATION('',(#11,#7981),#7985);
#7981 = AXIS2_PLACEMENT_3D('',#7982,#7983,#7984);
#7982 = CARTESIAN_POINT('',(171.53999328613,43.,-0.411479830742));
#7983 = DIRECTION('',(-8.742277657348E-08,-1.,-4.371140912996E-08));
#7984 = DIRECTION('',(-1.,8.742277657348E-08,7.642738472527E-15));
#7985 = ( GEOMETRIC_REPRESENTATION_CONTEXT(3) 
GLOBAL_UNCERTAINTY_ASSIGNED_CONTEXT((#7989)) 
GLOBAL_UNIT_ASSIGNED_CONTEXT((#7986,#7987,#7988)) REPRESENTATION_CONTEXT
('Context #1','3D Context with UNIT and UNCERTAINTY') );
#7986 = ( LENGTH_UNIT() NAMED_UNIT(*) SI_UNIT(.MILLI.,.METRE.) );
#7987 = ( NAMED_UNIT(*) PLANE_ANGLE_UNIT() SI_UNIT($,.RADIAN.) );
#7988 = ( NAMED_UNIT(*) SI_UNIT($,.STERADIAN.) SOLID_ANGLE_UNIT() );
#7989 = UNCERTAINTY_MEASURE_WITH_UNIT(LENGTH_MEASURE(1.E-07),#7986,
  'distance_accuracy_value','confusion accuracy');
#7990 = CONTEXT_DEPENDENT_SHAPE_REPRESENTATION(#7991,#7993);
#7991 = ( REPRESENTATION_RELATIONSHIP('','',#4898,#7980) 
REPRESENTATION_RELATIONSHIP_WITH_TRANSFORMATION(#7992) 
SHAPE_REPRESENTATION_RELATIONSHIP() );
#7992 = ITEM_DEFINED_TRANSFORMATION('','',#11,#7981);
#7993 = PRODUCT_DEFINITION_SHAPE('Placement','Placement of an item',
  #7994);
#7994 = NEXT_ASSEMBLY_USAGE_OCCURRENCE('22','','',#7975,#7237,$);
#7995 = CONTEXT_DEPENDENT_SHAPE_REPRESENTATION(#7996,#7998);
#7996 = ( REPRESENTATION_RELATIONSHIP('','',#7980,#10) 
REPRESENTATION_RELATIONSHIP_WITH_TRANSFORMATION(#7997) 
SHAPE_REPRESENTATION_RELATIONSHIP() );
#7997 = ITEM_DEFINED_TRANSFORMATION('','',#11,#47);
#7998 = PRODUCT_DEFINITION_SHAPE('Placement','Placement of an item',
  #7999);
#7999 = NEXT_ASSEMBLY_USAGE_OCCURRENCE('23','','',#5,#7975,$);
#8000 = PRODUCT_RELATED_PRODUCT_CATEGORY('part',$,(#7977));
#8001 = SHAPE_DEFINITION_REPRESENTATION(#8002,#8008);
#8002 = PRODUCT_DEFINITION_SHAPE('','',#8003);
#8003 = PRODUCT_DEFINITION('design','',#8004,#8007);
#8004 = PRODUCT_DEFINITION_FORMATION('','',#8005);
#8005 = PRODUCT('J7','J7','',(#8006));
#8006 = PRODUCT_CONTEXT('',#2,'mechanical');
#8007 = PRODUCT_DEFINITION_CONTEXT('part definition',#2,'design');
#8008 = SHAPE_REPRESENTATION('',(#11,#8009),#8013);
#8009 = AXIS2_PLACEMENT_3D('',#8010,#8011,#8012);
#8010 = CARTESIAN_POINT('',(152.53999328613,43.,-0.411479830742));
#8011 = DIRECTION('',(-8.742277657348E-08,-1.,-4.371140912996E-08));
#8012 = DIRECTION('',(-1.,8.742277657348E-08,7.642738472527E-15));
#8013 = ( GEOMETRIC_REPRESENTATION_CONTEXT(3) 
GLOBAL_UNCERTAINTY_ASSIGNED_CONTEXT((#8017)) 
GLOBAL_UNIT_ASSIGNED_CONTEXT((#8014,#8015,#8016)) REPRESENTATION_CONTEXT
('Context #1','3D Context with UNIT and UNCERTAINTY') );
#8014 = ( LENGTH_UNIT() NAMED_UNIT(*) SI_UNIT(.MILLI.,.METRE.) );
#8015 = ( NAMED_UNIT(*) PLANE_ANGLE_UNIT() SI_UNIT($,.RADIAN.) );
#8016 = ( NAMED_UNIT(*) SI_UNIT($,.STERADIAN.) SOLID_ANGLE_UNIT() );
#8017 = UNCERTAINTY_MEASURE_WITH_UNIT(LENGTH_MEASURE(1.E-07),#8014,
  'distance_accuracy_value','confusion accuracy');
#8018 = CONTEXT_DEPENDENT_SHAPE_REPRESENTATION(#8019,#8021);
#8019 = ( REPRESENTATION_RELATIONSHIP('','',#4898,#8008) 
REPRESENTATION_RELATIONSHIP_WITH_TRANSFORMATION(#8020) 
SHAPE_REPRESENTATION_RELATIONSHIP() );
#8020 = ITEM_DEFINED_TRANSFORMATION('','',#11,#8009);
#8021 = PRODUCT_DEFINITION_SHAPE('Placement','Placement of an item',
  #8022);
#8022 = NEXT_ASSEMBLY_USAGE_OCCURRENCE('24','','',#8003,#7237,$);
#8023 = CONTEXT_DEPENDENT_SHAPE_REPRESENTATION(#8024,#8026);
#8024 = ( REPRESENTATION_RELATIONSHIP('','',#8008,#10) 
REPRESENTATION_RELATIONSHIP_WITH_TRANSFORMATION(#8025) 
SHAPE_REPRESENTATION_RELATIONSHIP() );
#8025 = ITEM_DEFINED_TRANSFORMATION('','',#11,#51);
#8026 = PRODUCT_DEFINITION_SHAPE('Placement','Placement of an item',
  #8027);
#8027 = NEXT_ASSEMBLY_USAGE_OCCURRENCE('25','','',#5,#8003,$);
#8028 = PRODUCT_RELATED_PRODUCT_CATEGORY('part',$,(#8005));
#8029 = SHAPE_DEFINITION_REPRESENTATION(#8030,#8036);
#8030 = PRODUCT_DEFINITION_SHAPE('','',#8031);
#8031 = PRODUCT_DEFINITION('design','',#8032,#8035);
#8032 = PRODUCT_DEFINITION_FORMATION('','',#8033);
#8033 = PRODUCT('J6','J6','',(#8034));
#8034 = PRODUCT_CONTEXT('',#2,'mechanical');
#8035 = PRODUCT_DEFINITION_CONTEXT('part definition',#2,'design');
#8036 = SHAPE_REPRESENTATION('',(#11,#8037),#8041);
#8037 = AXIS2_PLACEMENT_3D('',#8038,#8039,#8040);
#8038 = CARTESIAN_POINT('',(133.53999328613,43.,-0.411479830742));
#8039 = DIRECTION('',(-8.742277657348E-08,-1.,-4.371140912996E-08));
#8040 = DIRECTION('',(-1.,8.742277657348E-08,7.642738472527E-15));
#8041 = ( GEOMETRIC_REPRESENTATION_CONTEXT(3) 
GLOBAL_UNCERTAINTY_ASSIGNED_CONTEXT((#8045)) 
GLOBAL_UNIT_ASSIGNED_CONTEXT((#8042,#8043,#8044)) REPRESENTATION_CONTEXT
('Context #1','3D Context with UNIT and UNCERTAINTY') );
#8042 = ( LENGTH_UNIT() NAMED_UNIT(*) SI_UNIT(.MILLI.,.METRE.) );
#8043 = ( NAMED_UNIT(*) PLANE_ANGLE_UNIT() SI_UNIT($,.RADIAN.) );
#8044 = ( NAMED_UNIT(*) SI_UNIT($,.STERADIAN.) SOLID_ANGLE_UNIT() );
#8045 = UNCERTAINTY_MEASURE_WITH_UNIT(LENGTH_MEASURE(1.E-07),#8042,
  'distance_accuracy_value','confusion accuracy');
#8046 = CONTEXT_DEPENDENT_SHAPE_REPRESENTATION(#8047,#8049);
#8047 = ( REPRESENTATION_RELATIONSHIP('','',#4898,#8036) 
REPRESENTATION_RELATIONSHIP_WITH_TRANSFORMATION(#8048) 
SHAPE_REPRESENTATION_RELATIONSHIP() );
#8048 = ITEM_DEFINED_TRANSFORMATION('','',#11,#8037);
#8049 = PRODUCT_DEFINITION_SHAPE('Placement','Placement of an item',
  #8050);
#8050 = NEXT_ASSEMBLY_USAGE_OCCURRENCE('26','','',#8031,#7237,$);
#8051 = CONTEXT_DEPENDENT_SHAPE_REPRESENTATION(#8052,#8054);
#8052 = ( REPRESENTATION_RELATIONSHIP('','',#8036,#10) 
REPRESENTATION_RELATIONSHIP_WITH_TRANSFORMATION(#8053) 
SHAPE_REPRESENTATION_RELATIONSHIP() );
#8053 = ITEM_DEFINED_TRANSFORMATION('','',#11,#55);
#8054 = PRODUCT_DEFINITION_SHAPE('Placement','Placement of an item',
  #8055);
#8055 = NEXT_ASSEMBLY_USAGE_OCCURRENCE('27','','',#5,#8031,$);
#8056 = PRODUCT_RELATED_PRODUCT_CATEGORY('part',$,(#8033));
#8057 = SHAPE_DEFINITION_REPRESENTATION(#8058,#8064);
#8058 = PRODUCT_DEFINITION_SHAPE('','',#8059);
#8059 = PRODUCT_DEFINITION('design','',#8060,#8063);
#8060 = PRODUCT_DEFINITION_FORMATION('','',#8061);
#8061 = PRODUCT('J5','J5','',(#8062));
#8062 = PRODUCT_CONTEXT('',#2,'mechanical');
#8063 = PRODUCT_DEFINITION_CONTEXT('part definition',#2,'design');
#8064 = SHAPE_REPRESENTATION('',(#11,#8065),#8069);
#8065 = AXIS2_PLACEMENT_3D('',#8066,#8067,#8068);
#8066 = CARTESIAN_POINT('',(114.54000091552,43.,-0.411479830742));
#8067 = DIRECTION('',(-8.742277657348E-08,-1.,-4.371140912996E-08));
#8068 = DIRECTION('',(-1.,8.742277657348E-08,7.642738472527E-15));
#8069 = ( GEOMETRIC_REPRESENTATION_CONTEXT(3) 
GLOBAL_UNCERTAINTY_ASSIGNED_CONTEXT((#8073)) 
GLOBAL_UNIT_ASSIGNED_CONTEXT((#8070,#8071,#8072)) REPRESENTATION_CONTEXT
('Context #1','3D Context with UNIT and UNCERTAINTY') );
#8070 = ( LENGTH_UNIT() NAMED_UNIT(*) SI_UNIT(.MILLI.,.METRE.) );
#8071 = ( NAMED_UNIT(*) PLANE_ANGLE_UNIT() SI_UNIT($,.RADIAN.) );
#8072 = ( NAMED_UNIT(*) SI_UNIT($,.STERADIAN.) SOLID_ANGLE_UNIT() );
#8073 = UNCERTAINTY_MEASURE_WITH_UNIT(LENGTH_MEASURE(1.E-07),#8070,
  'distance_accuracy_value','confusion accuracy');
#8074 = CONTEXT_DEPENDENT_SHAPE_REPRESENTATION(#8075,#8077);
#8075 = ( REPRESENTATION_RELATIONSHIP('','',#4898,#8064) 
REPRESENTATION_RELATIONSHIP_WITH_TRANSFORMATION(#8076) 
SHAPE_REPRESENTATION_RELATIONSHIP() );
#8076 = ITEM_DEFINED_TRANSFORMATION('','',#11,#8065);
#8077 = PRODUCT_DEFINITION_SHAPE('Placement','Placement of an item',
  #8078);
#8078 = NEXT_ASSEMBLY_USAGE_OCCURRENCE('28','','',#8059,#7237,$);
#8079 = CONTEXT_DEPENDENT_SHAPE_REPRESENTATION(#8080,#8082);
#8080 = ( REPRESENTATION_RELATIONSHIP('','',#8064,#10) 
REPRESENTATION_RELATIONSHIP_WITH_TRANSFORMATION(#8081) 
SHAPE_REPRESENTATION_RELATIONSHIP() );
#8081 = ITEM_DEFINED_TRANSFORMATION('','',#11,#59);
#8082 = PRODUCT_DEFINITION_SHAPE('Placement','Placement of an item',
  #8083);
#8083 = NEXT_ASSEMBLY_USAGE_OCCURRENCE('29','','',#5,#8059,$);
#8084 = PRODUCT_RELATED_PRODUCT_CATEGORY('part',$,(#8061));
#8085 = SHAPE_DEFINITION_REPRESENTATION(#8086,#8092);
#8086 = PRODUCT_DEFINITION_SHAPE('','',#8087);
#8087 = PRODUCT_DEFINITION('design','',#8088,#8091);
#8088 = PRODUCT_DEFINITION_FORMATION('','',#8089);
#8089 = PRODUCT('C8','C8','',(#8090));
#8090 = PRODUCT_CONTEXT('',#2,'mechanical');
#8091 = PRODUCT_DEFINITION_CONTEXT('part definition',#2,'design');
#8092 = SHAPE_REPRESENTATION('',(#11,#8093,#8097,#8101),#8105);
#8093 = AXIS2_PLACEMENT_3D('',#8094,#8095,#8096);
#8094 = CARTESIAN_POINT('',(172.33670043945,40.012699127197,0.));
#8095 = DIRECTION('',(0.,0.,1.));
#8096 = DIRECTION('',(1.,0.,0.));
#8097 = AXIS2_PLACEMENT_3D('',#8098,#8099,#8100);
#8098 = CARTESIAN_POINT('',(169.26330566406,40.012699127197,0.));
#8099 = DIRECTION('',(0.,0.,1.));
#8100 = DIRECTION('',(1.,0.,0.));
#8101 = AXIS2_PLACEMENT_3D('',#8102,#8103,#8104);
#8102 = CARTESIAN_POINT('',(170.80000305175,40.012699127197,0.));
#8103 = DIRECTION('',(0.,0.,1.));
#8104 = DIRECTION('',(1.,0.,0.));
#8105 = ( GEOMETRIC_REPRESENTATION_CONTEXT(3) 
GLOBAL_UNCERTAINTY_ASSIGNED_CONTEXT((#8109)) 
GLOBAL_UNIT_ASSIGNED_CONTEXT((#8106,#8107,#8108)) REPRESENTATION_CONTEXT
('Context #1','3D Context with UNIT and UNCERTAINTY') );
#8106 = ( LENGTH_UNIT() NAMED_UNIT(*) SI_UNIT(.MILLI.,.METRE.) );
#8107 = ( NAMED_UNIT(*) PLANE_ANGLE_UNIT() SI_UNIT($,.RADIAN.) );
#8108 = ( NAMED_UNIT(*) SI_UNIT($,.STERADIAN.) SOLID_ANGLE_UNIT() );
#8109 = UNCERTAINTY_MEASURE_WITH_UNIT(LENGTH_MEASURE(1.E-07),#8106,
  'distance_accuracy_value','confusion accuracy');
#8110 = SHAPE_DEFINITION_REPRESENTATION(#8111,#8117);
#8111 = PRODUCT_DEFINITION_SHAPE('','',#8112);
#8112 = PRODUCT_DEFINITION('design','',#8113,#8116);
#8113 = PRODUCT_DEFINITION_FORMATION('','',#8114);
#8114 = PRODUCT('6164431328','6164431328','',(#8115));
#8115 = PRODUCT_CONTEXT('',#2,'mechanical');
#8116 = PRODUCT_DEFINITION_CONTEXT('part definition',#2,'design');
#8117 = SHAPE_REPRESENTATION('',(#11,#8118),#8122);
#8118 = AXIS2_PLACEMENT_3D('',#8119,#8120,#8121);
#8119 = CARTESIAN_POINT('',(0.,0.,0.));
#8120 = DIRECTION('',(0.,0.,1.));
#8121 = DIRECTION('',(1.,0.,0.));
#8122 = ( GEOMETRIC_REPRESENTATION_CONTEXT(3) 
GLOBAL_UNCERTAINTY_ASSIGNED_CONTEXT((#8126)) 
GLOBAL_UNIT_ASSIGNED_CONTEXT((#8123,#8124,#8125)) REPRESENTATION_CONTEXT
('Context #1','3D Context with UNIT and UNCERTAINTY') );
#8123 = ( LENGTH_UNIT() NAMED_UNIT(*) SI_UNIT(.MILLI.,.METRE.) );
#8124 = ( NAMED_UNIT(*) PLANE_ANGLE_UNIT() SI_UNIT($,.RADIAN.) );
#8125 = ( NAMED_UNIT(*) SI_UNIT($,.STERADIAN.) SOLID_ANGLE_UNIT() );
#8126 = UNCERTAINTY_MEASURE_WITH_UNIT(LENGTH_MEASURE(1.E-07),#8123,
  'distance_accuracy_value','confusion accuracy');
#8127 = ADVANCED_BREP_SHAPE_REPRESENTATION('',(#11,#8128),#8278);
#8128 = MANIFOLD_SOLID_BREP('',#8129);
#8129 = CLOSED_SHELL('',(#8130,#8170,#8201,#8232,#8254,#8266));
#8130 = ADVANCED_FACE('',(#8131),#8165,.T.);
#8131 = FACE_BOUND('',#8132,.T.);
#8132 = EDGE_LOOP('',(#8133,#8143,#8151,#8159));
#8133 = ORIENTED_EDGE('',*,*,#8134,.T.);
#8134 = EDGE_CURVE('',#8135,#8137,#8139,.T.);
#8135 = VERTEX_POINT('',#8136);
#8136 = CARTESIAN_POINT('',(0.1905,0.9271,0.));
#8137 = VERTEX_POINT('',#8138);
#8138 = CARTESIAN_POINT('',(0.1905,0.9271,0.80000094));
#8139 = LINE('',#8140,#8141);
#8140 = CARTESIAN_POINT('',(0.1905,0.9271,0.));
#8141 = VECTOR('',#8142,1.);
#8142 = DIRECTION('',(0.,0.,1.));
#8143 = ORIENTED_EDGE('',*,*,#8144,.T.);
#8144 = EDGE_CURVE('',#8137,#8145,#8147,.T.);
#8145 = VERTEX_POINT('',#8146);
#8146 = CARTESIAN_POINT('',(0.1905,-0.9271,0.80000094));
#8147 = LINE('',#8148,#8149);
#8148 = CARTESIAN_POINT('',(0.1905,0.9271,0.80000094));
#8149 = VECTOR('',#8150,1.);
#8150 = DIRECTION('',(0.,-1.,0.));
#8151 = ORIENTED_EDGE('',*,*,#8152,.F.);
#8152 = EDGE_CURVE('',#8153,#8145,#8155,.T.);
#8153 = VERTEX_POINT('',#8154);
#8154 = CARTESIAN_POINT('',(0.1905,-0.9271,0.));
#8155 = LINE('',#8156,#8157);
#8156 = CARTESIAN_POINT('',(0.1905,-0.9271,0.));
#8157 = VECTOR('',#8158,1.);
#8158 = DIRECTION('',(0.,0.,1.));
#8159 = ORIENTED_EDGE('',*,*,#8160,.F.);
#8160 = EDGE_CURVE('',#8135,#8153,#8161,.T.);
#8161 = LINE('',#8162,#8163);
#8162 = CARTESIAN_POINT('',(0.1905,0.9271,0.));
#8163 = VECTOR('',#8164,1.);
#8164 = DIRECTION('',(0.,-1.,0.));
#8165 = PLANE('',#8166);
#8166 = AXIS2_PLACEMENT_3D('',#8167,#8168,#8169);
#8167 = CARTESIAN_POINT('',(0.1905,0.9271,0.));
#8168 = DIRECTION('',(1.,0.,-0.));
#8169 = DIRECTION('',(0.,-1.,0.));
#8170 = ADVANCED_FACE('',(#8171),#8196,.T.);
#8171 = FACE_BOUND('',#8172,.T.);
#8172 = EDGE_LOOP('',(#8173,#8174,#8182,#8190));
#8173 = ORIENTED_EDGE('',*,*,#8152,.T.);
#8174 = ORIENTED_EDGE('',*,*,#8175,.T.);
#8175 = EDGE_CURVE('',#8145,#8176,#8178,.T.);
#8176 = VERTEX_POINT('',#8177);
#8177 = CARTESIAN_POINT('',(-0.1905,-0.9271,0.80000094));
#8178 = LINE('',#8179,#8180);
#8179 = CARTESIAN_POINT('',(0.1905,-0.9271,0.80000094));
#8180 = VECTOR('',#8181,1.);
#8181 = DIRECTION('',(-1.,0.,0.));
#8182 = ORIENTED_EDGE('',*,*,#8183,.F.);
#8183 = EDGE_CURVE('',#8184,#8176,#8186,.T.);
#8184 = VERTEX_POINT('',#8185);
#8185 = CARTESIAN_POINT('',(-0.1905,-0.9271,0.));
#8186 = LINE('',#8187,#8188);
#8187 = CARTESIAN_POINT('',(-0.1905,-0.9271,0.));
#8188 = VECTOR('',#8189,1.);
#8189 = DIRECTION('',(0.,0.,1.));
#8190 = ORIENTED_EDGE('',*,*,#8191,.F.);
#8191 = EDGE_CURVE('',#8153,#8184,#8192,.T.);
#8192 = LINE('',#8193,#8194);
#8193 = CARTESIAN_POINT('',(0.1905,-0.9271,0.));
#8194 = VECTOR('',#8195,1.);
#8195 = DIRECTION('',(-1.,0.,0.));
#8196 = PLANE('',#8197);
#8197 = AXIS2_PLACEMENT_3D('',#8198,#8199,#8200);
#8198 = CARTESIAN_POINT('',(0.1905,-0.9271,0.));
#8199 = DIRECTION('',(0.,-1.,0.));
#8200 = DIRECTION('',(-1.,0.,0.));
#8201 = ADVANCED_FACE('',(#8202),#8227,.T.);
#8202 = FACE_BOUND('',#8203,.T.);
#8203 = EDGE_LOOP('',(#8204,#8205,#8213,#8221));
#8204 = ORIENTED_EDGE('',*,*,#8183,.T.);
#8205 = ORIENTED_EDGE('',*,*,#8206,.T.);
#8206 = EDGE_CURVE('',#8176,#8207,#8209,.T.);
#8207 = VERTEX_POINT('',#8208);
#8208 = CARTESIAN_POINT('',(-0.1905,0.9271,0.80000094));
#8209 = LINE('',#8210,#8211);
#8210 = CARTESIAN_POINT('',(-0.1905,-0.9271,0.80000094));
#8211 = VECTOR('',#8212,1.);
#8212 = DIRECTION('',(0.,1.,0.));
#8213 = ORIENTED_EDGE('',*,*,#8214,.F.);
#8214 = EDGE_CURVE('',#8215,#8207,#8217,.T.);
#8215 = VERTEX_POINT('',#8216);
#8216 = CARTESIAN_POINT('',(-0.1905,0.9271,0.));
#8217 = LINE('',#8218,#8219);
#8218 = CARTESIAN_POINT('',(-0.1905,0.9271,0.));
#8219 = VECTOR('',#8220,1.);
#8220 = DIRECTION('',(0.,0.,1.));
#8221 = ORIENTED_EDGE('',*,*,#8222,.F.);
#8222 = EDGE_CURVE('',#8184,#8215,#8223,.T.);
#8223 = LINE('',#8224,#8225);
#8224 = CARTESIAN_POINT('',(-0.1905,-0.9271,0.));
#8225 = VECTOR('',#8226,1.);
#8226 = DIRECTION('',(0.,1.,0.));
#8227 = PLANE('',#8228);
#8228 = AXIS2_PLACEMENT_3D('',#8229,#8230,#8231);
#8229 = CARTESIAN_POINT('',(-0.1905,-0.9271,0.));
#8230 = DIRECTION('',(-1.,0.,0.));
#8231 = DIRECTION('',(0.,1.,0.));
#8232 = ADVANCED_FACE('',(#8233),#8249,.T.);
#8233 = FACE_BOUND('',#8234,.T.);
#8234 = EDGE_LOOP('',(#8235,#8236,#8242,#8243));
#8235 = ORIENTED_EDGE('',*,*,#8214,.T.);
#8236 = ORIENTED_EDGE('',*,*,#8237,.T.);
#8237 = EDGE_CURVE('',#8207,#8137,#8238,.T.);
#8238 = LINE('',#8239,#8240);
#8239 = CARTESIAN_POINT('',(-0.1905,0.9271,0.80000094));
#8240 = VECTOR('',#8241,1.);
#8241 = DIRECTION('',(1.,0.,0.));
#8242 = ORIENTED_EDGE('',*,*,#8134,.F.);
#8243 = ORIENTED_EDGE('',*,*,#8244,.F.);
#8244 = EDGE_CURVE('',#8215,#8135,#8245,.T.);
#8245 = LINE('',#8246,#8247);
#8246 = CARTESIAN_POINT('',(-0.1905,0.9271,0.));
#8247 = VECTOR('',#8248,1.);
#8248 = DIRECTION('',(1.,0.,0.));
#8249 = PLANE('',#8250);
#8250 = AXIS2_PLACEMENT_3D('',#8251,#8252,#8253);
#8251 = CARTESIAN_POINT('',(-0.1905,0.9271,0.));
#8252 = DIRECTION('',(0.,1.,0.));
#8253 = DIRECTION('',(1.,0.,0.));
#8254 = ADVANCED_FACE('',(#8255),#8261,.T.);
#8255 = FACE_BOUND('',#8256,.T.);
#8256 = EDGE_LOOP('',(#8257,#8258,#8259,#8260));
#8257 = ORIENTED_EDGE('',*,*,#8160,.T.);
#8258 = ORIENTED_EDGE('',*,*,#8191,.T.);
#8259 = ORIENTED_EDGE('',*,*,#8222,.T.);
#8260 = ORIENTED_EDGE('',*,*,#8244,.T.);
#8261 = PLANE('',#8262);
#8262 = AXIS2_PLACEMENT_3D('',#8263,#8264,#8265);
#8263 = CARTESIAN_POINT('',(0.,3.563819882644E-15,0.));
#8264 = DIRECTION('',(-0.,-0.,-1.));
#8265 = DIRECTION('',(-1.,0.,0.));
#8266 = ADVANCED_FACE('',(#8267),#8273,.F.);
#8267 = FACE_BOUND('',#8268,.F.);
#8268 = EDGE_LOOP('',(#8269,#8270,#8271,#8272));
#8269 = ORIENTED_EDGE('',*,*,#8144,.T.);
#8270 = ORIENTED_EDGE('',*,*,#8175,.T.);
#8271 = ORIENTED_EDGE('',*,*,#8206,.T.);
#8272 = ORIENTED_EDGE('',*,*,#8237,.T.);
#8273 = PLANE('',#8274);
#8274 = AXIS2_PLACEMENT_3D('',#8275,#8276,#8277);
#8275 = CARTESIAN_POINT('',(0.,3.563819882644E-15,0.80000094));
#8276 = DIRECTION('',(-0.,-0.,-1.));
#8277 = DIRECTION('',(-1.,0.,0.));
#8278 = ( GEOMETRIC_REPRESENTATION_CONTEXT(3) 
GLOBAL_UNCERTAINTY_ASSIGNED_CONTEXT((#8282)) 
GLOBAL_UNIT_ASSIGNED_CONTEXT((#8279,#8280,#8281)) REPRESENTATION_CONTEXT
('Context #1','3D Context with UNIT and UNCERTAINTY') );
#8279 = ( LENGTH_UNIT() NAMED_UNIT(*) SI_UNIT(.MILLI.,.METRE.) );
#8280 = ( NAMED_UNIT(*) PLANE_ANGLE_UNIT() SI_UNIT($,.RADIAN.) );
#8281 = ( NAMED_UNIT(*) SI_UNIT($,.STERADIAN.) SOLID_ANGLE_UNIT() );
#8282 = UNCERTAINTY_MEASURE_WITH_UNIT(LENGTH_MEASURE(1.E-07),#8279,
  'distance_accuracy_value','confusion accuracy');
#8283 = SHAPE_DEFINITION_REPRESENTATION(#8284,#8127);
#8284 = PRODUCT_DEFINITION_SHAPE('','',#8285);
#8285 = PRODUCT_DEFINITION('design','',#8286,#8289);
#8286 = PRODUCT_DEFINITION_FORMATION('','',#8287);
#8287 = PRODUCT('Extruded','Extruded','',(#8288));
#8288 = PRODUCT_CONTEXT('',#2,'mechanical');
#8289 = PRODUCT_DEFINITION_CONTEXT('part definition',#2,'design');
#8290 = CONTEXT_DEPENDENT_SHAPE_REPRESENTATION(#8291,#8293);
#8291 = ( REPRESENTATION_RELATIONSHIP('','',#8127,#8117) 
REPRESENTATION_RELATIONSHIP_WITH_TRANSFORMATION(#8292) 
SHAPE_REPRESENTATION_RELATIONSHIP() );
#8292 = ITEM_DEFINED_TRANSFORMATION('','',#11,#8118);
#8293 = PRODUCT_DEFINITION_SHAPE('Placement','Placement of an item',
  #8294);
#8294 = NEXT_ASSEMBLY_USAGE_OCCURRENCE('30','4','',#8112,#8285,$);
#8295 = PRODUCT_RELATED_PRODUCT_CATEGORY('part',$,(#8287));
#8296 = CONTEXT_DEPENDENT_SHAPE_REPRESENTATION(#8297,#8299);
#8297 = ( REPRESENTATION_RELATIONSHIP('','',#8117,#8092) 
REPRESENTATION_RELATIONSHIP_WITH_TRANSFORMATION(#8298) 
SHAPE_REPRESENTATION_RELATIONSHIP() );
#8298 = ITEM_DEFINED_TRANSFORMATION('','',#11,#8093);
#8299 = PRODUCT_DEFINITION_SHAPE('Placement','Placement of an item',
  #8300);
#8300 = NEXT_ASSEMBLY_USAGE_OCCURRENCE('31','','',#8087,#8112,$);
#8301 = PRODUCT_RELATED_PRODUCT_CATEGORY('part',$,(#8114));
#8302 = CONTEXT_DEPENDENT_SHAPE_REPRESENTATION(#8303,#8305);
#8303 = ( REPRESENTATION_RELATIONSHIP('','',#8117,#8092) 
REPRESENTATION_RELATIONSHIP_WITH_TRANSFORMATION(#8304) 
SHAPE_REPRESENTATION_RELATIONSHIP() );
#8304 = ITEM_DEFINED_TRANSFORMATION('','',#11,#8097);
#8305 = PRODUCT_DEFINITION_SHAPE('Placement','Placement of an item',
  #8306);
#8306 = NEXT_ASSEMBLY_USAGE_OCCURRENCE('32','','',#8087,#8112,$);
#8307 = SHAPE_DEFINITION_REPRESENTATION(#8308,#8314);
#8308 = PRODUCT_DEFINITION_SHAPE('','',#8309);
#8309 = PRODUCT_DEFINITION('design','',#8310,#8313);
#8310 = PRODUCT_DEFINITION_FORMATION('','',#8311);
#8311 = PRODUCT('6164431088','6164431088','',(#8312));
#8312 = PRODUCT_CONTEXT('',#2,'mechanical');
#8313 = PRODUCT_DEFINITION_CONTEXT('part definition',#2,'design');
#8314 = SHAPE_REPRESENTATION('',(#11,#8315),#8319);
#8315 = AXIS2_PLACEMENT_3D('',#8316,#8317,#8318);
#8316 = CARTESIAN_POINT('',(0.,0.,0.));
#8317 = DIRECTION('',(0.,0.,1.));
#8318 = DIRECTION('',(1.,0.,0.));
#8319 = ( GEOMETRIC_REPRESENTATION_CONTEXT(3) 
GLOBAL_UNCERTAINTY_ASSIGNED_CONTEXT((#8323)) 
GLOBAL_UNIT_ASSIGNED_CONTEXT((#8320,#8321,#8322)) REPRESENTATION_CONTEXT
('Context #1','3D Context with UNIT and UNCERTAINTY') );
#8320 = ( LENGTH_UNIT() NAMED_UNIT(*) SI_UNIT(.MILLI.,.METRE.) );
#8321 = ( NAMED_UNIT(*) PLANE_ANGLE_UNIT() SI_UNIT($,.RADIAN.) );
#8322 = ( NAMED_UNIT(*) SI_UNIT($,.STERADIAN.) SOLID_ANGLE_UNIT() );
#8323 = UNCERTAINTY_MEASURE_WITH_UNIT(LENGTH_MEASURE(1.E-07),#8320,
  'distance_accuracy_value','confusion accuracy');
#8324 = ADVANCED_BREP_SHAPE_REPRESENTATION('',(#11,#8325),#8475);
#8325 = MANIFOLD_SOLID_BREP('',#8326);
#8326 = CLOSED_SHELL('',(#8327,#8367,#8398,#8429,#8451,#8463));
#8327 = ADVANCED_FACE('',(#8328),#8362,.T.);
#8328 = FACE_BOUND('',#8329,.T.);
#8329 = EDGE_LOOP('',(#8330,#8340,#8348,#8356));
#8330 = ORIENTED_EDGE('',*,*,#8331,.T.);
#8331 = EDGE_CURVE('',#8332,#8334,#8336,.T.);
#8332 = VERTEX_POINT('',#8333);
#8333 = CARTESIAN_POINT('',(1.7018,-0.9017,0.));
#8334 = VERTEX_POINT('',#8335);
#8335 = CARTESIAN_POINT('',(1.7018,-0.9017,0.70000114));
#8336 = LINE('',#8337,#8338);
#8337 = CARTESIAN_POINT('',(1.7018,-0.9017,0.));
#8338 = VECTOR('',#8339,1.);
#8339 = DIRECTION('',(0.,0.,1.));
#8340 = ORIENTED_EDGE('',*,*,#8341,.T.);
#8341 = EDGE_CURVE('',#8334,#8342,#8344,.T.);
#8342 = VERTEX_POINT('',#8343);
#8343 = CARTESIAN_POINT('',(-1.7018,-0.9017,0.70000114));
#8344 = LINE('',#8345,#8346);
#8345 = CARTESIAN_POINT('',(1.7018,-0.9017,0.70000114));
#8346 = VECTOR('',#8347,1.);
#8347 = DIRECTION('',(-1.,0.,0.));
#8348 = ORIENTED_EDGE('',*,*,#8349,.F.);
#8349 = EDGE_CURVE('',#8350,#8342,#8352,.T.);
#8350 = VERTEX_POINT('',#8351);
#8351 = CARTESIAN_POINT('',(-1.7018,-0.9017,0.));
#8352 = LINE('',#8353,#8354);
#8353 = CARTESIAN_POINT('',(-1.7018,-0.9017,0.));
#8354 = VECTOR('',#8355,1.);
#8355 = DIRECTION('',(0.,0.,1.));
#8356 = ORIENTED_EDGE('',*,*,#8357,.F.);
#8357 = EDGE_CURVE('',#8332,#8350,#8358,.T.);
#8358 = LINE('',#8359,#8360);
#8359 = CARTESIAN_POINT('',(1.7018,-0.9017,0.));
#8360 = VECTOR('',#8361,1.);
#8361 = DIRECTION('',(-1.,0.,0.));
#8362 = PLANE('',#8363);
#8363 = AXIS2_PLACEMENT_3D('',#8364,#8365,#8366);
#8364 = CARTESIAN_POINT('',(1.7018,-0.9017,0.));
#8365 = DIRECTION('',(0.,-1.,0.));
#8366 = DIRECTION('',(-1.,0.,0.));
#8367 = ADVANCED_FACE('',(#8368),#8393,.T.);
#8368 = FACE_BOUND('',#8369,.T.);
#8369 = EDGE_LOOP('',(#8370,#8371,#8379,#8387));
#8370 = ORIENTED_EDGE('',*,*,#8349,.T.);
#8371 = ORIENTED_EDGE('',*,*,#8372,.T.);
#8372 = EDGE_CURVE('',#8342,#8373,#8375,.T.);
#8373 = VERTEX_POINT('',#8374);
#8374 = CARTESIAN_POINT('',(-1.7018,0.9017,0.70000114));
#8375 = LINE('',#8376,#8377);
#8376 = CARTESIAN_POINT('',(-1.7018,-0.9017,0.70000114));
#8377 = VECTOR('',#8378,1.);
#8378 = DIRECTION('',(0.,1.,0.));
#8379 = ORIENTED_EDGE('',*,*,#8380,.F.);
#8380 = EDGE_CURVE('',#8381,#8373,#8383,.T.);
#8381 = VERTEX_POINT('',#8382);
#8382 = CARTESIAN_POINT('',(-1.7018,0.9017,0.));
#8383 = LINE('',#8384,#8385);
#8384 = CARTESIAN_POINT('',(-1.7018,0.9017,0.));
#8385 = VECTOR('',#8386,1.);
#8386 = DIRECTION('',(0.,0.,1.));
#8387 = ORIENTED_EDGE('',*,*,#8388,.F.);
#8388 = EDGE_CURVE('',#8350,#8381,#8389,.T.);
#8389 = LINE('',#8390,#8391);
#8390 = CARTESIAN_POINT('',(-1.7018,-0.9017,0.));
#8391 = VECTOR('',#8392,1.);
#8392 = DIRECTION('',(0.,1.,0.));
#8393 = PLANE('',#8394);
#8394 = AXIS2_PLACEMENT_3D('',#8395,#8396,#8397);
#8395 = CARTESIAN_POINT('',(-1.7018,-0.9017,0.));
#8396 = DIRECTION('',(-1.,0.,0.));
#8397 = DIRECTION('',(0.,1.,0.));
#8398 = ADVANCED_FACE('',(#8399),#8424,.T.);
#8399 = FACE_BOUND('',#8400,.T.);
#8400 = EDGE_LOOP('',(#8401,#8402,#8410,#8418));
#8401 = ORIENTED_EDGE('',*,*,#8380,.T.);
#8402 = ORIENTED_EDGE('',*,*,#8403,.T.);
#8403 = EDGE_CURVE('',#8373,#8404,#8406,.T.);
#8404 = VERTEX_POINT('',#8405);
#8405 = CARTESIAN_POINT('',(1.7018,0.9017,0.70000114));
#8406 = LINE('',#8407,#8408);
#8407 = CARTESIAN_POINT('',(-1.7018,0.9017,0.70000114));
#8408 = VECTOR('',#8409,1.);
#8409 = DIRECTION('',(1.,0.,0.));
#8410 = ORIENTED_EDGE('',*,*,#8411,.F.);
#8411 = EDGE_CURVE('',#8412,#8404,#8414,.T.);
#8412 = VERTEX_POINT('',#8413);
#8413 = CARTESIAN_POINT('',(1.7018,0.9017,0.));
#8414 = LINE('',#8415,#8416);
#8415 = CARTESIAN_POINT('',(1.7018,0.9017,0.));
#8416 = VECTOR('',#8417,1.);
#8417 = DIRECTION('',(0.,0.,1.));
#8418 = ORIENTED_EDGE('',*,*,#8419,.F.);
#8419 = EDGE_CURVE('',#8381,#8412,#8420,.T.);
#8420 = LINE('',#8421,#8422);
#8421 = CARTESIAN_POINT('',(-1.7018,0.9017,0.));
#8422 = VECTOR('',#8423,1.);
#8423 = DIRECTION('',(1.,0.,0.));
#8424 = PLANE('',#8425);
#8425 = AXIS2_PLACEMENT_3D('',#8426,#8427,#8428);
#8426 = CARTESIAN_POINT('',(-1.7018,0.9017,0.));
#8427 = DIRECTION('',(0.,1.,0.));
#8428 = DIRECTION('',(1.,0.,0.));
#8429 = ADVANCED_FACE('',(#8430),#8446,.T.);
#8430 = FACE_BOUND('',#8431,.T.);
#8431 = EDGE_LOOP('',(#8432,#8433,#8439,#8440));
#8432 = ORIENTED_EDGE('',*,*,#8411,.T.);
#8433 = ORIENTED_EDGE('',*,*,#8434,.T.);
#8434 = EDGE_CURVE('',#8404,#8334,#8435,.T.);
#8435 = LINE('',#8436,#8437);
#8436 = CARTESIAN_POINT('',(1.7018,0.9017,0.70000114));
#8437 = VECTOR('',#8438,1.);
#8438 = DIRECTION('',(0.,-1.,0.));
#8439 = ORIENTED_EDGE('',*,*,#8331,.F.);
#8440 = ORIENTED_EDGE('',*,*,#8441,.F.);
#8441 = EDGE_CURVE('',#8412,#8332,#8442,.T.);
#8442 = LINE('',#8443,#8444);
#8443 = CARTESIAN_POINT('',(1.7018,0.9017,0.));
#8444 = VECTOR('',#8445,1.);
#8445 = DIRECTION('',(0.,-1.,0.));
#8446 = PLANE('',#8447);
#8447 = AXIS2_PLACEMENT_3D('',#8448,#8449,#8450);
#8448 = CARTESIAN_POINT('',(1.7018,0.9017,0.));
#8449 = DIRECTION('',(1.,0.,-0.));
#8450 = DIRECTION('',(0.,-1.,0.));
#8451 = ADVANCED_FACE('',(#8452),#8458,.T.);
#8452 = FACE_BOUND('',#8453,.T.);
#8453 = EDGE_LOOP('',(#8454,#8455,#8456,#8457));
#8454 = ORIENTED_EDGE('',*,*,#8357,.T.);
#8455 = ORIENTED_EDGE('',*,*,#8388,.T.);
#8456 = ORIENTED_EDGE('',*,*,#8419,.T.);
#8457 = ORIENTED_EDGE('',*,*,#8441,.T.);
#8458 = PLANE('',#8459);
#8459 = AXIS2_PLACEMENT_3D('',#8460,#8461,#8462);
#8460 = CARTESIAN_POINT('',(3.582052393644E-15,0.,0.));
#8461 = DIRECTION('',(-0.,-0.,-1.));
#8462 = DIRECTION('',(-1.,0.,0.));
#8463 = ADVANCED_FACE('',(#8464),#8470,.F.);
#8464 = FACE_BOUND('',#8465,.F.);
#8465 = EDGE_LOOP('',(#8466,#8467,#8468,#8469));
#8466 = ORIENTED_EDGE('',*,*,#8341,.T.);
#8467 = ORIENTED_EDGE('',*,*,#8372,.T.);
#8468 = ORIENTED_EDGE('',*,*,#8403,.T.);
#8469 = ORIENTED_EDGE('',*,*,#8434,.T.);
#8470 = PLANE('',#8471);
#8471 = AXIS2_PLACEMENT_3D('',#8472,#8473,#8474);
#8472 = CARTESIAN_POINT('',(3.582052393644E-15,0.,0.70000114));
#8473 = DIRECTION('',(-0.,-0.,-1.));
#8474 = DIRECTION('',(-1.,0.,0.));
#8475 = ( GEOMETRIC_REPRESENTATION_CONTEXT(3) 
GLOBAL_UNCERTAINTY_ASSIGNED_CONTEXT((#8479)) 
GLOBAL_UNIT_ASSIGNED_CONTEXT((#8476,#8477,#8478)) REPRESENTATION_CONTEXT
('Context #1','3D Context with UNIT and UNCERTAINTY') );
#8476 = ( LENGTH_UNIT() NAMED_UNIT(*) SI_UNIT(.MILLI.,.METRE.) );
#8477 = ( NAMED_UNIT(*) PLANE_ANGLE_UNIT() SI_UNIT($,.RADIAN.) );
#8478 = ( NAMED_UNIT(*) SI_UNIT($,.STERADIAN.) SOLID_ANGLE_UNIT() );
#8479 = UNCERTAINTY_MEASURE_WITH_UNIT(LENGTH_MEASURE(1.E-07),#8476,
  'distance_accuracy_value','confusion accuracy');
#8480 = SHAPE_DEFINITION_REPRESENTATION(#8481,#8324);
#8481 = PRODUCT_DEFINITION_SHAPE('','',#8482);
#8482 = PRODUCT_DEFINITION('design','',#8483,#8486);
#8483 = PRODUCT_DEFINITION_FORMATION('','',#8484);
#8484 = PRODUCT('Extruded','Extruded','',(#8485));
#8485 = PRODUCT_CONTEXT('',#2,'mechanical');
#8486 = PRODUCT_DEFINITION_CONTEXT('part definition',#2,'design');
#8487 = CONTEXT_DEPENDENT_SHAPE_REPRESENTATION(#8488,#8490);
#8488 = ( REPRESENTATION_RELATIONSHIP('','',#8324,#8314) 
REPRESENTATION_RELATIONSHIP_WITH_TRANSFORMATION(#8489) 
SHAPE_REPRESENTATION_RELATIONSHIP() );
#8489 = ITEM_DEFINED_TRANSFORMATION('','',#11,#8315);
#8490 = PRODUCT_DEFINITION_SHAPE('Placement','Placement of an item',
  #8491);
#8491 = NEXT_ASSEMBLY_USAGE_OCCURRENCE('33','5','',#8309,#8482,$);
#8492 = PRODUCT_RELATED_PRODUCT_CATEGORY('part',$,(#8484));
#8493 = CONTEXT_DEPENDENT_SHAPE_REPRESENTATION(#8494,#8496);
#8494 = ( REPRESENTATION_RELATIONSHIP('','',#8314,#8092) 
REPRESENTATION_RELATIONSHIP_WITH_TRANSFORMATION(#8495) 
SHAPE_REPRESENTATION_RELATIONSHIP() );
#8495 = ITEM_DEFINED_TRANSFORMATION('','',#11,#8101);
#8496 = PRODUCT_DEFINITION_SHAPE('Placement','Placement of an item',
  #8497);
#8497 = NEXT_ASSEMBLY_USAGE_OCCURRENCE('34','','',#8087,#8309,$);
#8498 = PRODUCT_RELATED_PRODUCT_CATEGORY('part',$,(#8311));
#8499 = CONTEXT_DEPENDENT_SHAPE_REPRESENTATION(#8500,#8502);
#8500 = ( REPRESENTATION_RELATIONSHIP('','',#8092,#10) 
REPRESENTATION_RELATIONSHIP_WITH_TRANSFORMATION(#8501) 
SHAPE_REPRESENTATION_RELATIONSHIP() );
#8501 = ITEM_DEFINED_TRANSFORMATION('','',#11,#63);
#8502 = PRODUCT_DEFINITION_SHAPE('Placement','Placement of an item',
  #8503);
#8503 = NEXT_ASSEMBLY_USAGE_OCCURRENCE('35','','',#5,#8087,$);
#8504 = PRODUCT_RELATED_PRODUCT_CATEGORY('part',$,(#8089));
#8505 = SHAPE_DEFINITION_REPRESENTATION(#8506,#8512);
#8506 = PRODUCT_DEFINITION_SHAPE('','',#8507);
#8507 = PRODUCT_DEFINITION('design','',#8508,#8511);
#8508 = PRODUCT_DEFINITION_FORMATION('','',#8509);
#8509 = PRODUCT('C7','C7','',(#8510));
#8510 = PRODUCT_CONTEXT('',#2,'mechanical');
#8511 = PRODUCT_DEFINITION_CONTEXT('part definition',#2,'design');
#8512 = SHAPE_REPRESENTATION('',(#11,#8513,#8517,#8521),#8525);
#8513 = AXIS2_PLACEMENT_3D('',#8514,#8515,#8516);
#8514 = CARTESIAN_POINT('',(153.33670043945,40.012699127197,0.));
#8515 = DIRECTION('',(0.,0.,1.));
#8516 = DIRECTION('',(1.,0.,0.));
#8517 = AXIS2_PLACEMENT_3D('',#8518,#8519,#8520);
#8518 = CARTESIAN_POINT('',(150.26330566406,40.012699127197,0.));
#8519 = DIRECTION('',(0.,0.,1.));
#8520 = DIRECTION('',(1.,0.,0.));
#8521 = AXIS2_PLACEMENT_3D('',#8522,#8523,#8524);
#8522 = CARTESIAN_POINT('',(151.80000305175,40.012699127197,0.));
#8523 = DIRECTION('',(0.,0.,1.));
#8524 = DIRECTION('',(1.,0.,0.));
#8525 = ( GEOMETRIC_REPRESENTATION_CONTEXT(3) 
GLOBAL_UNCERTAINTY_ASSIGNED_CONTEXT((#8529)) 
GLOBAL_UNIT_ASSIGNED_CONTEXT((#8526,#8527,#8528)) REPRESENTATION_CONTEXT
('Context #1','3D Context with UNIT and UNCERTAINTY') );
#8526 = ( LENGTH_UNIT() NAMED_UNIT(*) SI_UNIT(.MILLI.,.METRE.) );
#8527 = ( NAMED_UNIT(*) PLANE_ANGLE_UNIT() SI_UNIT($,.RADIAN.) );
#8528 = ( NAMED_UNIT(*) SI_UNIT($,.STERADIAN.) SOLID_ANGLE_UNIT() );
#8529 = UNCERTAINTY_MEASURE_WITH_UNIT(LENGTH_MEASURE(1.E-07),#8526,
  'distance_accuracy_value','confusion accuracy');
#8530 = CONTEXT_DEPENDENT_SHAPE_REPRESENTATION(#8531,#8533);
#8531 = ( REPRESENTATION_RELATIONSHIP('','',#8117,#8512) 
REPRESENTATION_RELATIONSHIP_WITH_TRANSFORMATION(#8532) 
SHAPE_REPRESENTATION_RELATIONSHIP() );
#8532 = ITEM_DEFINED_TRANSFORMATION('','',#11,#8513);
#8533 = PRODUCT_DEFINITION_SHAPE('Placement','Placement of an item',
  #8534);
#8534 = NEXT_ASSEMBLY_USAGE_OCCURRENCE('36','','',#8507,#8112,$);
#8535 = CONTEXT_DEPENDENT_SHAPE_REPRESENTATION(#8536,#8538);
#8536 = ( REPRESENTATION_RELATIONSHIP('','',#8117,#8512) 
REPRESENTATION_RELATIONSHIP_WITH_TRANSFORMATION(#8537) 
SHAPE_REPRESENTATION_RELATIONSHIP() );
#8537 = ITEM_DEFINED_TRANSFORMATION('','',#11,#8517);
#8538 = PRODUCT_DEFINITION_SHAPE('Placement','Placement of an item',
  #8539);
#8539 = NEXT_ASSEMBLY_USAGE_OCCURRENCE('37','','',#8507,#8112,$);
#8540 = CONTEXT_DEPENDENT_SHAPE_REPRESENTATION(#8541,#8543);
#8541 = ( REPRESENTATION_RELATIONSHIP('','',#8314,#8512) 
REPRESENTATION_RELATIONSHIP_WITH_TRANSFORMATION(#8542) 
SHAPE_REPRESENTATION_RELATIONSHIP() );
#8542 = ITEM_DEFINED_TRANSFORMATION('','',#11,#8521);
#8543 = PRODUCT_DEFINITION_SHAPE('Placement','Placement of an item',
  #8544);
#8544 = NEXT_ASSEMBLY_USAGE_OCCURRENCE('38','','',#8507,#8309,$);
#8545 = CONTEXT_DEPENDENT_SHAPE_REPRESENTATION(#8546,#8548);
#8546 = ( REPRESENTATION_RELATIONSHIP('','',#8512,#10) 
REPRESENTATION_RELATIONSHIP_WITH_TRANSFORMATION(#8547) 
SHAPE_REPRESENTATION_RELATIONSHIP() );
#8547 = ITEM_DEFINED_TRANSFORMATION('','',#11,#67);
#8548 = PRODUCT_DEFINITION_SHAPE('Placement','Placement of an item',
  #8549);
#8549 = NEXT_ASSEMBLY_USAGE_OCCURRENCE('39','','',#5,#8507,$);
#8550 = PRODUCT_RELATED_PRODUCT_CATEGORY('part',$,(#8509));
#8551 = SHAPE_DEFINITION_REPRESENTATION(#8552,#8558);
#8552 = PRODUCT_DEFINITION_SHAPE('','',#8553);
#8553 = PRODUCT_DEFINITION('design','',#8554,#8557);
#8554 = PRODUCT_DEFINITION_FORMATION('','',#8555);
#8555 = PRODUCT('C6','C6','',(#8556));
#8556 = PRODUCT_CONTEXT('',#2,'mechanical');
#8557 = PRODUCT_DEFINITION_CONTEXT('part definition',#2,'design');
#8558 = SHAPE_REPRESENTATION('',(#11,#8559,#8563,#8567),#8571);
#8559 = AXIS2_PLACEMENT_3D('',#8560,#8561,#8562);
#8560 = CARTESIAN_POINT('',(134.33670043945,40.012699127197,0.));
#8561 = DIRECTION('',(0.,0.,1.));
#8562 = DIRECTION('',(1.,0.,0.));
#8563 = AXIS2_PLACEMENT_3D('',#8564,#8565,#8566);
#8564 = CARTESIAN_POINT('',(131.26330566406,40.012699127197,0.));
#8565 = DIRECTION('',(0.,0.,1.));
#8566 = DIRECTION('',(1.,0.,0.));
#8567 = AXIS2_PLACEMENT_3D('',#8568,#8569,#8570);
#8568 = CARTESIAN_POINT('',(132.80000305175,40.012699127197,0.));
#8569 = DIRECTION('',(0.,0.,1.));
#8570 = DIRECTION('',(1.,0.,0.));
#8571 = ( GEOMETRIC_REPRESENTATION_CONTEXT(3) 
GLOBAL_UNCERTAINTY_ASSIGNED_CONTEXT((#8575)) 
GLOBAL_UNIT_ASSIGNED_CONTEXT((#8572,#8573,#8574)) REPRESENTATION_CONTEXT
('Context #1','3D Context with UNIT and UNCERTAINTY') );
#8572 = ( LENGTH_UNIT() NAMED_UNIT(*) SI_UNIT(.MILLI.,.METRE.) );
#8573 = ( NAMED_UNIT(*) PLANE_ANGLE_UNIT() SI_UNIT($,.RADIAN.) );
#8574 = ( NAMED_UNIT(*) SI_UNIT($,.STERADIAN.) SOLID_ANGLE_UNIT() );
#8575 = UNCERTAINTY_MEASURE_WITH_UNIT(LENGTH_MEASURE(1.E-07),#8572,
  'distance_accuracy_value','confusion accuracy');
#8576 = CONTEXT_DEPENDENT_SHAPE_REPRESENTATION(#8577,#8579);
#8577 = ( REPRESENTATION_RELATIONSHIP('','',#8117,#8558) 
REPRESENTATION_RELATIONSHIP_WITH_TRANSFORMATION(#8578) 
SHAPE_REPRESENTATION_RELATIONSHIP() );
#8578 = ITEM_DEFINED_TRANSFORMATION('','',#11,#8559);
#8579 = PRODUCT_DEFINITION_SHAPE('Placement','Placement of an item',
  #8580);
#8580 = NEXT_ASSEMBLY_USAGE_OCCURRENCE('40','','',#8553,#8112,$);
#8581 = CONTEXT_DEPENDENT_SHAPE_REPRESENTATION(#8582,#8584);
#8582 = ( REPRESENTATION_RELATIONSHIP('','',#8117,#8558) 
REPRESENTATION_RELATIONSHIP_WITH_TRANSFORMATION(#8583) 
SHAPE_REPRESENTATION_RELATIONSHIP() );
#8583 = ITEM_DEFINED_TRANSFORMATION('','',#11,#8563);
#8584 = PRODUCT_DEFINITION_SHAPE('Placement','Placement of an item',
  #8585);
#8585 = NEXT_ASSEMBLY_USAGE_OCCURRENCE('41','','',#8553,#8112,$);
#8586 = CONTEXT_DEPENDENT_SHAPE_REPRESENTATION(#8587,#8589);
#8587 = ( REPRESENTATION_RELATIONSHIP('','',#8314,#8558) 
REPRESENTATION_RELATIONSHIP_WITH_TRANSFORMATION(#8588) 
SHAPE_REPRESENTATION_RELATIONSHIP() );
#8588 = ITEM_DEFINED_TRANSFORMATION('','',#11,#8567);
#8589 = PRODUCT_DEFINITION_SHAPE('Placement','Placement of an item',
  #8590);
#8590 = NEXT_ASSEMBLY_USAGE_OCCURRENCE('42','','',#8553,#8309,$);
#8591 = CONTEXT_DEPENDENT_SHAPE_REPRESENTATION(#8592,#8594);
#8592 = ( REPRESENTATION_RELATIONSHIP('','',#8558,#10) 
REPRESENTATION_RELATIONSHIP_WITH_TRANSFORMATION(#8593) 
SHAPE_REPRESENTATION_RELATIONSHIP() );
#8593 = ITEM_DEFINED_TRANSFORMATION('','',#11,#71);
#8594 = PRODUCT_DEFINITION_SHAPE('Placement','Placement of an item',
  #8595);
#8595 = NEXT_ASSEMBLY_USAGE_OCCURRENCE('43','','',#5,#8553,$);
#8596 = PRODUCT_RELATED_PRODUCT_CATEGORY('part',$,(#8555));
#8597 = SHAPE_DEFINITION_REPRESENTATION(#8598,#8604);
#8598 = PRODUCT_DEFINITION_SHAPE('','',#8599);
#8599 = PRODUCT_DEFINITION('design','',#8600,#8603);
#8600 = PRODUCT_DEFINITION_FORMATION('','',#8601);
#8601 = PRODUCT('C5','C5','',(#8602));
#8602 = PRODUCT_CONTEXT('',#2,'mechanical');
#8603 = PRODUCT_DEFINITION_CONTEXT('part definition',#2,'design');
#8604 = SHAPE_REPRESENTATION('',(#11,#8605,#8609,#8613),#8617);
#8605 = AXIS2_PLACEMENT_3D('',#8606,#8607,#8608);
#8606 = CARTESIAN_POINT('',(115.33670043945,40.012699127197,0.));
#8607 = DIRECTION('',(0.,0.,1.));
#8608 = DIRECTION('',(1.,0.,0.));
#8609 = AXIS2_PLACEMENT_3D('',#8610,#8611,#8612);
#8610 = CARTESIAN_POINT('',(112.26329803466,40.012699127197,0.));
#8611 = DIRECTION('',(0.,0.,1.));
#8612 = DIRECTION('',(1.,0.,0.));
#8613 = AXIS2_PLACEMENT_3D('',#8614,#8615,#8616);
#8614 = CARTESIAN_POINT('',(113.80000305175,40.012699127197,0.));
#8615 = DIRECTION('',(0.,0.,1.));
#8616 = DIRECTION('',(1.,0.,0.));
#8617 = ( GEOMETRIC_REPRESENTATION_CONTEXT(3) 
GLOBAL_UNCERTAINTY_ASSIGNED_CONTEXT((#8621)) 
GLOBAL_UNIT_ASSIGNED_CONTEXT((#8618,#8619,#8620)) REPRESENTATION_CONTEXT
('Context #1','3D Context with UNIT and UNCERTAINTY') );
#8618 = ( LENGTH_UNIT() NAMED_UNIT(*) SI_UNIT(.MILLI.,.METRE.) );
#8619 = ( NAMED_UNIT(*) PLANE_ANGLE_UNIT() SI_UNIT($,.RADIAN.) );
#8620 = ( NAMED_UNIT(*) SI_UNIT($,.STERADIAN.) SOLID_ANGLE_UNIT() );
#8621 = UNCERTAINTY_MEASURE_WITH_UNIT(LENGTH_MEASURE(1.E-07),#8618,
  'distance_accuracy_value','confusion accuracy');
#8622 = CONTEXT_DEPENDENT_SHAPE_REPRESENTATION(#8623,#8625);
#8623 = ( REPRESENTATION_RELATIONSHIP('','',#8117,#8604) 
REPRESENTATION_RELATIONSHIP_WITH_TRANSFORMATION(#8624) 
SHAPE_REPRESENTATION_RELATIONSHIP() );
#8624 = ITEM_DEFINED_TRANSFORMATION('','',#11,#8605);
#8625 = PRODUCT_DEFINITION_SHAPE('Placement','Placement of an item',
  #8626);
#8626 = NEXT_ASSEMBLY_USAGE_OCCURRENCE('44','','',#8599,#8112,$);
#8627 = CONTEXT_DEPENDENT_SHAPE_REPRESENTATION(#8628,#8630);
#8628 = ( REPRESENTATION_RELATIONSHIP('','',#8117,#8604) 
REPRESENTATION_RELATIONSHIP_WITH_TRANSFORMATION(#8629) 
SHAPE_REPRESENTATION_RELATIONSHIP() );
#8629 = ITEM_DEFINED_TRANSFORMATION('','',#11,#8609);
#8630 = PRODUCT_DEFINITION_SHAPE('Placement','Placement of an item',
  #8631);
#8631 = NEXT_ASSEMBLY_USAGE_OCCURRENCE('45','','',#8599,#8112,$);
#8632 = CONTEXT_DEPENDENT_SHAPE_REPRESENTATION(#8633,#8635);
#8633 = ( REPRESENTATION_RELATIONSHIP('','',#8314,#8604) 
REPRESENTATION_RELATIONSHIP_WITH_TRANSFORMATION(#8634) 
SHAPE_REPRESENTATION_RELATIONSHIP() );
#8634 = ITEM_DEFINED_TRANSFORMATION('','',#11,#8613);
#8635 = PRODUCT_DEFINITION_SHAPE('Placement','Placement of an item',
  #8636);
#8636 = NEXT_ASSEMBLY_USAGE_OCCURRENCE('46','','',#8599,#8309,$);
#8637 = CONTEXT_DEPENDENT_SHAPE_REPRESENTATION(#8638,#8640);
#8638 = ( REPRESENTATION_RELATIONSHIP('','',#8604,#10) 
REPRESENTATION_RELATIONSHIP_WITH_TRANSFORMATION(#8639) 
SHAPE_REPRESENTATION_RELATIONSHIP() );
#8639 = ITEM_DEFINED_TRANSFORMATION('','',#11,#75);
#8640 = PRODUCT_DEFINITION_SHAPE('Placement','Placement of an item',
  #8641);
#8641 = NEXT_ASSEMBLY_USAGE_OCCURRENCE('47','','',#5,#8599,$);
#8642 = PRODUCT_RELATED_PRODUCT_CATEGORY('part',$,(#8601));
#8643 = SHAPE_DEFINITION_REPRESENTATION(#8644,#8650);
#8644 = PRODUCT_DEFINITION_SHAPE('','',#8645);
#8645 = PRODUCT_DEFINITION('design','',#8646,#8649);
#8646 = PRODUCT_DEFINITION_FORMATION('','',#8647);
#8647 = PRODUCT('M4','M4','',(#8648));
#8648 = PRODUCT_CONTEXT('',#2,'mechanical');
#8649 = PRODUCT_DEFINITION_CONTEXT('part definition',#2,'design');
#8650 = SHAPE_REPRESENTATION('',(#11,#8651),#8655);
#8651 = AXIS2_PLACEMENT_3D('',#8652,#8653,#8654);
#8652 = CARTESIAN_POINT('',(94.949996948242,51.024997711182,
    1.999994926155E-02));
#8653 = DIRECTION('',(0.,0.,1.));
#8654 = DIRECTION('',(1.,0.,0.));
#8655 = ( GEOMETRIC_REPRESENTATION_CONTEXT(3) 
GLOBAL_UNCERTAINTY_ASSIGNED_CONTEXT((#8659)) 
GLOBAL_UNIT_ASSIGNED_CONTEXT((#8656,#8657,#8658)) REPRESENTATION_CONTEXT
('Context #1','3D Context with UNIT and UNCERTAINTY') );
#8656 = ( LENGTH_UNIT() NAMED_UNIT(*) SI_UNIT(.MILLI.,.METRE.) );
#8657 = ( NAMED_UNIT(*) PLANE_ANGLE_UNIT() SI_UNIT($,.RADIAN.) );
#8658 = ( NAMED_UNIT(*) SI_UNIT($,.STERADIAN.) SOLID_ANGLE_UNIT() );
#8659 = UNCERTAINTY_MEASURE_WITH_UNIT(LENGTH_MEASURE(1.E-07),#8656,
  'distance_accuracy_value','confusion accuracy');
#8660 = CONTEXT_DEPENDENT_SHAPE_REPRESENTATION(#8661,#8663);
#8661 = ( REPRESENTATION_RELATIONSHIP('','',#7698,#8650) 
REPRESENTATION_RELATIONSHIP_WITH_TRANSFORMATION(#8662) 
SHAPE_REPRESENTATION_RELATIONSHIP() );
#8662 = ITEM_DEFINED_TRANSFORMATION('','',#11,#8651);
#8663 = PRODUCT_DEFINITION_SHAPE('Placement','Placement of an item',
  #8664);
#8664 = NEXT_ASSEMBLY_USAGE_OCCURRENCE('48','','',#8645,#7693,$);
#8665 = CONTEXT_DEPENDENT_SHAPE_REPRESENTATION(#8666,#8668);
#8666 = ( REPRESENTATION_RELATIONSHIP('','',#8650,#10) 
REPRESENTATION_RELATIONSHIP_WITH_TRANSFORMATION(#8667) 
SHAPE_REPRESENTATION_RELATIONSHIP() );
#8667 = ITEM_DEFINED_TRANSFORMATION('','',#11,#79);
#8668 = PRODUCT_DEFINITION_SHAPE('Placement','Placement of an item',
  #8669);
#8669 = NEXT_ASSEMBLY_USAGE_OCCURRENCE('49','','',#5,#8645,$);
#8670 = PRODUCT_RELATED_PRODUCT_CATEGORY('part',$,(#8647));
#8671 = SHAPE_DEFINITION_REPRESENTATION(#8672,#8678);
#8672 = PRODUCT_DEFINITION_SHAPE('','',#8673);
#8673 = PRODUCT_DEFINITION('design','',#8674,#8677);
#8674 = PRODUCT_DEFINITION_FORMATION('','',#8675);
#8675 = PRODUCT('M3','M3','',(#8676));
#8676 = PRODUCT_CONTEXT('',#2,'mechanical');
#8677 = PRODUCT_DEFINITION_CONTEXT('part definition',#2,'design');
#8678 = SHAPE_REPRESENTATION('',(#11,#8679),#8683);
#8679 = AXIS2_PLACEMENT_3D('',#8680,#8681,#8682);
#8680 = CARTESIAN_POINT('',(75.949996948242,51.024997711182,
    1.999994926155E-02));
#8681 = DIRECTION('',(0.,0.,1.));
#8682 = DIRECTION('',(1.,0.,0.));
#8683 = ( GEOMETRIC_REPRESENTATION_CONTEXT(3) 
GLOBAL_UNCERTAINTY_ASSIGNED_CONTEXT((#8687)) 
GLOBAL_UNIT_ASSIGNED_CONTEXT((#8684,#8685,#8686)) REPRESENTATION_CONTEXT
('Context #1','3D Context with UNIT and UNCERTAINTY') );
#8684 = ( LENGTH_UNIT() NAMED_UNIT(*) SI_UNIT(.MILLI.,.METRE.) );
#8685 = ( NAMED_UNIT(*) PLANE_ANGLE_UNIT() SI_UNIT($,.RADIAN.) );
#8686 = ( NAMED_UNIT(*) SI_UNIT($,.STERADIAN.) SOLID_ANGLE_UNIT() );
#8687 = UNCERTAINTY_MEASURE_WITH_UNIT(LENGTH_MEASURE(1.E-07),#8684,
  'distance_accuracy_value','confusion accuracy');
#8688 = CONTEXT_DEPENDENT_SHAPE_REPRESENTATION(#8689,#8691);
#8689 = ( REPRESENTATION_RELATIONSHIP('','',#7698,#8678) 
REPRESENTATION_RELATIONSHIP_WITH_TRANSFORMATION(#8690) 
SHAPE_REPRESENTATION_RELATIONSHIP() );
#8690 = ITEM_DEFINED_TRANSFORMATION('','',#11,#8679);
#8691 = PRODUCT_DEFINITION_SHAPE('Placement','Placement of an item',
  #8692);
#8692 = NEXT_ASSEMBLY_USAGE_OCCURRENCE('50','','',#8673,#7693,$);
#8693 = CONTEXT_DEPENDENT_SHAPE_REPRESENTATION(#8694,#8696);
#8694 = ( REPRESENTATION_RELATIONSHIP('','',#8678,#10) 
REPRESENTATION_RELATIONSHIP_WITH_TRANSFORMATION(#8695) 
SHAPE_REPRESENTATION_RELATIONSHIP() );
#8695 = ITEM_DEFINED_TRANSFORMATION('','',#11,#83);
#8696 = PRODUCT_DEFINITION_SHAPE('Placement','Placement of an item',
  #8697);
#8697 = NEXT_ASSEMBLY_USAGE_OCCURRENCE('51','','',#5,#8673,$);
#8698 = PRODUCT_RELATED_PRODUCT_CATEGORY('part',$,(#8675));
#8699 = SHAPE_DEFINITION_REPRESENTATION(#8700,#8706);
#8700 = PRODUCT_DEFINITION_SHAPE('','',#8701);
#8701 = PRODUCT_DEFINITION('design','',#8702,#8705);
#8702 = PRODUCT_DEFINITION_FORMATION('','',#8703);
#8703 = PRODUCT('M2','M2','',(#8704));
#8704 = PRODUCT_CONTEXT('',#2,'mechanical');
#8705 = PRODUCT_DEFINITION_CONTEXT('part definition',#2,'design');
#8706 = SHAPE_REPRESENTATION('',(#11,#8707),#8711);
#8707 = AXIS2_PLACEMENT_3D('',#8708,#8709,#8710);
#8708 = CARTESIAN_POINT('',(56.950000762939,51.024997711182,
    1.999994926155E-02));
#8709 = DIRECTION('',(0.,0.,1.));
#8710 = DIRECTION('',(1.,0.,0.));
#8711 = ( GEOMETRIC_REPRESENTATION_CONTEXT(3) 
GLOBAL_UNCERTAINTY_ASSIGNED_CONTEXT((#8715)) 
GLOBAL_UNIT_ASSIGNED_CONTEXT((#8712,#8713,#8714)) REPRESENTATION_CONTEXT
('Context #1','3D Context with UNIT and UNCERTAINTY') );
#8712 = ( LENGTH_UNIT() NAMED_UNIT(*) SI_UNIT(.MILLI.,.METRE.) );
#8713 = ( NAMED_UNIT(*) PLANE_ANGLE_UNIT() SI_UNIT($,.RADIAN.) );
#8714 = ( NAMED_UNIT(*) SI_UNIT($,.STERADIAN.) SOLID_ANGLE_UNIT() );
#8715 = UNCERTAINTY_MEASURE_WITH_UNIT(LENGTH_MEASURE(1.E-07),#8712,
  'distance_accuracy_value','confusion accuracy');
#8716 = CONTEXT_DEPENDENT_SHAPE_REPRESENTATION(#8717,#8719);
#8717 = ( REPRESENTATION_RELATIONSHIP('','',#7698,#8706) 
REPRESENTATION_RELATIONSHIP_WITH_TRANSFORMATION(#8718) 
SHAPE_REPRESENTATION_RELATIONSHIP() );
#8718 = ITEM_DEFINED_TRANSFORMATION('','',#11,#8707);
#8719 = PRODUCT_DEFINITION_SHAPE('Placement','Placement of an item',
  #8720);
#8720 = NEXT_ASSEMBLY_USAGE_OCCURRENCE('52','','',#8701,#7693,$);
#8721 = CONTEXT_DEPENDENT_SHAPE_REPRESENTATION(#8722,#8724);
#8722 = ( REPRESENTATION_RELATIONSHIP('','',#8706,#10) 
REPRESENTATION_RELATIONSHIP_WITH_TRANSFORMATION(#8723) 
SHAPE_REPRESENTATION_RELATIONSHIP() );
#8723 = ITEM_DEFINED_TRANSFORMATION('','',#11,#87);
#8724 = PRODUCT_DEFINITION_SHAPE('Placement','Placement of an item',
  #8725);
#8725 = NEXT_ASSEMBLY_USAGE_OCCURRENCE('53','','',#5,#8701,$);
#8726 = PRODUCT_RELATED_PRODUCT_CATEGORY('part',$,(#8703));
#8727 = SHAPE_DEFINITION_REPRESENTATION(#8728,#8734);
#8728 = PRODUCT_DEFINITION_SHAPE('','',#8729);
#8729 = PRODUCT_DEFINITION('design','',#8730,#8733);
#8730 = PRODUCT_DEFINITION_FORMATION('','',#8731);
#8731 = PRODUCT('J4','J4','',(#8732));
#8732 = PRODUCT_CONTEXT('',#2,'mechanical');
#8733 = PRODUCT_DEFINITION_CONTEXT('part definition',#2,'design');
#8734 = SHAPE_REPRESENTATION('',(#11,#8735),#8739);
#8735 = AXIS2_PLACEMENT_3D('',#8736,#8737,#8738);
#8736 = CARTESIAN_POINT('',(95.540000915527,43.,-0.411479830742));
#8737 = DIRECTION('',(-8.742277657348E-08,-1.,-4.371140912996E-08));
#8738 = DIRECTION('',(-1.,8.742277657348E-08,7.642738472527E-15));
#8739 = ( GEOMETRIC_REPRESENTATION_CONTEXT(3) 
GLOBAL_UNCERTAINTY_ASSIGNED_CONTEXT((#8743)) 
GLOBAL_UNIT_ASSIGNED_CONTEXT((#8740,#8741,#8742)) REPRESENTATION_CONTEXT
('Context #1','3D Context with UNIT and UNCERTAINTY') );
#8740 = ( LENGTH_UNIT() NAMED_UNIT(*) SI_UNIT(.MILLI.,.METRE.) );
#8741 = ( NAMED_UNIT(*) PLANE_ANGLE_UNIT() SI_UNIT($,.RADIAN.) );
#8742 = ( NAMED_UNIT(*) SI_UNIT($,.STERADIAN.) SOLID_ANGLE_UNIT() );
#8743 = UNCERTAINTY_MEASURE_WITH_UNIT(LENGTH_MEASURE(1.E-07),#8740,
  'distance_accuracy_value','confusion accuracy');
#8744 = CONTEXT_DEPENDENT_SHAPE_REPRESENTATION(#8745,#8747);
#8745 = ( REPRESENTATION_RELATIONSHIP('','',#4898,#8734) 
REPRESENTATION_RELATIONSHIP_WITH_TRANSFORMATION(#8746) 
SHAPE_REPRESENTATION_RELATIONSHIP() );
#8746 = ITEM_DEFINED_TRANSFORMATION('','',#11,#8735);
#8747 = PRODUCT_DEFINITION_SHAPE('Placement','Placement of an item',
  #8748);
#8748 = NEXT_ASSEMBLY_USAGE_OCCURRENCE('54','','',#8729,#7237,$);
#8749 = CONTEXT_DEPENDENT_SHAPE_REPRESENTATION(#8750,#8752);
#8750 = ( REPRESENTATION_RELATIONSHIP('','',#8734,#10) 
REPRESENTATION_RELATIONSHIP_WITH_TRANSFORMATION(#8751) 
SHAPE_REPRESENTATION_RELATIONSHIP() );
#8751 = ITEM_DEFINED_TRANSFORMATION('','',#11,#91);
#8752 = PRODUCT_DEFINITION_SHAPE('Placement','Placement of an item',
  #8753);
#8753 = NEXT_ASSEMBLY_USAGE_OCCURRENCE('55','','',#5,#8729,$);
#8754 = PRODUCT_RELATED_PRODUCT_CATEGORY('part',$,(#8731));
#8755 = SHAPE_DEFINITION_REPRESENTATION(#8756,#8762);
#8756 = PRODUCT_DEFINITION_SHAPE('','',#8757);
#8757 = PRODUCT_DEFINITION('design','',#8758,#8761);
#8758 = PRODUCT_DEFINITION_FORMATION('','',#8759);
#8759 = PRODUCT('J3','J3','',(#8760));
#8760 = PRODUCT_CONTEXT('',#2,'mechanical');
#8761 = PRODUCT_DEFINITION_CONTEXT('part definition',#2,'design');
#8762 = SHAPE_REPRESENTATION('',(#11,#8763),#8767);
#8763 = AXIS2_PLACEMENT_3D('',#8764,#8765,#8766);
#8764 = CARTESIAN_POINT('',(76.540000915527,43.,-0.411479830742));
#8765 = DIRECTION('',(-8.742277657348E-08,-1.,-4.371140912996E-08));
#8766 = DIRECTION('',(-1.,8.742277657348E-08,7.642738472527E-15));
#8767 = ( GEOMETRIC_REPRESENTATION_CONTEXT(3) 
GLOBAL_UNCERTAINTY_ASSIGNED_CONTEXT((#8771)) 
GLOBAL_UNIT_ASSIGNED_CONTEXT((#8768,#8769,#8770)) REPRESENTATION_CONTEXT
('Context #1','3D Context with UNIT and UNCERTAINTY') );
#8768 = ( LENGTH_UNIT() NAMED_UNIT(*) SI_UNIT(.MILLI.,.METRE.) );
#8769 = ( NAMED_UNIT(*) PLANE_ANGLE_UNIT() SI_UNIT($,.RADIAN.) );
#8770 = ( NAMED_UNIT(*) SI_UNIT($,.STERADIAN.) SOLID_ANGLE_UNIT() );
#8771 = UNCERTAINTY_MEASURE_WITH_UNIT(LENGTH_MEASURE(1.E-07),#8768,
  'distance_accuracy_value','confusion accuracy');
#8772 = CONTEXT_DEPENDENT_SHAPE_REPRESENTATION(#8773,#8775);
#8773 = ( REPRESENTATION_RELATIONSHIP('','',#4898,#8762) 
REPRESENTATION_RELATIONSHIP_WITH_TRANSFORMATION(#8774) 
SHAPE_REPRESENTATION_RELATIONSHIP() );
#8774 = ITEM_DEFINED_TRANSFORMATION('','',#11,#8763);
#8775 = PRODUCT_DEFINITION_SHAPE('Placement','Placement of an item',
  #8776);
#8776 = NEXT_ASSEMBLY_USAGE_OCCURRENCE('56','','',#8757,#7237,$);
#8777 = CONTEXT_DEPENDENT_SHAPE_REPRESENTATION(#8778,#8780);
#8778 = ( REPRESENTATION_RELATIONSHIP('','',#8762,#10) 
REPRESENTATION_RELATIONSHIP_WITH_TRANSFORMATION(#8779) 
SHAPE_REPRESENTATION_RELATIONSHIP() );
#8779 = ITEM_DEFINED_TRANSFORMATION('','',#11,#95);
#8780 = PRODUCT_DEFINITION_SHAPE('Placement','Placement of an item',
  #8781);
#8781 = NEXT_ASSEMBLY_USAGE_OCCURRENCE('57','','',#5,#8757,$);
#8782 = PRODUCT_RELATED_PRODUCT_CATEGORY('part',$,(#8759));
#8783 = SHAPE_DEFINITION_REPRESENTATION(#8784,#8790);
#8784 = PRODUCT_DEFINITION_SHAPE('','',#8785);
#8785 = PRODUCT_DEFINITION('design','',#8786,#8789);
#8786 = PRODUCT_DEFINITION_FORMATION('','',#8787);
#8787 = PRODUCT('J2','J2','',(#8788));
#8788 = PRODUCT_CONTEXT('',#2,'mechanical');
#8789 = PRODUCT_DEFINITION_CONTEXT('part definition',#2,'design');
#8790 = SHAPE_REPRESENTATION('',(#11,#8791),#8795);
#8791 = AXIS2_PLACEMENT_3D('',#8792,#8793,#8794);
#8792 = CARTESIAN_POINT('',(57.520000457764,43.,-0.411479830742));
#8793 = DIRECTION('',(-8.742277657348E-08,-1.,-4.371140912996E-08));
#8794 = DIRECTION('',(-1.,8.742277657348E-08,7.642738472527E-15));
#8795 = ( GEOMETRIC_REPRESENTATION_CONTEXT(3) 
GLOBAL_UNCERTAINTY_ASSIGNED_CONTEXT((#8799)) 
GLOBAL_UNIT_ASSIGNED_CONTEXT((#8796,#8797,#8798)) REPRESENTATION_CONTEXT
('Context #1','3D Context with UNIT and UNCERTAINTY') );
#8796 = ( LENGTH_UNIT() NAMED_UNIT(*) SI_UNIT(.MILLI.,.METRE.) );
#8797 = ( NAMED_UNIT(*) PLANE_ANGLE_UNIT() SI_UNIT($,.RADIAN.) );
#8798 = ( NAMED_UNIT(*) SI_UNIT($,.STERADIAN.) SOLID_ANGLE_UNIT() );
#8799 = UNCERTAINTY_MEASURE_WITH_UNIT(LENGTH_MEASURE(1.E-07),#8796,
  'distance_accuracy_value','confusion accuracy');
#8800 = CONTEXT_DEPENDENT_SHAPE_REPRESENTATION(#8801,#8803);
#8801 = ( REPRESENTATION_RELATIONSHIP('','',#4898,#8790) 
REPRESENTATION_RELATIONSHIP_WITH_TRANSFORMATION(#8802) 
SHAPE_REPRESENTATION_RELATIONSHIP() );
#8802 = ITEM_DEFINED_TRANSFORMATION('','',#11,#8791);
#8803 = PRODUCT_DEFINITION_SHAPE('Placement','Placement of an item',
  #8804);
#8804 = NEXT_ASSEMBLY_USAGE_OCCURRENCE('58','','',#8785,#7237,$);
#8805 = CONTEXT_DEPENDENT_SHAPE_REPRESENTATION(#8806,#8808);
#8806 = ( REPRESENTATION_RELATIONSHIP('','',#8790,#10) 
REPRESENTATION_RELATIONSHIP_WITH_TRANSFORMATION(#8807) 
SHAPE_REPRESENTATION_RELATIONSHIP() );
#8807 = ITEM_DEFINED_TRANSFORMATION('','',#11,#99);
#8808 = PRODUCT_DEFINITION_SHAPE('Placement','Placement of an item',
  #8809);
#8809 = NEXT_ASSEMBLY_USAGE_OCCURRENCE('59','','',#5,#8785,$);
#8810 = PRODUCT_RELATED_PRODUCT_CATEGORY('part',$,(#8787));
#8811 = SHAPE_DEFINITION_REPRESENTATION(#8812,#8818);
#8812 = PRODUCT_DEFINITION_SHAPE('','',#8813);
#8813 = PRODUCT_DEFINITION('design','',#8814,#8817);
#8814 = PRODUCT_DEFINITION_FORMATION('','',#8815);
#8815 = PRODUCT('C4','C4','',(#8816));
#8816 = PRODUCT_CONTEXT('',#2,'mechanical');
#8817 = PRODUCT_DEFINITION_CONTEXT('part definition',#2,'design');
#8818 = SHAPE_REPRESENTATION('',(#11,#8819,#8823,#8827),#8831);
#8819 = AXIS2_PLACEMENT_3D('',#8820,#8821,#8822);
#8820 = CARTESIAN_POINT('',(96.336700439453,40.012699127197,0.));
#8821 = DIRECTION('',(0.,0.,1.));
#8822 = DIRECTION('',(1.,0.,0.));
#8823 = AXIS2_PLACEMENT_3D('',#8824,#8825,#8826);
#8824 = CARTESIAN_POINT('',(93.263298034668,40.012699127197,0.));
#8825 = DIRECTION('',(0.,0.,1.));
#8826 = DIRECTION('',(1.,0.,0.));
#8827 = AXIS2_PLACEMENT_3D('',#8828,#8829,#8830);
#8828 = CARTESIAN_POINT('',(94.799995422363,40.012699127197,0.));
#8829 = DIRECTION('',(0.,0.,1.));
#8830 = DIRECTION('',(1.,0.,0.));
#8831 = ( GEOMETRIC_REPRESENTATION_CONTEXT(3) 
GLOBAL_UNCERTAINTY_ASSIGNED_CONTEXT((#8835)) 
GLOBAL_UNIT_ASSIGNED_CONTEXT((#8832,#8833,#8834)) REPRESENTATION_CONTEXT
('Context #1','3D Context with UNIT and UNCERTAINTY') );
#8832 = ( LENGTH_UNIT() NAMED_UNIT(*) SI_UNIT(.MILLI.,.METRE.) );
#8833 = ( NAMED_UNIT(*) PLANE_ANGLE_UNIT() SI_UNIT($,.RADIAN.) );
#8834 = ( NAMED_UNIT(*) SI_UNIT($,.STERADIAN.) SOLID_ANGLE_UNIT() );
#8835 = UNCERTAINTY_MEASURE_WITH_UNIT(LENGTH_MEASURE(1.E-07),#8832,
  'distance_accuracy_value','confusion accuracy');
#8836 = CONTEXT_DEPENDENT_SHAPE_REPRESENTATION(#8837,#8839);
#8837 = ( REPRESENTATION_RELATIONSHIP('','',#8117,#8818) 
REPRESENTATION_RELATIONSHIP_WITH_TRANSFORMATION(#8838) 
SHAPE_REPRESENTATION_RELATIONSHIP() );
#8838 = ITEM_DEFINED_TRANSFORMATION('','',#11,#8819);
#8839 = PRODUCT_DEFINITION_SHAPE('Placement','Placement of an item',
  #8840);
#8840 = NEXT_ASSEMBLY_USAGE_OCCURRENCE('60','','',#8813,#8112,$);
#8841 = CONTEXT_DEPENDENT_SHAPE_REPRESENTATION(#8842,#8844);
#8842 = ( REPRESENTATION_RELATIONSHIP('','',#8117,#8818) 
REPRESENTATION_RELATIONSHIP_WITH_TRANSFORMATION(#8843) 
SHAPE_REPRESENTATION_RELATIONSHIP() );
#8843 = ITEM_DEFINED_TRANSFORMATION('','',#11,#8823);
#8844 = PRODUCT_DEFINITION_SHAPE('Placement','Placement of an item',
  #8845);
#8845 = NEXT_ASSEMBLY_USAGE_OCCURRENCE('61','','',#8813,#8112,$);
#8846 = CONTEXT_DEPENDENT_SHAPE_REPRESENTATION(#8847,#8849);
#8847 = ( REPRESENTATION_RELATIONSHIP('','',#8314,#8818) 
REPRESENTATION_RELATIONSHIP_WITH_TRANSFORMATION(#8848) 
SHAPE_REPRESENTATION_RELATIONSHIP() );
#8848 = ITEM_DEFINED_TRANSFORMATION('','',#11,#8827);
#8849 = PRODUCT_DEFINITION_SHAPE('Placement','Placement of an item',
  #8850);
#8850 = NEXT_ASSEMBLY_USAGE_OCCURRENCE('62','','',#8813,#8309,$);
#8851 = CONTEXT_DEPENDENT_SHAPE_REPRESENTATION(#8852,#8854);
#8852 = ( REPRESENTATION_RELATIONSHIP('','',#8818,#10) 
REPRESENTATION_RELATIONSHIP_WITH_TRANSFORMATION(#8853) 
SHAPE_REPRESENTATION_RELATIONSHIP() );
#8853 = ITEM_DEFINED_TRANSFORMATION('','',#11,#103);
#8854 = PRODUCT_DEFINITION_SHAPE('Placement','Placement of an item',
  #8855);
#8855 = NEXT_ASSEMBLY_USAGE_OCCURRENCE('63','','',#5,#8813,$);
#8856 = PRODUCT_RELATED_PRODUCT_CATEGORY('part',$,(#8815));
#8857 = SHAPE_DEFINITION_REPRESENTATION(#8858,#8864);
#8858 = PRODUCT_DEFINITION_SHAPE('','',#8859);
#8859 = PRODUCT_DEFINITION('design','',#8860,#8863);
#8860 = PRODUCT_DEFINITION_FORMATION('','',#8861);
#8861 = PRODUCT('C3','C3','',(#8862));
#8862 = PRODUCT_CONTEXT('',#2,'mechanical');
#8863 = PRODUCT_DEFINITION_CONTEXT('part definition',#2,'design');
#8864 = SHAPE_REPRESENTATION('',(#11,#8865,#8869,#8873),#8877);
#8865 = AXIS2_PLACEMENT_3D('',#8866,#8867,#8868);
#8866 = CARTESIAN_POINT('',(77.336700439453,40.012699127197,0.));
#8867 = DIRECTION('',(0.,0.,1.));
#8868 = DIRECTION('',(1.,0.,0.));
#8869 = AXIS2_PLACEMENT_3D('',#8870,#8871,#8872);
#8870 = CARTESIAN_POINT('',(74.263298034668,40.012699127197,0.));
#8871 = DIRECTION('',(0.,0.,1.));
#8872 = DIRECTION('',(1.,0.,0.));
#8873 = AXIS2_PLACEMENT_3D('',#8874,#8875,#8876);
#8874 = CARTESIAN_POINT('',(75.800003051758,40.012699127197,0.));
#8875 = DIRECTION('',(0.,0.,1.));
#8876 = DIRECTION('',(1.,0.,0.));
#8877 = ( GEOMETRIC_REPRESENTATION_CONTEXT(3) 
GLOBAL_UNCERTAINTY_ASSIGNED_CONTEXT((#8881)) 
GLOBAL_UNIT_ASSIGNED_CONTEXT((#8878,#8879,#8880)) REPRESENTATION_CONTEXT
('Context #1','3D Context with UNIT and UNCERTAINTY') );
#8878 = ( LENGTH_UNIT() NAMED_UNIT(*) SI_UNIT(.MILLI.,.METRE.) );
#8879 = ( NAMED_UNIT(*) PLANE_ANGLE_UNIT() SI_UNIT($,.RADIAN.) );
#8880 = ( NAMED_UNIT(*) SI_UNIT($,.STERADIAN.) SOLID_ANGLE_UNIT() );
#8881 = UNCERTAINTY_MEASURE_WITH_UNIT(LENGTH_MEASURE(1.E-07),#8878,
  'distance_accuracy_value','confusion accuracy');
#8882 = CONTEXT_DEPENDENT_SHAPE_REPRESENTATION(#8883,#8885);
#8883 = ( REPRESENTATION_RELATIONSHIP('','',#8117,#8864) 
REPRESENTATION_RELATIONSHIP_WITH_TRANSFORMATION(#8884) 
SHAPE_REPRESENTATION_RELATIONSHIP() );
#8884 = ITEM_DEFINED_TRANSFORMATION('','',#11,#8865);
#8885 = PRODUCT_DEFINITION_SHAPE('Placement','Placement of an item',
  #8886);
#8886 = NEXT_ASSEMBLY_USAGE_OCCURRENCE('64','','',#8859,#8112,$);
#8887 = CONTEXT_DEPENDENT_SHAPE_REPRESENTATION(#8888,#8890);
#8888 = ( REPRESENTATION_RELATIONSHIP('','',#8117,#8864) 
REPRESENTATION_RELATIONSHIP_WITH_TRANSFORMATION(#8889) 
SHAPE_REPRESENTATION_RELATIONSHIP() );
#8889 = ITEM_DEFINED_TRANSFORMATION('','',#11,#8869);
#8890 = PRODUCT_DEFINITION_SHAPE('Placement','Placement of an item',
  #8891);
#8891 = NEXT_ASSEMBLY_USAGE_OCCURRENCE('65','','',#8859,#8112,$);
#8892 = CONTEXT_DEPENDENT_SHAPE_REPRESENTATION(#8893,#8895);
#8893 = ( REPRESENTATION_RELATIONSHIP('','',#8314,#8864) 
REPRESENTATION_RELATIONSHIP_WITH_TRANSFORMATION(#8894) 
SHAPE_REPRESENTATION_RELATIONSHIP() );
#8894 = ITEM_DEFINED_TRANSFORMATION('','',#11,#8873);
#8895 = PRODUCT_DEFINITION_SHAPE('Placement','Placement of an item',
  #8896);
#8896 = NEXT_ASSEMBLY_USAGE_OCCURRENCE('66','','',#8859,#8309,$);
#8897 = CONTEXT_DEPENDENT_SHAPE_REPRESENTATION(#8898,#8900);
#8898 = ( REPRESENTATION_RELATIONSHIP('','',#8864,#10) 
REPRESENTATION_RELATIONSHIP_WITH_TRANSFORMATION(#8899) 
SHAPE_REPRESENTATION_RELATIONSHIP() );
#8899 = ITEM_DEFINED_TRANSFORMATION('','',#11,#107);
#8900 = PRODUCT_DEFINITION_SHAPE('Placement','Placement of an item',
  #8901);
#8901 = NEXT_ASSEMBLY_USAGE_OCCURRENCE('67','','',#5,#8859,$);
#8902 = PRODUCT_RELATED_PRODUCT_CATEGORY('part',$,(#8861));
#8903 = SHAPE_DEFINITION_REPRESENTATION(#8904,#8910);
#8904 = PRODUCT_DEFINITION_SHAPE('','',#8905);
#8905 = PRODUCT_DEFINITION('design','',#8906,#8909);
#8906 = PRODUCT_DEFINITION_FORMATION('','',#8907);
#8907 = PRODUCT('C2','C2','',(#8908));
#8908 = PRODUCT_CONTEXT('',#2,'mechanical');
#8909 = PRODUCT_DEFINITION_CONTEXT('part definition',#2,'design');
#8910 = SHAPE_REPRESENTATION('',(#11,#8911,#8915,#8919),#8923);
#8911 = AXIS2_PLACEMENT_3D('',#8912,#8913,#8914);
#8912 = CARTESIAN_POINT('',(58.336700439453,40.012699127197,0.));
#8913 = DIRECTION('',(0.,0.,1.));
#8914 = DIRECTION('',(1.,0.,0.));
#8915 = AXIS2_PLACEMENT_3D('',#8916,#8917,#8918);
#8916 = CARTESIAN_POINT('',(55.263301849365,40.012699127197,0.));
#8917 = DIRECTION('',(0.,0.,1.));
#8918 = DIRECTION('',(1.,0.,0.));
#8919 = AXIS2_PLACEMENT_3D('',#8920,#8921,#8922);
#8920 = CARTESIAN_POINT('',(56.799999237061,40.012699127197,0.));
#8921 = DIRECTION('',(0.,0.,1.));
#8922 = DIRECTION('',(1.,0.,0.));
#8923 = ( GEOMETRIC_REPRESENTATION_CONTEXT(3) 
GLOBAL_UNCERTAINTY_ASSIGNED_CONTEXT((#8927)) 
GLOBAL_UNIT_ASSIGNED_CONTEXT((#8924,#8925,#8926)) REPRESENTATION_CONTEXT
('Context #1','3D Context with UNIT and UNCERTAINTY') );
#8924 = ( LENGTH_UNIT() NAMED_UNIT(*) SI_UNIT(.MILLI.,.METRE.) );
#8925 = ( NAMED_UNIT(*) PLANE_ANGLE_UNIT() SI_UNIT($,.RADIAN.) );
#8926 = ( NAMED_UNIT(*) SI_UNIT($,.STERADIAN.) SOLID_ANGLE_UNIT() );
#8927 = UNCERTAINTY_MEASURE_WITH_UNIT(LENGTH_MEASURE(1.E-07),#8924,
  'distance_accuracy_value','confusion accuracy');
#8928 = CONTEXT_DEPENDENT_SHAPE_REPRESENTATION(#8929,#8931);
#8929 = ( REPRESENTATION_RELATIONSHIP('','',#8117,#8910) 
REPRESENTATION_RELATIONSHIP_WITH_TRANSFORMATION(#8930) 
SHAPE_REPRESENTATION_RELATIONSHIP() );
#8930 = ITEM_DEFINED_TRANSFORMATION('','',#11,#8911);
#8931 = PRODUCT_DEFINITION_SHAPE('Placement','Placement of an item',
  #8932);
#8932 = NEXT_ASSEMBLY_USAGE_OCCURRENCE('68','','',#8905,#8112,$);
#8933 = CONTEXT_DEPENDENT_SHAPE_REPRESENTATION(#8934,#8936);
#8934 = ( REPRESENTATION_RELATIONSHIP('','',#8117,#8910) 
REPRESENTATION_RELATIONSHIP_WITH_TRANSFORMATION(#8935) 
SHAPE_REPRESENTATION_RELATIONSHIP() );
#8935 = ITEM_DEFINED_TRANSFORMATION('','',#11,#8915);
#8936 = PRODUCT_DEFINITION_SHAPE('Placement','Placement of an item',
  #8937);
#8937 = NEXT_ASSEMBLY_USAGE_OCCURRENCE('69','','',#8905,#8112,$);
#8938 = CONTEXT_DEPENDENT_SHAPE_REPRESENTATION(#8939,#8941);
#8939 = ( REPRESENTATION_RELATIONSHIP('','',#8314,#8910) 
REPRESENTATION_RELATIONSHIP_WITH_TRANSFORMATION(#8940) 
SHAPE_REPRESENTATION_RELATIONSHIP() );
#8940 = ITEM_DEFINED_TRANSFORMATION('','',#11,#8919);
#8941 = PRODUCT_DEFINITION_SHAPE('Placement','Placement of an item',
  #8942);
#8942 = NEXT_ASSEMBLY_USAGE_OCCURRENCE('70','','',#8905,#8309,$);
#8943 = CONTEXT_DEPENDENT_SHAPE_REPRESENTATION(#8944,#8946);
#8944 = ( REPRESENTATION_RELATIONSHIP('','',#8910,#10) 
REPRESENTATION_RELATIONSHIP_WITH_TRANSFORMATION(#8945) 
SHAPE_REPRESENTATION_RELATIONSHIP() );
#8945 = ITEM_DEFINED_TRANSFORMATION('','',#11,#111);
#8946 = PRODUCT_DEFINITION_SHAPE('Placement','Placement of an item',
  #8947);
#8947 = NEXT_ASSEMBLY_USAGE_OCCURRENCE('71','','',#5,#8905,$);
#8948 = PRODUCT_RELATED_PRODUCT_CATEGORY('part',$,(#8907));
#8949 = SHAPE_DEFINITION_REPRESENTATION(#8950,#8956);
#8950 = PRODUCT_DEFINITION_SHAPE('','',#8951);
#8951 = PRODUCT_DEFINITION('design','',#8952,#8955);
#8952 = PRODUCT_DEFINITION_FORMATION('','',#8953);
#8953 = PRODUCT('M1','M1','',(#8954));
#8954 = PRODUCT_CONTEXT('',#2,'mechanical');
#8955 = PRODUCT_DEFINITION_CONTEXT('part definition',#2,'design');
#8956 = SHAPE_REPRESENTATION('',(#11,#8957),#8961);
#8957 = AXIS2_PLACEMENT_3D('',#8958,#8959,#8960);
#8958 = CARTESIAN_POINT('',(37.950004577637,51.024997711182,
    1.999994926155E-02));
#8959 = DIRECTION('',(0.,0.,1.));
#8960 = DIRECTION('',(1.,0.,0.));
#8961 = ( GEOMETRIC_REPRESENTATION_CONTEXT(3) 
GLOBAL_UNCERTAINTY_ASSIGNED_CONTEXT((#8965)) 
GLOBAL_UNIT_ASSIGNED_CONTEXT((#8962,#8963,#8964)) REPRESENTATION_CONTEXT
('Context #1','3D Context with UNIT and UNCERTAINTY') );
#8962 = ( LENGTH_UNIT() NAMED_UNIT(*) SI_UNIT(.MILLI.,.METRE.) );
#8963 = ( NAMED_UNIT(*) PLANE_ANGLE_UNIT() SI_UNIT($,.RADIAN.) );
#8964 = ( NAMED_UNIT(*) SI_UNIT($,.STERADIAN.) SOLID_ANGLE_UNIT() );
#8965 = UNCERTAINTY_MEASURE_WITH_UNIT(LENGTH_MEASURE(1.E-07),#8962,
  'distance_accuracy_value','confusion accuracy');
#8966 = CONTEXT_DEPENDENT_SHAPE_REPRESENTATION(#8967,#8969);
#8967 = ( REPRESENTATION_RELATIONSHIP('','',#7698,#8956) 
REPRESENTATION_RELATIONSHIP_WITH_TRANSFORMATION(#8968) 
SHAPE_REPRESENTATION_RELATIONSHIP() );
#8968 = ITEM_DEFINED_TRANSFORMATION('','',#11,#8957);
#8969 = PRODUCT_DEFINITION_SHAPE('Placement','Placement of an item',
  #8970);
#8970 = NEXT_ASSEMBLY_USAGE_OCCURRENCE('72','','',#8951,#7693,$);
#8971 = CONTEXT_DEPENDENT_SHAPE_REPRESENTATION(#8972,#8974);
#8972 = ( REPRESENTATION_RELATIONSHIP('','',#8956,#10) 
REPRESENTATION_RELATIONSHIP_WITH_TRANSFORMATION(#8973) 
SHAPE_REPRESENTATION_RELATIONSHIP() );
#8973 = ITEM_DEFINED_TRANSFORMATION('','',#11,#115);
#8974 = PRODUCT_DEFINITION_SHAPE('Placement','Placement of an item',
  #8975);
#8975 = NEXT_ASSEMBLY_USAGE_OCCURRENCE('73','','',#5,#8951,$);
#8976 = PRODUCT_RELATED_PRODUCT_CATEGORY('part',$,(#8953));
#8977 = SHAPE_DEFINITION_REPRESENTATION(#8978,#8984);
#8978 = PRODUCT_DEFINITION_SHAPE('','',#8979);
#8979 = PRODUCT_DEFINITION('design','',#8980,#8983);
#8980 = PRODUCT_DEFINITION_FORMATION('','',#8981);
#8981 = PRODUCT('J1','J1','',(#8982));
#8982 = PRODUCT_CONTEXT('',#2,'mechanical');
#8983 = PRODUCT_DEFINITION_CONTEXT('part definition',#2,'design');
#8984 = SHAPE_REPRESENTATION('',(#11,#8985),#8989);
#8985 = AXIS2_PLACEMENT_3D('',#8986,#8987,#8988);
#8986 = CARTESIAN_POINT('',(38.520000457764,43.,-0.411479830742));
#8987 = DIRECTION('',(-8.742277657348E-08,-1.,-4.371140912996E-08));
#8988 = DIRECTION('',(-1.,8.742277657348E-08,7.642738472527E-15));
#8989 = ( GEOMETRIC_REPRESENTATION_CONTEXT(3) 
GLOBAL_UNCERTAINTY_ASSIGNED_CONTEXT((#8993)) 
GLOBAL_UNIT_ASSIGNED_CONTEXT((#8990,#8991,#8992)) REPRESENTATION_CONTEXT
('Context #1','3D Context with UNIT and UNCERTAINTY') );
#8990 = ( LENGTH_UNIT() NAMED_UNIT(*) SI_UNIT(.MILLI.,.METRE.) );
#8991 = ( NAMED_UNIT(*) PLANE_ANGLE_UNIT() SI_UNIT($,.RADIAN.) );
#8992 = ( NAMED_UNIT(*) SI_UNIT($,.STERADIAN.) SOLID_ANGLE_UNIT() );
#8993 = UNCERTAINTY_MEASURE_WITH_UNIT(LENGTH_MEASURE(1.E-07),#8990,
  'distance_accuracy_value','confusion accuracy');
#8994 = CONTEXT_DEPENDENT_SHAPE_REPRESENTATION(#8995,#8997);
#8995 = ( REPRESENTATION_RELATIONSHIP('','',#4898,#8984) 
REPRESENTATION_RELATIONSHIP_WITH_TRANSFORMATION(#8996) 
SHAPE_REPRESENTATION_RELATIONSHIP() );
#8996 = ITEM_DEFINED_TRANSFORMATION('','',#11,#8985);
#8997 = PRODUCT_DEFINITION_SHAPE('Placement','Placement of an item',
  #8998);
#8998 = NEXT_ASSEMBLY_USAGE_OCCURRENCE('74','','',#8979,#7237,$);
#8999 = CONTEXT_DEPENDENT_SHAPE_REPRESENTATION(#9000,#9002);
#9000 = ( REPRESENTATION_RELATIONSHIP('','',#8984,#10) 
REPRESENTATION_RELATIONSHIP_WITH_TRANSFORMATION(#9001) 
SHAPE_REPRESENTATION_RELATIONSHIP() );
#9001 = ITEM_DEFINED_TRANSFORMATION('','',#11,#119);
#9002 = PRODUCT_DEFINITION_SHAPE('Placement','Placement of an item',
  #9003);
#9003 = NEXT_ASSEMBLY_USAGE_OCCURRENCE('75','','',#5,#8979,$);
#9004 = PRODUCT_RELATED_PRODUCT_CATEGORY('part',$,(#8981));
#9005 = SHAPE_DEFINITION_REPRESENTATION(#9006,#9012);
#9006 = PRODUCT_DEFINITION_SHAPE('','',#9007);
#9007 = PRODUCT_DEFINITION('design','',#9008,#9011);
#9008 = PRODUCT_DEFINITION_FORMATION('','',#9009);
#9009 = PRODUCT('C1','C1','',(#9010));
#9010 = PRODUCT_CONTEXT('',#2,'mechanical');
#9011 = PRODUCT_DEFINITION_CONTEXT('part definition',#2,'design');
#9012 = SHAPE_REPRESENTATION('',(#11,#9013,#9017,#9021),#9025);
#9013 = AXIS2_PLACEMENT_3D('',#9014,#9015,#9016);
#9014 = CARTESIAN_POINT('',(39.336700439453,40.012699127197,0.));
#9015 = DIRECTION('',(0.,0.,1.));
#9016 = DIRECTION('',(1.,0.,0.));
#9017 = AXIS2_PLACEMENT_3D('',#9018,#9019,#9020);
#9018 = CARTESIAN_POINT('',(36.263301849365,40.012699127197,0.));
#9019 = DIRECTION('',(0.,0.,1.));
#9020 = DIRECTION('',(1.,0.,0.));
#9021 = AXIS2_PLACEMENT_3D('',#9022,#9023,#9024);
#9022 = CARTESIAN_POINT('',(37.799999237061,40.012699127197,0.));
#9023 = DIRECTION('',(0.,0.,1.));
#9024 = DIRECTION('',(1.,0.,0.));
#9025 = ( GEOMETRIC_REPRESENTATION_CONTEXT(3) 
GLOBAL_UNCERTAINTY_ASSIGNED_CONTEXT((#9029)) 
GLOBAL_UNIT_ASSIGNED_CONTEXT((#9026,#9027,#9028)) REPRESENTATION_CONTEXT
('Context #1','3D Context with UNIT and UNCERTAINTY') );
#9026 = ( LENGTH_UNIT() NAMED_UNIT(*) SI_UNIT(.MILLI.,.METRE.) );
#9027 = ( NAMED_UNIT(*) PLANE_ANGLE_UNIT() SI_UNIT($,.RADIAN.) );
#9028 = ( NAMED_UNIT(*) SI_UNIT($,.STERADIAN.) SOLID_ANGLE_UNIT() );
#9029 = UNCERTAINTY_MEASURE_WITH_UNIT(LENGTH_MEASURE(1.E-07),#9026,
  'distance_accuracy_value','confusion accuracy');
#9030 = CONTEXT_DEPENDENT_SHAPE_REPRESENTATION(#9031,#9033);
#9031 = ( REPRESENTATION_RELATIONSHIP('','',#8117,#9012) 
REPRESENTATION_RELATIONSHIP_WITH_TRANSFORMATION(#9032) 
SHAPE_REPRESENTATION_RELATIONSHIP() );
#9032 = ITEM_DEFINED_TRANSFORMATION('','',#11,#9013);
#9033 = PRODUCT_DEFINITION_SHAPE('Placement','Placement of an item',
  #9034);
#9034 = NEXT_ASSEMBLY_USAGE_OCCURRENCE('76','','',#9007,#8112,$);
#9035 = CONTEXT_DEPENDENT_SHAPE_REPRESENTATION(#9036,#9038);
#9036 = ( REPRESENTATION_RELATIONSHIP('','',#8117,#9012) 
REPRESENTATION_RELATIONSHIP_WITH_TRANSFORMATION(#9037) 
SHAPE_REPRESENTATION_RELATIONSHIP() );
#9037 = ITEM_DEFINED_TRANSFORMATION('','',#11,#9017);
#9038 = PRODUCT_DEFINITION_SHAPE('Placement','Placement of an item',
  #9039);
#9039 = NEXT_ASSEMBLY_USAGE_OCCURRENCE('77','','',#9007,#8112,$);
#9040 = CONTEXT_DEPENDENT_SHAPE_REPRESENTATION(#9041,#9043);
#9041 = ( REPRESENTATION_RELATIONSHIP('','',#8314,#9012) 
REPRESENTATION_RELATIONSHIP_WITH_TRANSFORMATION(#9042) 
SHAPE_REPRESENTATION_RELATIONSHIP() );
#9042 = ITEM_DEFINED_TRANSFORMATION('','',#11,#9021);
#9043 = PRODUCT_DEFINITION_SHAPE('Placement','Placement of an item',
  #9044);
#9044 = NEXT_ASSEMBLY_USAGE_OCCURRENCE('78','','',#9007,#8309,$);
#9045 = CONTEXT_DEPENDENT_SHAPE_REPRESENTATION(#9046,#9048);
#9046 = ( REPRESENTATION_RELATIONSHIP('','',#9012,#10) 
REPRESENTATION_RELATIONSHIP_WITH_TRANSFORMATION(#9047) 
SHAPE_REPRESENTATION_RELATIONSHIP() );
#9047 = ITEM_DEFINED_TRANSFORMATION('','',#11,#123);
#9048 = PRODUCT_DEFINITION_SHAPE('Placement','Placement of an item',
  #9049);
#9049 = NEXT_ASSEMBLY_USAGE_OCCURRENCE('79','','',#5,#9007,$);
#9050 = PRODUCT_RELATED_PRODUCT_CATEGORY('part',$,(#9009));
#9051 = MECHANICAL_DESIGN_GEOMETRIC_PRESENTATION_REPRESENTATION('',(
    #9052),#7639);
#9052 = STYLED_ITEM('color',(#9053),#7489);
#9053 = PRESENTATION_STYLE_ASSIGNMENT((#9054,#9060));
#9054 = SURFACE_STYLE_USAGE(.BOTH.,#9055);
#9055 = SURFACE_SIDE_STYLE('',(#9056));
#9056 = SURFACE_STYLE_FILL_AREA(#9057);
#9057 = FILL_AREA_STYLE('',(#9058));
#9058 = FILL_AREA_STYLE_COLOUR('',#9059);
#9059 = COLOUR_RGB('',0.760784316928,0.800000010877,0.854901964685);
#9060 = CURVE_STYLE('',#9061,POSITIVE_LENGTH_MEASURE(0.1),#9059);
#9061 = DRAUGHTING_PRE_DEFINED_CURVE_FONT('continuous');
#9062 = MECHANICAL_DESIGN_GEOMETRIC_PRESENTATION_REPRESENTATION('',(
    #9063),#7859);
#9063 = STYLED_ITEM('color',(#9064),#7709);
#9064 = PRESENTATION_STYLE_ASSIGNMENT((#9065,#9071));
#9065 = SURFACE_STYLE_USAGE(.BOTH.,#9066);
#9066 = SURFACE_SIDE_STYLE('',(#9067));
#9067 = SURFACE_STYLE_FILL_AREA(#9068);
#9068 = FILL_AREA_STYLE('',(#9069));
#9069 = FILL_AREA_STYLE_COLOUR('',#9070);
#9070 = COLOUR_RGB('',0.635294123023,0.768627468855,0.788235302081);
#9071 = CURVE_STYLE('',#9072,POSITIVE_LENGTH_MEASURE(0.1),#9070);
#9072 = DRAUGHTING_PRE_DEFINED_CURVE_FONT('continuous');
#9073 = MECHANICAL_DESIGN_GEOMETRIC_PRESENTATION_REPRESENTATION('',(
    #9074),#8475);
#9074 = STYLED_ITEM('color',(#9075),#8325);
#9075 = PRESENTATION_STYLE_ASSIGNMENT((#9076,#9082));
#9076 = SURFACE_STYLE_USAGE(.BOTH.,#9077);
#9077 = SURFACE_SIDE_STYLE('',(#9078));
#9078 = SURFACE_STYLE_FILL_AREA(#9079);
#9079 = FILL_AREA_STYLE('',(#9080));
#9080 = FILL_AREA_STYLE_COLOUR('',#9081);
#9081 = COLOUR_RGB('',7.843137259267E-02,7.843137259267E-02,
  7.843137259267E-02);
#9082 = CURVE_STYLE('',#9083,POSITIVE_LENGTH_MEASURE(0.1),#9081);
#9083 = DRAUGHTING_PRE_DEFINED_CURVE_FONT('continuous');
#9084 = MECHANICAL_DESIGN_GEOMETRIC_PRESENTATION_REPRESENTATION('',(
    #9085),#2311);
#9085 = STYLED_ITEM('color',(#9086),#151);
#9086 = PRESENTATION_STYLE_ASSIGNMENT((#9087,#9093));
#9087 = SURFACE_STYLE_USAGE(.BOTH.,#9088);
#9088 = SURFACE_SIDE_STYLE('',(#9089));
#9089 = SURFACE_STYLE_FILL_AREA(#9090);
#9090 = FILL_AREA_STYLE('',(#9091));
#9091 = FILL_AREA_STYLE_COLOUR('',#9092);
#9092 = COLOUR_RGB('',0.1411764689,0.47058824112,0.196078429142);
#9093 = CURVE_STYLE('',#9094,POSITIVE_LENGTH_MEASURE(0.1),#9092);
#9094 = DRAUGHTING_PRE_DEFINED_CURVE_FONT('continuous');
#9095 = MECHANICAL_DESIGN_GEOMETRIC_PRESENTATION_REPRESENTATION('',(
    #9096),#7447);
#9096 = STYLED_ITEM('color',(#9097),#7297);
#9097 = PRESENTATION_STYLE_ASSIGNMENT((#9098,#9103));
#9098 = SURFACE_STYLE_USAGE(.BOTH.,#9099);
#9099 = SURFACE_SIDE_STYLE('',(#9100));
#9100 = SURFACE_STYLE_FILL_AREA(#9101);
#9101 = FILL_AREA_STYLE('',(#9102));
#9102 = FILL_AREA_STYLE_COLOUR('',#9081);
#9103 = CURVE_STYLE('',#9104,POSITIVE_LENGTH_MEASURE(0.1),#9081);
#9104 = DRAUGHTING_PRE_DEFINED_CURVE_FONT('continuous');
#9105 = MECHANICAL_DESIGN_GEOMETRIC_PRESENTATION_REPRESENTATION('',(
    #9106),#8278);
#9106 = STYLED_ITEM('color',(#9107),#8128);
#9107 = PRESENTATION_STYLE_ASSIGNMENT((#9108,#9113));
#9108 = SURFACE_STYLE_USAGE(.BOTH.,#9109);
#9109 = SURFACE_SIDE_STYLE('',(#9110));
#9110 = SURFACE_STYLE_FILL_AREA(#9111);
#9111 = FILL_AREA_STYLE('',(#9112));
#9112 = FILL_AREA_STYLE_COLOUR('',#9059);
#9113 = CURVE_STYLE('',#9114,POSITIVE_LENGTH_MEASURE(0.1),#9059);
#9114 = DRAUGHTING_PRE_DEFINED_CURVE_FONT('continuous');
#9115 = MECHANICAL_DESIGN_GEOMETRIC_PRESENTATION_REPRESENTATION('',(
    #9116),#7230);
#9116 = STYLED_ITEM('color',(#9117),#4899);
#9117 = PRESENTATION_STYLE_ASSIGNMENT((#9118));
#9118 = SURFACE_STYLE_USAGE(.BOTH.,#9119);
#9119 = SURFACE_SIDE_STYLE('',(#9120));
#9120 = SURFACE_STYLE_FILL_AREA(#9121);
#9121 = FILL_AREA_STYLE('',(#9122));
#9122 = FILL_AREA_STYLE_COLOUR('',#9123);
#9123 = COLOUR_RGB('',0.792156867455,0.819607826924,0.933333342953);
#9124 = MECHANICAL_DESIGN_GEOMETRIC_PRESENTATION_REPRESENTATION('',(
    #9125,#9135,#9144,#9153,#9163,#9172,#9181,#9190,#9199,#9208,#9217,
    #9226,#9235,#9244,#9253,#9262,#9271,#9280,#9290,#9299,#9308,#9317,
    #9326,#9335,#9344,#9353,#9362,#9371,#9380,#9389,#9398,#9407,#9416,
    #9425,#9434,#9443,#9452,#9461,#9470,#9479,#9488,#9497,#9506,#9515,
    #9524,#9533,#9542,#9551,#9560,#9569,#9578,#9587,#9596,#9605,#9614,
    #9623,#9632,#9641,#9650,#9659,#9668,#9677,#9686,#9695,#9704,#9713,
    #9722,#9731,#9740,#9749,#9758,#9767,#9776,#9785,#9794,#9803,#9812,
    #9821,#9830,#9839,#9848,#9857,#9866,#9875,#9884,#9893,#9902),#4857);
#9125 = STYLED_ITEM('color',(#9126),#2355);
#9126 = PRESENTATION_STYLE_ASSIGNMENT((#9127,#9133));
#9127 = SURFACE_STYLE_USAGE(.BOTH.,#9128);
#9128 = SURFACE_SIDE_STYLE('',(#9129));
#9129 = SURFACE_STYLE_FILL_AREA(#9130);
#9130 = FILL_AREA_STYLE('',(#9131));
#9131 = FILL_AREA_STYLE_COLOUR('',#9132);
#9132 = COLOUR_RGB('',0.587999997538,0.587999997538,0.587999997538);
#9133 = CURVE_STYLE('',#9134,POSITIVE_LENGTH_MEASURE(0.1),#9132);
#9134 = DRAUGHTING_PRE_DEFINED_CURVE_FONT('continuous');
#9135 = STYLED_ITEM('color',(#9136),#2387);
#9136 = PRESENTATION_STYLE_ASSIGNMENT((#9137,#9142));
#9137 = SURFACE_STYLE_USAGE(.BOTH.,#9138);
#9138 = SURFACE_SIDE_STYLE('',(#9139));
#9139 = SURFACE_STYLE_FILL_AREA(#9140);
#9140 = FILL_AREA_STYLE('',(#9141));
#9141 = FILL_AREA_STYLE_COLOUR('',#9132);
#9142 = CURVE_STYLE('',#9143,POSITIVE_LENGTH_MEASURE(0.1),#9132);
#9143 = DRAUGHTING_PRE_DEFINED_CURVE_FONT('continuous');
#9144 = STYLED_ITEM('color',(#9145),#2396);
#9145 = PRESENTATION_STYLE_ASSIGNMENT((#9146,#9151));
#9146 = SURFACE_STYLE_USAGE(.BOTH.,#9147);
#9147 = SURFACE_SIDE_STYLE('',(#9148));
#9148 = SURFACE_STYLE_FILL_AREA(#9149);
#9149 = FILL_AREA_STYLE('',(#9150));
#9150 = FILL_AREA_STYLE_COLOUR('',#9132);
#9151 = CURVE_STYLE('',#9152,POSITIVE_LENGTH_MEASURE(0.1),#9132);
#9152 = DRAUGHTING_PRE_DEFINED_CURVE_FONT('continuous');
#9153 = STYLED_ITEM('color',(#9154),#2407);
#9154 = PRESENTATION_STYLE_ASSIGNMENT((#9155,#9161));
#9155 = SURFACE_STYLE_USAGE(.BOTH.,#9156);
#9156 = SURFACE_SIDE_STYLE('',(#9157));
#9157 = SURFACE_STYLE_FILL_AREA(#9158);
#9158 = FILL_AREA_STYLE('',(#9159));
#9159 = FILL_AREA_STYLE_COLOUR('',#9160);
#9160 = COLOUR_RGB('',0.196000005209,0.196000005209,0.196000005209);
#9161 = CURVE_STYLE('',#9162,POSITIVE_LENGTH_MEASURE(0.1),#9160);
#9162 = DRAUGHTING_PRE_DEFINED_CURVE_FONT('continuous');
#9163 = STYLED_ITEM('color',(#9164),#2447);
#9164 = PRESENTATION_STYLE_ASSIGNMENT((#9165,#9170));
#9165 = SURFACE_STYLE_USAGE(.BOTH.,#9166);
#9166 = SURFACE_SIDE_STYLE('',(#9167));
#9167 = SURFACE_STYLE_FILL_AREA(#9168);
#9168 = FILL_AREA_STYLE('',(#9169));
#9169 = FILL_AREA_STYLE_COLOUR('',#9160);
#9170 = CURVE_STYLE('',#9171,POSITIVE_LENGTH_MEASURE(0.1),#9160);
#9171 = DRAUGHTING_PRE_DEFINED_CURVE_FONT('continuous');
#9172 = STYLED_ITEM('color',(#9173),#2478);
#9173 = PRESENTATION_STYLE_ASSIGNMENT((#9174,#9179));
#9174 = SURFACE_STYLE_USAGE(.BOTH.,#9175);
#9175 = SURFACE_SIDE_STYLE('',(#9176));
#9176 = SURFACE_STYLE_FILL_AREA(#9177);
#9177 = FILL_AREA_STYLE('',(#9178));
#9178 = FILL_AREA_STYLE_COLOUR('',#9160);
#9179 = CURVE_STYLE('',#9180,POSITIVE_LENGTH_MEASURE(0.1),#9160);
#9180 = DRAUGHTING_PRE_DEFINED_CURVE_FONT('continuous');
#9181 = STYLED_ITEM('color',(#9182),#2502);
#9182 = PRESENTATION_STYLE_ASSIGNMENT((#9183,#9188));
#9183 = SURFACE_STYLE_USAGE(.BOTH.,#9184);
#9184 = SURFACE_SIDE_STYLE('',(#9185));
#9185 = SURFACE_STYLE_FILL_AREA(#9186);
#9186 = FILL_AREA_STYLE('',(#9187));
#9187 = FILL_AREA_STYLE_COLOUR('',#9160);
#9188 = CURVE_STYLE('',#9189,POSITIVE_LENGTH_MEASURE(0.1),#9160);
#9189 = DRAUGHTING_PRE_DEFINED_CURVE_FONT('continuous');
#9190 = STYLED_ITEM('color',(#9191),#2526);
#9191 = PRESENTATION_STYLE_ASSIGNMENT((#9192,#9197));
#9192 = SURFACE_STYLE_USAGE(.BOTH.,#9193);
#9193 = SURFACE_SIDE_STYLE('',(#9194));
#9194 = SURFACE_STYLE_FILL_AREA(#9195);
#9195 = FILL_AREA_STYLE('',(#9196));
#9196 = FILL_AREA_STYLE_COLOUR('',#9160);
#9197 = CURVE_STYLE('',#9198,POSITIVE_LENGTH_MEASURE(0.1),#9160);
#9198 = DRAUGHTING_PRE_DEFINED_CURVE_FONT('continuous');
#9199 = STYLED_ITEM('color',(#9200),#2543);
#9200 = PRESENTATION_STYLE_ASSIGNMENT((#9201,#9206));
#9201 = SURFACE_STYLE_USAGE(.BOTH.,#9202);
#9202 = SURFACE_SIDE_STYLE('',(#9203));
#9203 = SURFACE_STYLE_FILL_AREA(#9204);
#9204 = FILL_AREA_STYLE('',(#9205));
#9205 = FILL_AREA_STYLE_COLOUR('',#9160);
#9206 = CURVE_STYLE('',#9207,POSITIVE_LENGTH_MEASURE(0.1),#9160);
#9207 = DRAUGHTING_PRE_DEFINED_CURVE_FONT('continuous');
#9208 = STYLED_ITEM('color',(#9209),#2574);
#9209 = PRESENTATION_STYLE_ASSIGNMENT((#9210,#9215));
#9210 = SURFACE_STYLE_USAGE(.BOTH.,#9211);
#9211 = SURFACE_SIDE_STYLE('',(#9212));
#9212 = SURFACE_STYLE_FILL_AREA(#9213);
#9213 = FILL_AREA_STYLE('',(#9214));
#9214 = FILL_AREA_STYLE_COLOUR('',#9160);
#9215 = CURVE_STYLE('',#9216,POSITIVE_LENGTH_MEASURE(0.1),#9160);
#9216 = DRAUGHTING_PRE_DEFINED_CURVE_FONT('continuous');
#9217 = STYLED_ITEM('color',(#9218),#2598);
#9218 = PRESENTATION_STYLE_ASSIGNMENT((#9219,#9224));
#9219 = SURFACE_STYLE_USAGE(.BOTH.,#9220);
#9220 = SURFACE_SIDE_STYLE('',(#9221));
#9221 = SURFACE_STYLE_FILL_AREA(#9222);
#9222 = FILL_AREA_STYLE('',(#9223));
#9223 = FILL_AREA_STYLE_COLOUR('',#9160);
#9224 = CURVE_STYLE('',#9225,POSITIVE_LENGTH_MEASURE(0.1),#9160);
#9225 = DRAUGHTING_PRE_DEFINED_CURVE_FONT('continuous');
#9226 = STYLED_ITEM('color',(#9227),#2622);
#9227 = PRESENTATION_STYLE_ASSIGNMENT((#9228,#9233));
#9228 = SURFACE_STYLE_USAGE(.BOTH.,#9229);
#9229 = SURFACE_SIDE_STYLE('',(#9230));
#9230 = SURFACE_STYLE_FILL_AREA(#9231);
#9231 = FILL_AREA_STYLE('',(#9232));
#9232 = FILL_AREA_STYLE_COLOUR('',#9160);
#9233 = CURVE_STYLE('',#9234,POSITIVE_LENGTH_MEASURE(0.1),#9160);
#9234 = DRAUGHTING_PRE_DEFINED_CURVE_FONT('continuous');
#9235 = STYLED_ITEM('color',(#9236),#2639);
#9236 = PRESENTATION_STYLE_ASSIGNMENT((#9237,#9242));
#9237 = SURFACE_STYLE_USAGE(.BOTH.,#9238);
#9238 = SURFACE_SIDE_STYLE('',(#9239));
#9239 = SURFACE_STYLE_FILL_AREA(#9240);
#9240 = FILL_AREA_STYLE('',(#9241));
#9241 = FILL_AREA_STYLE_COLOUR('',#9160);
#9242 = CURVE_STYLE('',#9243,POSITIVE_LENGTH_MEASURE(0.1),#9160);
#9243 = DRAUGHTING_PRE_DEFINED_CURVE_FONT('continuous');
#9244 = STYLED_ITEM('color',(#9245),#2670);
#9245 = PRESENTATION_STYLE_ASSIGNMENT((#9246,#9251));
#9246 = SURFACE_STYLE_USAGE(.BOTH.,#9247);
#9247 = SURFACE_SIDE_STYLE('',(#9248));
#9248 = SURFACE_STYLE_FILL_AREA(#9249);
#9249 = FILL_AREA_STYLE('',(#9250));
#9250 = FILL_AREA_STYLE_COLOUR('',#9160);
#9251 = CURVE_STYLE('',#9252,POSITIVE_LENGTH_MEASURE(0.1),#9160);
#9252 = DRAUGHTING_PRE_DEFINED_CURVE_FONT('continuous');
#9253 = STYLED_ITEM('color',(#9254),#2694);
#9254 = PRESENTATION_STYLE_ASSIGNMENT((#9255,#9260));
#9255 = SURFACE_STYLE_USAGE(.BOTH.,#9256);
#9256 = SURFACE_SIDE_STYLE('',(#9257));
#9257 = SURFACE_STYLE_FILL_AREA(#9258);
#9258 = FILL_AREA_STYLE('',(#9259));
#9259 = FILL_AREA_STYLE_COLOUR('',#9160);
#9260 = CURVE_STYLE('',#9261,POSITIVE_LENGTH_MEASURE(0.1),#9160);
#9261 = DRAUGHTING_PRE_DEFINED_CURVE_FONT('continuous');
#9262 = STYLED_ITEM('color',(#9263),#2718);
#9263 = PRESENTATION_STYLE_ASSIGNMENT((#9264,#9269));
#9264 = SURFACE_STYLE_USAGE(.BOTH.,#9265);
#9265 = SURFACE_SIDE_STYLE('',(#9266));
#9266 = SURFACE_STYLE_FILL_AREA(#9267);
#9267 = FILL_AREA_STYLE('',(#9268));
#9268 = FILL_AREA_STYLE_COLOUR('',#9160);
#9269 = CURVE_STYLE('',#9270,POSITIVE_LENGTH_MEASURE(0.1),#9160);
#9270 = DRAUGHTING_PRE_DEFINED_CURVE_FONT('continuous');
#9271 = STYLED_ITEM('color',(#9272),#2735);
#9272 = PRESENTATION_STYLE_ASSIGNMENT((#9273,#9278));
#9273 = SURFACE_STYLE_USAGE(.BOTH.,#9274);
#9274 = SURFACE_SIDE_STYLE('',(#9275));
#9275 = SURFACE_STYLE_FILL_AREA(#9276);
#9276 = FILL_AREA_STYLE('',(#9277));
#9277 = FILL_AREA_STYLE_COLOUR('',#9160);
#9278 = CURVE_STYLE('',#9279,POSITIVE_LENGTH_MEASURE(0.1),#9160);
#9279 = DRAUGHTING_PRE_DEFINED_CURVE_FONT('continuous');
#9280 = STYLED_ITEM('color',(#9281),#2749);
#9281 = PRESENTATION_STYLE_ASSIGNMENT((#9282,#9288));
#9282 = SURFACE_STYLE_USAGE(.BOTH.,#9283);
#9283 = SURFACE_SIDE_STYLE('',(#9284));
#9284 = SURFACE_STYLE_FILL_AREA(#9285);
#9285 = FILL_AREA_STYLE('',(#9286));
#9286 = FILL_AREA_STYLE_COLOUR('',#9287);
#9287 = COLOUR_RGB('',0.72499999117,0.72499999117,0.72499999117);
#9288 = CURVE_STYLE('',#9289,POSITIVE_LENGTH_MEASURE(0.1),#9287);
#9289 = DRAUGHTING_PRE_DEFINED_CURVE_FONT('continuous');
#9290 = STYLED_ITEM('color',(#9291),#2789);
#9291 = PRESENTATION_STYLE_ASSIGNMENT((#9292,#9297));
#9292 = SURFACE_STYLE_USAGE(.BOTH.,#9293);
#9293 = SURFACE_SIDE_STYLE('',(#9294));
#9294 = SURFACE_STYLE_FILL_AREA(#9295);
#9295 = FILL_AREA_STYLE('',(#9296));
#9296 = FILL_AREA_STYLE_COLOUR('',#9287);
#9297 = CURVE_STYLE('',#9298,POSITIVE_LENGTH_MEASURE(0.1),#9287);
#9298 = DRAUGHTING_PRE_DEFINED_CURVE_FONT('continuous');
#9299 = STYLED_ITEM('color',(#9300),#2820);
#9300 = PRESENTATION_STYLE_ASSIGNMENT((#9301,#9306));
#9301 = SURFACE_STYLE_USAGE(.BOTH.,#9302);
#9302 = SURFACE_SIDE_STYLE('',(#9303));
#9303 = SURFACE_STYLE_FILL_AREA(#9304);
#9304 = FILL_AREA_STYLE('',(#9305));
#9305 = FILL_AREA_STYLE_COLOUR('',#9287);
#9306 = CURVE_STYLE('',#9307,POSITIVE_LENGTH_MEASURE(0.1),#9287);
#9307 = DRAUGHTING_PRE_DEFINED_CURVE_FONT('continuous');
#9308 = STYLED_ITEM('color',(#9309),#2851);
#9309 = PRESENTATION_STYLE_ASSIGNMENT((#9310,#9315));
#9310 = SURFACE_STYLE_USAGE(.BOTH.,#9311);
#9311 = SURFACE_SIDE_STYLE('',(#9312));
#9312 = SURFACE_STYLE_FILL_AREA(#9313);
#9313 = FILL_AREA_STYLE('',(#9314));
#9314 = FILL_AREA_STYLE_COLOUR('',#9287);
#9315 = CURVE_STYLE('',#9316,POSITIVE_LENGTH_MEASURE(0.1),#9287);
#9316 = DRAUGHTING_PRE_DEFINED_CURVE_FONT('continuous');
#9317 = STYLED_ITEM('color',(#9318),#2891);
#9318 = PRESENTATION_STYLE_ASSIGNMENT((#9319,#9324));
#9319 = SURFACE_STYLE_USAGE(.BOTH.,#9320);
#9320 = SURFACE_SIDE_STYLE('',(#9321));
#9321 = SURFACE_STYLE_FILL_AREA(#9322);
#9322 = FILL_AREA_STYLE('',(#9323));
#9323 = FILL_AREA_STYLE_COLOUR('',#9287);
#9324 = CURVE_STYLE('',#9325,POSITIVE_LENGTH_MEASURE(0.1),#9287);
#9325 = DRAUGHTING_PRE_DEFINED_CURVE_FONT('continuous');
#9326 = STYLED_ITEM('color',(#9327),#2931);
#9327 = PRESENTATION_STYLE_ASSIGNMENT((#9328,#9333));
#9328 = SURFACE_STYLE_USAGE(.BOTH.,#9329);
#9329 = SURFACE_SIDE_STYLE('',(#9330));
#9330 = SURFACE_STYLE_FILL_AREA(#9331);
#9331 = FILL_AREA_STYLE('',(#9332));
#9332 = FILL_AREA_STYLE_COLOUR('',#9287);
#9333 = CURVE_STYLE('',#9334,POSITIVE_LENGTH_MEASURE(0.1),#9287);
#9334 = DRAUGHTING_PRE_DEFINED_CURVE_FONT('continuous');
#9335 = STYLED_ITEM('color',(#9336),#2971);
#9336 = PRESENTATION_STYLE_ASSIGNMENT((#9337,#9342));
#9337 = SURFACE_STYLE_USAGE(.BOTH.,#9338);
#9338 = SURFACE_SIDE_STYLE('',(#9339));
#9339 = SURFACE_STYLE_FILL_AREA(#9340);
#9340 = FILL_AREA_STYLE('',(#9341));
#9341 = FILL_AREA_STYLE_COLOUR('',#9287);
#9342 = CURVE_STYLE('',#9343,POSITIVE_LENGTH_MEASURE(0.1),#9287);
#9343 = DRAUGHTING_PRE_DEFINED_CURVE_FONT('continuous');
#9344 = STYLED_ITEM('color',(#9345),#3011);
#9345 = PRESENTATION_STYLE_ASSIGNMENT((#9346,#9351));
#9346 = SURFACE_STYLE_USAGE(.BOTH.,#9347);
#9347 = SURFACE_SIDE_STYLE('',(#9348));
#9348 = SURFACE_STYLE_FILL_AREA(#9349);
#9349 = FILL_AREA_STYLE('',(#9350));
#9350 = FILL_AREA_STYLE_COLOUR('',#9287);
#9351 = CURVE_STYLE('',#9352,POSITIVE_LENGTH_MEASURE(0.1),#9287);
#9352 = DRAUGHTING_PRE_DEFINED_CURVE_FONT('continuous');
#9353 = STYLED_ITEM('color',(#9354),#3033);
#9354 = PRESENTATION_STYLE_ASSIGNMENT((#9355,#9360));
#9355 = SURFACE_STYLE_USAGE(.BOTH.,#9356);
#9356 = SURFACE_SIDE_STYLE('',(#9357));
#9357 = SURFACE_STYLE_FILL_AREA(#9358);
#9358 = FILL_AREA_STYLE('',(#9359));
#9359 = FILL_AREA_STYLE_COLOUR('',#9287);
#9360 = CURVE_STYLE('',#9361,POSITIVE_LENGTH_MEASURE(0.1),#9287);
#9361 = DRAUGHTING_PRE_DEFINED_CURVE_FONT('continuous');
#9362 = STYLED_ITEM('color',(#9363),#3057);
#9363 = PRESENTATION_STYLE_ASSIGNMENT((#9364,#9369));
#9364 = SURFACE_STYLE_USAGE(.BOTH.,#9365);
#9365 = SURFACE_SIDE_STYLE('',(#9366));
#9366 = SURFACE_STYLE_FILL_AREA(#9367);
#9367 = FILL_AREA_STYLE('',(#9368));
#9368 = FILL_AREA_STYLE_COLOUR('',#9287);
#9369 = CURVE_STYLE('',#9370,POSITIVE_LENGTH_MEASURE(0.1),#9287);
#9370 = DRAUGHTING_PRE_DEFINED_CURVE_FONT('continuous');
#9371 = STYLED_ITEM('color',(#9372),#3081);
#9372 = PRESENTATION_STYLE_ASSIGNMENT((#9373,#9378));
#9373 = SURFACE_STYLE_USAGE(.BOTH.,#9374);
#9374 = SURFACE_SIDE_STYLE('',(#9375));
#9375 = SURFACE_STYLE_FILL_AREA(#9376);
#9376 = FILL_AREA_STYLE('',(#9377));
#9377 = FILL_AREA_STYLE_COLOUR('',#9287);
#9378 = CURVE_STYLE('',#9379,POSITIVE_LENGTH_MEASURE(0.1),#9287);
#9379 = DRAUGHTING_PRE_DEFINED_CURVE_FONT('continuous');
#9380 = STYLED_ITEM('color',(#9381),#3105);
#9381 = PRESENTATION_STYLE_ASSIGNMENT((#9382,#9387));
#9382 = SURFACE_STYLE_USAGE(.BOTH.,#9383);
#9383 = SURFACE_SIDE_STYLE('',(#9384));
#9384 = SURFACE_STYLE_FILL_AREA(#9385);
#9385 = FILL_AREA_STYLE('',(#9386));
#9386 = FILL_AREA_STYLE_COLOUR('',#9287);
#9387 = CURVE_STYLE('',#9388,POSITIVE_LENGTH_MEASURE(0.1),#9287);
#9388 = DRAUGHTING_PRE_DEFINED_CURVE_FONT('continuous');
#9389 = STYLED_ITEM('color',(#9390),#3129);
#9390 = PRESENTATION_STYLE_ASSIGNMENT((#9391,#9396));
#9391 = SURFACE_STYLE_USAGE(.BOTH.,#9392);
#9392 = SURFACE_SIDE_STYLE('',(#9393));
#9393 = SURFACE_STYLE_FILL_AREA(#9394);
#9394 = FILL_AREA_STYLE('',(#9395));
#9395 = FILL_AREA_STYLE_COLOUR('',#9287);
#9396 = CURVE_STYLE('',#9397,POSITIVE_LENGTH_MEASURE(0.1),#9287);
#9397 = DRAUGHTING_PRE_DEFINED_CURVE_FONT('continuous');
#9398 = STYLED_ITEM('color',(#9399),#3149);
#9399 = PRESENTATION_STYLE_ASSIGNMENT((#9400,#9405));
#9400 = SURFACE_STYLE_USAGE(.BOTH.,#9401);
#9401 = SURFACE_SIDE_STYLE('',(#9402));
#9402 = SURFACE_STYLE_FILL_AREA(#9403);
#9403 = FILL_AREA_STYLE('',(#9404));
#9404 = FILL_AREA_STYLE_COLOUR('',#9287);
#9405 = CURVE_STYLE('',#9406,POSITIVE_LENGTH_MEASURE(0.1),#9287);
#9406 = DRAUGHTING_PRE_DEFINED_CURVE_FONT('continuous');
#9407 = STYLED_ITEM('color',(#9408),#3171);
#9408 = PRESENTATION_STYLE_ASSIGNMENT((#9409,#9414));
#9409 = SURFACE_STYLE_USAGE(.BOTH.,#9410);
#9410 = SURFACE_SIDE_STYLE('',(#9411));
#9411 = SURFACE_STYLE_FILL_AREA(#9412);
#9412 = FILL_AREA_STYLE('',(#9413));
#9413 = FILL_AREA_STYLE_COLOUR('',#9287);
#9414 = CURVE_STYLE('',#9415,POSITIVE_LENGTH_MEASURE(0.1),#9287);
#9415 = DRAUGHTING_PRE_DEFINED_CURVE_FONT('continuous');
#9416 = STYLED_ITEM('color',(#9417),#3211);
#9417 = PRESENTATION_STYLE_ASSIGNMENT((#9418,#9423));
#9418 = SURFACE_STYLE_USAGE(.BOTH.,#9419);
#9419 = SURFACE_SIDE_STYLE('',(#9420));
#9420 = SURFACE_STYLE_FILL_AREA(#9421);
#9421 = FILL_AREA_STYLE('',(#9422));
#9422 = FILL_AREA_STYLE_COLOUR('',#9287);
#9423 = CURVE_STYLE('',#9424,POSITIVE_LENGTH_MEASURE(0.1),#9287);
#9424 = DRAUGHTING_PRE_DEFINED_CURVE_FONT('continuous');
#9425 = STYLED_ITEM('color',(#9426),#3242);
#9426 = PRESENTATION_STYLE_ASSIGNMENT((#9427,#9432));
#9427 = SURFACE_STYLE_USAGE(.BOTH.,#9428);
#9428 = SURFACE_SIDE_STYLE('',(#9429));
#9429 = SURFACE_STYLE_FILL_AREA(#9430);
#9430 = FILL_AREA_STYLE('',(#9431));
#9431 = FILL_AREA_STYLE_COLOUR('',#9287);
#9432 = CURVE_STYLE('',#9433,POSITIVE_LENGTH_MEASURE(0.1),#9287);
#9433 = DRAUGHTING_PRE_DEFINED_CURVE_FONT('continuous');
#9434 = STYLED_ITEM('color',(#9435),#3273);
#9435 = PRESENTATION_STYLE_ASSIGNMENT((#9436,#9441));
#9436 = SURFACE_STYLE_USAGE(.BOTH.,#9437);
#9437 = SURFACE_SIDE_STYLE('',(#9438));
#9438 = SURFACE_STYLE_FILL_AREA(#9439);
#9439 = FILL_AREA_STYLE('',(#9440));
#9440 = FILL_AREA_STYLE_COLOUR('',#9287);
#9441 = CURVE_STYLE('',#9442,POSITIVE_LENGTH_MEASURE(0.1),#9287);
#9442 = DRAUGHTING_PRE_DEFINED_CURVE_FONT('continuous');
#9443 = STYLED_ITEM('color',(#9444),#3313);
#9444 = PRESENTATION_STYLE_ASSIGNMENT((#9445,#9450));
#9445 = SURFACE_STYLE_USAGE(.BOTH.,#9446);
#9446 = SURFACE_SIDE_STYLE('',(#9447));
#9447 = SURFACE_STYLE_FILL_AREA(#9448);
#9448 = FILL_AREA_STYLE('',(#9449));
#9449 = FILL_AREA_STYLE_COLOUR('',#9287);
#9450 = CURVE_STYLE('',#9451,POSITIVE_LENGTH_MEASURE(0.1),#9287);
#9451 = DRAUGHTING_PRE_DEFINED_CURVE_FONT('continuous');
#9452 = STYLED_ITEM('color',(#9453),#3353);
#9453 = PRESENTATION_STYLE_ASSIGNMENT((#9454,#9459));
#9454 = SURFACE_STYLE_USAGE(.BOTH.,#9455);
#9455 = SURFACE_SIDE_STYLE('',(#9456));
#9456 = SURFACE_STYLE_FILL_AREA(#9457);
#9457 = FILL_AREA_STYLE('',(#9458));
#9458 = FILL_AREA_STYLE_COLOUR('',#9287);
#9459 = CURVE_STYLE('',#9460,POSITIVE_LENGTH_MEASURE(0.1),#9287);
#9460 = DRAUGHTING_PRE_DEFINED_CURVE_FONT('continuous');
#9461 = STYLED_ITEM('color',(#9462),#3393);
#9462 = PRESENTATION_STYLE_ASSIGNMENT((#9463,#9468));
#9463 = SURFACE_STYLE_USAGE(.BOTH.,#9464);
#9464 = SURFACE_SIDE_STYLE('',(#9465));
#9465 = SURFACE_STYLE_FILL_AREA(#9466);
#9466 = FILL_AREA_STYLE('',(#9467));
#9467 = FILL_AREA_STYLE_COLOUR('',#9287);
#9468 = CURVE_STYLE('',#9469,POSITIVE_LENGTH_MEASURE(0.1),#9287);
#9469 = DRAUGHTING_PRE_DEFINED_CURVE_FONT('continuous');
#9470 = STYLED_ITEM('color',(#9471),#3433);
#9471 = PRESENTATION_STYLE_ASSIGNMENT((#9472,#9477));
#9472 = SURFACE_STYLE_USAGE(.BOTH.,#9473);
#9473 = SURFACE_SIDE_STYLE('',(#9474));
#9474 = SURFACE_STYLE_FILL_AREA(#9475);
#9475 = FILL_AREA_STYLE('',(#9476));
#9476 = FILL_AREA_STYLE_COLOUR('',#9287);
#9477 = CURVE_STYLE('',#9478,POSITIVE_LENGTH_MEASURE(0.1),#9287);
#9478 = DRAUGHTING_PRE_DEFINED_CURVE_FONT('continuous');
#9479 = STYLED_ITEM('color',(#9480),#3455);
#9480 = PRESENTATION_STYLE_ASSIGNMENT((#9481,#9486));
#9481 = SURFACE_STYLE_USAGE(.BOTH.,#9482);
#9482 = SURFACE_SIDE_STYLE('',(#9483));
#9483 = SURFACE_STYLE_FILL_AREA(#9484);
#9484 = FILL_AREA_STYLE('',(#9485));
#9485 = FILL_AREA_STYLE_COLOUR('',#9287);
#9486 = CURVE_STYLE('',#9487,POSITIVE_LENGTH_MEASURE(0.1),#9287);
#9487 = DRAUGHTING_PRE_DEFINED_CURVE_FONT('continuous');
#9488 = STYLED_ITEM('color',(#9489),#3479);
#9489 = PRESENTATION_STYLE_ASSIGNMENT((#9490,#9495));
#9490 = SURFACE_STYLE_USAGE(.BOTH.,#9491);
#9491 = SURFACE_SIDE_STYLE('',(#9492));
#9492 = SURFACE_STYLE_FILL_AREA(#9493);
#9493 = FILL_AREA_STYLE('',(#9494));
#9494 = FILL_AREA_STYLE_COLOUR('',#9287);
#9495 = CURVE_STYLE('',#9496,POSITIVE_LENGTH_MEASURE(0.1),#9287);
#9496 = DRAUGHTING_PRE_DEFINED_CURVE_FONT('continuous');
#9497 = STYLED_ITEM('color',(#9498),#3503);
#9498 = PRESENTATION_STYLE_ASSIGNMENT((#9499,#9504));
#9499 = SURFACE_STYLE_USAGE(.BOTH.,#9500);
#9500 = SURFACE_SIDE_STYLE('',(#9501));
#9501 = SURFACE_STYLE_FILL_AREA(#9502);
#9502 = FILL_AREA_STYLE('',(#9503));
#9503 = FILL_AREA_STYLE_COLOUR('',#9287);
#9504 = CURVE_STYLE('',#9505,POSITIVE_LENGTH_MEASURE(0.1),#9287);
#9505 = DRAUGHTING_PRE_DEFINED_CURVE_FONT('continuous');
#9506 = STYLED_ITEM('color',(#9507),#3527);
#9507 = PRESENTATION_STYLE_ASSIGNMENT((#9508,#9513));
#9508 = SURFACE_STYLE_USAGE(.BOTH.,#9509);
#9509 = SURFACE_SIDE_STYLE('',(#9510));
#9510 = SURFACE_STYLE_FILL_AREA(#9511);
#9511 = FILL_AREA_STYLE('',(#9512));
#9512 = FILL_AREA_STYLE_COLOUR('',#9287);
#9513 = CURVE_STYLE('',#9514,POSITIVE_LENGTH_MEASURE(0.1),#9287);
#9514 = DRAUGHTING_PRE_DEFINED_CURVE_FONT('continuous');
#9515 = STYLED_ITEM('color',(#9516),#3551);
#9516 = PRESENTATION_STYLE_ASSIGNMENT((#9517,#9522));
#9517 = SURFACE_STYLE_USAGE(.BOTH.,#9518);
#9518 = SURFACE_SIDE_STYLE('',(#9519));
#9519 = SURFACE_STYLE_FILL_AREA(#9520);
#9520 = FILL_AREA_STYLE('',(#9521));
#9521 = FILL_AREA_STYLE_COLOUR('',#9287);
#9522 = CURVE_STYLE('',#9523,POSITIVE_LENGTH_MEASURE(0.1),#9287);
#9523 = DRAUGHTING_PRE_DEFINED_CURVE_FONT('continuous');
#9524 = STYLED_ITEM('color',(#9525),#3571);
#9525 = PRESENTATION_STYLE_ASSIGNMENT((#9526,#9531));
#9526 = SURFACE_STYLE_USAGE(.BOTH.,#9527);
#9527 = SURFACE_SIDE_STYLE('',(#9528));
#9528 = SURFACE_STYLE_FILL_AREA(#9529);
#9529 = FILL_AREA_STYLE('',(#9530));
#9530 = FILL_AREA_STYLE_COLOUR('',#9287);
#9531 = CURVE_STYLE('',#9532,POSITIVE_LENGTH_MEASURE(0.1),#9287);
#9532 = DRAUGHTING_PRE_DEFINED_CURVE_FONT('continuous');
#9533 = STYLED_ITEM('color',(#9534),#3593);
#9534 = PRESENTATION_STYLE_ASSIGNMENT((#9535,#9540));
#9535 = SURFACE_STYLE_USAGE(.BOTH.,#9536);
#9536 = SURFACE_SIDE_STYLE('',(#9537));
#9537 = SURFACE_STYLE_FILL_AREA(#9538);
#9538 = FILL_AREA_STYLE('',(#9539));
#9539 = FILL_AREA_STYLE_COLOUR('',#9287);
#9540 = CURVE_STYLE('',#9541,POSITIVE_LENGTH_MEASURE(0.1),#9287);
#9541 = DRAUGHTING_PRE_DEFINED_CURVE_FONT('continuous');
#9542 = STYLED_ITEM('color',(#9543),#3633);
#9543 = PRESENTATION_STYLE_ASSIGNMENT((#9544,#9549));
#9544 = SURFACE_STYLE_USAGE(.BOTH.,#9545);
#9545 = SURFACE_SIDE_STYLE('',(#9546));
#9546 = SURFACE_STYLE_FILL_AREA(#9547);
#9547 = FILL_AREA_STYLE('',(#9548));
#9548 = FILL_AREA_STYLE_COLOUR('',#9287);
#9549 = CURVE_STYLE('',#9550,POSITIVE_LENGTH_MEASURE(0.1),#9287);
#9550 = DRAUGHTING_PRE_DEFINED_CURVE_FONT('continuous');
#9551 = STYLED_ITEM('color',(#9552),#3664);
#9552 = PRESENTATION_STYLE_ASSIGNMENT((#9553,#9558));
#9553 = SURFACE_STYLE_USAGE(.BOTH.,#9554);
#9554 = SURFACE_SIDE_STYLE('',(#9555));
#9555 = SURFACE_STYLE_FILL_AREA(#9556);
#9556 = FILL_AREA_STYLE('',(#9557));
#9557 = FILL_AREA_STYLE_COLOUR('',#9287);
#9558 = CURVE_STYLE('',#9559,POSITIVE_LENGTH_MEASURE(0.1),#9287);
#9559 = DRAUGHTING_PRE_DEFINED_CURVE_FONT('continuous');
#9560 = STYLED_ITEM('color',(#9561),#3695);
#9561 = PRESENTATION_STYLE_ASSIGNMENT((#9562,#9567));
#9562 = SURFACE_STYLE_USAGE(.BOTH.,#9563);
#9563 = SURFACE_SIDE_STYLE('',(#9564));
#9564 = SURFACE_STYLE_FILL_AREA(#9565);
#9565 = FILL_AREA_STYLE('',(#9566));
#9566 = FILL_AREA_STYLE_COLOUR('',#9287);
#9567 = CURVE_STYLE('',#9568,POSITIVE_LENGTH_MEASURE(0.1),#9287);
#9568 = DRAUGHTING_PRE_DEFINED_CURVE_FONT('continuous');
#9569 = STYLED_ITEM('color',(#9570),#3735);
#9570 = PRESENTATION_STYLE_ASSIGNMENT((#9571,#9576));
#9571 = SURFACE_STYLE_USAGE(.BOTH.,#9572);
#9572 = SURFACE_SIDE_STYLE('',(#9573));
#9573 = SURFACE_STYLE_FILL_AREA(#9574);
#9574 = FILL_AREA_STYLE('',(#9575));
#9575 = FILL_AREA_STYLE_COLOUR('',#9287);
#9576 = CURVE_STYLE('',#9577,POSITIVE_LENGTH_MEASURE(0.1),#9287);
#9577 = DRAUGHTING_PRE_DEFINED_CURVE_FONT('continuous');
#9578 = STYLED_ITEM('color',(#9579),#3775);
#9579 = PRESENTATION_STYLE_ASSIGNMENT((#9580,#9585));
#9580 = SURFACE_STYLE_USAGE(.BOTH.,#9581);
#9581 = SURFACE_SIDE_STYLE('',(#9582));
#9582 = SURFACE_STYLE_FILL_AREA(#9583);
#9583 = FILL_AREA_STYLE('',(#9584));
#9584 = FILL_AREA_STYLE_COLOUR('',#9287);
#9585 = CURVE_STYLE('',#9586,POSITIVE_LENGTH_MEASURE(0.1),#9287);
#9586 = DRAUGHTING_PRE_DEFINED_CURVE_FONT('continuous');
#9587 = STYLED_ITEM('color',(#9588),#3815);
#9588 = PRESENTATION_STYLE_ASSIGNMENT((#9589,#9594));
#9589 = SURFACE_STYLE_USAGE(.BOTH.,#9590);
#9590 = SURFACE_SIDE_STYLE('',(#9591));
#9591 = SURFACE_STYLE_FILL_AREA(#9592);
#9592 = FILL_AREA_STYLE('',(#9593));
#9593 = FILL_AREA_STYLE_COLOUR('',#9287);
#9594 = CURVE_STYLE('',#9595,POSITIVE_LENGTH_MEASURE(0.1),#9287);
#9595 = DRAUGHTING_PRE_DEFINED_CURVE_FONT('continuous');
#9596 = STYLED_ITEM('color',(#9597),#3855);
#9597 = PRESENTATION_STYLE_ASSIGNMENT((#9598,#9603));
#9598 = SURFACE_STYLE_USAGE(.BOTH.,#9599);
#9599 = SURFACE_SIDE_STYLE('',(#9600));
#9600 = SURFACE_STYLE_FILL_AREA(#9601);
#9601 = FILL_AREA_STYLE('',(#9602));
#9602 = FILL_AREA_STYLE_COLOUR('',#9287);
#9603 = CURVE_STYLE('',#9604,POSITIVE_LENGTH_MEASURE(0.1),#9287);
#9604 = DRAUGHTING_PRE_DEFINED_CURVE_FONT('continuous');
#9605 = STYLED_ITEM('color',(#9606),#3877);
#9606 = PRESENTATION_STYLE_ASSIGNMENT((#9607,#9612));
#9607 = SURFACE_STYLE_USAGE(.BOTH.,#9608);
#9608 = SURFACE_SIDE_STYLE('',(#9609));
#9609 = SURFACE_STYLE_FILL_AREA(#9610);
#9610 = FILL_AREA_STYLE('',(#9611));
#9611 = FILL_AREA_STYLE_COLOUR('',#9287);
#9612 = CURVE_STYLE('',#9613,POSITIVE_LENGTH_MEASURE(0.1),#9287);
#9613 = DRAUGHTING_PRE_DEFINED_CURVE_FONT('continuous');
#9614 = STYLED_ITEM('color',(#9615),#3901);
#9615 = PRESENTATION_STYLE_ASSIGNMENT((#9616,#9621));
#9616 = SURFACE_STYLE_USAGE(.BOTH.,#9617);
#9617 = SURFACE_SIDE_STYLE('',(#9618));
#9618 = SURFACE_STYLE_FILL_AREA(#9619);
#9619 = FILL_AREA_STYLE('',(#9620));
#9620 = FILL_AREA_STYLE_COLOUR('',#9287);
#9621 = CURVE_STYLE('',#9622,POSITIVE_LENGTH_MEASURE(0.1),#9287);
#9622 = DRAUGHTING_PRE_DEFINED_CURVE_FONT('continuous');
#9623 = STYLED_ITEM('color',(#9624),#3925);
#9624 = PRESENTATION_STYLE_ASSIGNMENT((#9625,#9630));
#9625 = SURFACE_STYLE_USAGE(.BOTH.,#9626);
#9626 = SURFACE_SIDE_STYLE('',(#9627));
#9627 = SURFACE_STYLE_FILL_AREA(#9628);
#9628 = FILL_AREA_STYLE('',(#9629));
#9629 = FILL_AREA_STYLE_COLOUR('',#9287);
#9630 = CURVE_STYLE('',#9631,POSITIVE_LENGTH_MEASURE(0.1),#9287);
#9631 = DRAUGHTING_PRE_DEFINED_CURVE_FONT('continuous');
#9632 = STYLED_ITEM('color',(#9633),#3949);
#9633 = PRESENTATION_STYLE_ASSIGNMENT((#9634,#9639));
#9634 = SURFACE_STYLE_USAGE(.BOTH.,#9635);
#9635 = SURFACE_SIDE_STYLE('',(#9636));
#9636 = SURFACE_STYLE_FILL_AREA(#9637);
#9637 = FILL_AREA_STYLE('',(#9638));
#9638 = FILL_AREA_STYLE_COLOUR('',#9287);
#9639 = CURVE_STYLE('',#9640,POSITIVE_LENGTH_MEASURE(0.1),#9287);
#9640 = DRAUGHTING_PRE_DEFINED_CURVE_FONT('continuous');
#9641 = STYLED_ITEM('color',(#9642),#3973);
#9642 = PRESENTATION_STYLE_ASSIGNMENT((#9643,#9648));
#9643 = SURFACE_STYLE_USAGE(.BOTH.,#9644);
#9644 = SURFACE_SIDE_STYLE('',(#9645));
#9645 = SURFACE_STYLE_FILL_AREA(#9646);
#9646 = FILL_AREA_STYLE('',(#9647));
#9647 = FILL_AREA_STYLE_COLOUR('',#9287);
#9648 = CURVE_STYLE('',#9649,POSITIVE_LENGTH_MEASURE(0.1),#9287);
#9649 = DRAUGHTING_PRE_DEFINED_CURVE_FONT('continuous');
#9650 = STYLED_ITEM('color',(#9651),#3993);
#9651 = PRESENTATION_STYLE_ASSIGNMENT((#9652,#9657));
#9652 = SURFACE_STYLE_USAGE(.BOTH.,#9653);
#9653 = SURFACE_SIDE_STYLE('',(#9654));
#9654 = SURFACE_STYLE_FILL_AREA(#9655);
#9655 = FILL_AREA_STYLE('',(#9656));
#9656 = FILL_AREA_STYLE_COLOUR('',#9287);
#9657 = CURVE_STYLE('',#9658,POSITIVE_LENGTH_MEASURE(0.1),#9287);
#9658 = DRAUGHTING_PRE_DEFINED_CURVE_FONT('continuous');
#9659 = STYLED_ITEM('color',(#9660),#4015);
#9660 = PRESENTATION_STYLE_ASSIGNMENT((#9661,#9666));
#9661 = SURFACE_STYLE_USAGE(.BOTH.,#9662);
#9662 = SURFACE_SIDE_STYLE('',(#9663));
#9663 = SURFACE_STYLE_FILL_AREA(#9664);
#9664 = FILL_AREA_STYLE('',(#9665));
#9665 = FILL_AREA_STYLE_COLOUR('',#9287);
#9666 = CURVE_STYLE('',#9667,POSITIVE_LENGTH_MEASURE(0.1),#9287);
#9667 = DRAUGHTING_PRE_DEFINED_CURVE_FONT('continuous');
#9668 = STYLED_ITEM('color',(#9669),#4055);
#9669 = PRESENTATION_STYLE_ASSIGNMENT((#9670,#9675));
#9670 = SURFACE_STYLE_USAGE(.BOTH.,#9671);
#9671 = SURFACE_SIDE_STYLE('',(#9672));
#9672 = SURFACE_STYLE_FILL_AREA(#9673);
#9673 = FILL_AREA_STYLE('',(#9674));
#9674 = FILL_AREA_STYLE_COLOUR('',#9287);
#9675 = CURVE_STYLE('',#9676,POSITIVE_LENGTH_MEASURE(0.1),#9287);
#9676 = DRAUGHTING_PRE_DEFINED_CURVE_FONT('continuous');
#9677 = STYLED_ITEM('color',(#9678),#4086);
#9678 = PRESENTATION_STYLE_ASSIGNMENT((#9679,#9684));
#9679 = SURFACE_STYLE_USAGE(.BOTH.,#9680);
#9680 = SURFACE_SIDE_STYLE('',(#9681));
#9681 = SURFACE_STYLE_FILL_AREA(#9682);
#9682 = FILL_AREA_STYLE('',(#9683));
#9683 = FILL_AREA_STYLE_COLOUR('',#9287);
#9684 = CURVE_STYLE('',#9685,POSITIVE_LENGTH_MEASURE(0.1),#9287);
#9685 = DRAUGHTING_PRE_DEFINED_CURVE_FONT('continuous');
#9686 = STYLED_ITEM('color',(#9687),#4117);
#9687 = PRESENTATION_STYLE_ASSIGNMENT((#9688,#9693));
#9688 = SURFACE_STYLE_USAGE(.BOTH.,#9689);
#9689 = SURFACE_SIDE_STYLE('',(#9690));
#9690 = SURFACE_STYLE_FILL_AREA(#9691);
#9691 = FILL_AREA_STYLE('',(#9692));
#9692 = FILL_AREA_STYLE_COLOUR('',#9287);
#9693 = CURVE_STYLE('',#9694,POSITIVE_LENGTH_MEASURE(0.1),#9287);
#9694 = DRAUGHTING_PRE_DEFINED_CURVE_FONT('continuous');
#9695 = STYLED_ITEM('color',(#9696),#4157);
#9696 = PRESENTATION_STYLE_ASSIGNMENT((#9697,#9702));
#9697 = SURFACE_STYLE_USAGE(.BOTH.,#9698);
#9698 = SURFACE_SIDE_STYLE('',(#9699));
#9699 = SURFACE_STYLE_FILL_AREA(#9700);
#9700 = FILL_AREA_STYLE('',(#9701));
#9701 = FILL_AREA_STYLE_COLOUR('',#9287);
#9702 = CURVE_STYLE('',#9703,POSITIVE_LENGTH_MEASURE(0.1),#9287);
#9703 = DRAUGHTING_PRE_DEFINED_CURVE_FONT('continuous');
#9704 = STYLED_ITEM('color',(#9705),#4197);
#9705 = PRESENTATION_STYLE_ASSIGNMENT((#9706,#9711));
#9706 = SURFACE_STYLE_USAGE(.BOTH.,#9707);
#9707 = SURFACE_SIDE_STYLE('',(#9708));
#9708 = SURFACE_STYLE_FILL_AREA(#9709);
#9709 = FILL_AREA_STYLE('',(#9710));
#9710 = FILL_AREA_STYLE_COLOUR('',#9287);
#9711 = CURVE_STYLE('',#9712,POSITIVE_LENGTH_MEASURE(0.1),#9287);
#9712 = DRAUGHTING_PRE_DEFINED_CURVE_FONT('continuous');
#9713 = STYLED_ITEM('color',(#9714),#4237);
#9714 = PRESENTATION_STYLE_ASSIGNMENT((#9715,#9720));
#9715 = SURFACE_STYLE_USAGE(.BOTH.,#9716);
#9716 = SURFACE_SIDE_STYLE('',(#9717));
#9717 = SURFACE_STYLE_FILL_AREA(#9718);
#9718 = FILL_AREA_STYLE('',(#9719));
#9719 = FILL_AREA_STYLE_COLOUR('',#9287);
#9720 = CURVE_STYLE('',#9721,POSITIVE_LENGTH_MEASURE(0.1),#9287);
#9721 = DRAUGHTING_PRE_DEFINED_CURVE_FONT('continuous');
#9722 = STYLED_ITEM('color',(#9723),#4277);
#9723 = PRESENTATION_STYLE_ASSIGNMENT((#9724,#9729));
#9724 = SURFACE_STYLE_USAGE(.BOTH.,#9725);
#9725 = SURFACE_SIDE_STYLE('',(#9726));
#9726 = SURFACE_STYLE_FILL_AREA(#9727);
#9727 = FILL_AREA_STYLE('',(#9728));
#9728 = FILL_AREA_STYLE_COLOUR('',#9287);
#9729 = CURVE_STYLE('',#9730,POSITIVE_LENGTH_MEASURE(0.1),#9287);
#9730 = DRAUGHTING_PRE_DEFINED_CURVE_FONT('continuous');
#9731 = STYLED_ITEM('color',(#9732),#4299);
#9732 = PRESENTATION_STYLE_ASSIGNMENT((#9733,#9738));
#9733 = SURFACE_STYLE_USAGE(.BOTH.,#9734);
#9734 = SURFACE_SIDE_STYLE('',(#9735));
#9735 = SURFACE_STYLE_FILL_AREA(#9736);
#9736 = FILL_AREA_STYLE('',(#9737));
#9737 = FILL_AREA_STYLE_COLOUR('',#9287);
#9738 = CURVE_STYLE('',#9739,POSITIVE_LENGTH_MEASURE(0.1),#9287);
#9739 = DRAUGHTING_PRE_DEFINED_CURVE_FONT('continuous');
#9740 = STYLED_ITEM('color',(#9741),#4323);
#9741 = PRESENTATION_STYLE_ASSIGNMENT((#9742,#9747));
#9742 = SURFACE_STYLE_USAGE(.BOTH.,#9743);
#9743 = SURFACE_SIDE_STYLE('',(#9744));
#9744 = SURFACE_STYLE_FILL_AREA(#9745);
#9745 = FILL_AREA_STYLE('',(#9746));
#9746 = FILL_AREA_STYLE_COLOUR('',#9287);
#9747 = CURVE_STYLE('',#9748,POSITIVE_LENGTH_MEASURE(0.1),#9287);
#9748 = DRAUGHTING_PRE_DEFINED_CURVE_FONT('continuous');
#9749 = STYLED_ITEM('color',(#9750),#4347);
#9750 = PRESENTATION_STYLE_ASSIGNMENT((#9751,#9756));
#9751 = SURFACE_STYLE_USAGE(.BOTH.,#9752);
#9752 = SURFACE_SIDE_STYLE('',(#9753));
#9753 = SURFACE_STYLE_FILL_AREA(#9754);
#9754 = FILL_AREA_STYLE('',(#9755));
#9755 = FILL_AREA_STYLE_COLOUR('',#9287);
#9756 = CURVE_STYLE('',#9757,POSITIVE_LENGTH_MEASURE(0.1),#9287);
#9757 = DRAUGHTING_PRE_DEFINED_CURVE_FONT('continuous');
#9758 = STYLED_ITEM('color',(#9759),#4371);
#9759 = PRESENTATION_STYLE_ASSIGNMENT((#9760,#9765));
#9760 = SURFACE_STYLE_USAGE(.BOTH.,#9761);
#9761 = SURFACE_SIDE_STYLE('',(#9762));
#9762 = SURFACE_STYLE_FILL_AREA(#9763);
#9763 = FILL_AREA_STYLE('',(#9764));
#9764 = FILL_AREA_STYLE_COLOUR('',#9287);
#9765 = CURVE_STYLE('',#9766,POSITIVE_LENGTH_MEASURE(0.1),#9287);
#9766 = DRAUGHTING_PRE_DEFINED_CURVE_FONT('continuous');
#9767 = STYLED_ITEM('color',(#9768),#4395);
#9768 = PRESENTATION_STYLE_ASSIGNMENT((#9769,#9774));
#9769 = SURFACE_STYLE_USAGE(.BOTH.,#9770);
#9770 = SURFACE_SIDE_STYLE('',(#9771));
#9771 = SURFACE_STYLE_FILL_AREA(#9772);
#9772 = FILL_AREA_STYLE('',(#9773));
#9773 = FILL_AREA_STYLE_COLOUR('',#9287);
#9774 = CURVE_STYLE('',#9775,POSITIVE_LENGTH_MEASURE(0.1),#9287);
#9775 = DRAUGHTING_PRE_DEFINED_CURVE_FONT('continuous');
#9776 = STYLED_ITEM('color',(#9777),#4415);
#9777 = PRESENTATION_STYLE_ASSIGNMENT((#9778,#9783));
#9778 = SURFACE_STYLE_USAGE(.BOTH.,#9779);
#9779 = SURFACE_SIDE_STYLE('',(#9780));
#9780 = SURFACE_STYLE_FILL_AREA(#9781);
#9781 = FILL_AREA_STYLE('',(#9782));
#9782 = FILL_AREA_STYLE_COLOUR('',#9287);
#9783 = CURVE_STYLE('',#9784,POSITIVE_LENGTH_MEASURE(0.1),#9287);
#9784 = DRAUGHTING_PRE_DEFINED_CURVE_FONT('continuous');
#9785 = STYLED_ITEM('color',(#9786),#4437);
#9786 = PRESENTATION_STYLE_ASSIGNMENT((#9787,#9792));
#9787 = SURFACE_STYLE_USAGE(.BOTH.,#9788);
#9788 = SURFACE_SIDE_STYLE('',(#9789));
#9789 = SURFACE_STYLE_FILL_AREA(#9790);
#9790 = FILL_AREA_STYLE('',(#9791));
#9791 = FILL_AREA_STYLE_COLOUR('',#9287);
#9792 = CURVE_STYLE('',#9793,POSITIVE_LENGTH_MEASURE(0.1),#9287);
#9793 = DRAUGHTING_PRE_DEFINED_CURVE_FONT('continuous');
#9794 = STYLED_ITEM('color',(#9795),#4477);
#9795 = PRESENTATION_STYLE_ASSIGNMENT((#9796,#9801));
#9796 = SURFACE_STYLE_USAGE(.BOTH.,#9797);
#9797 = SURFACE_SIDE_STYLE('',(#9798));
#9798 = SURFACE_STYLE_FILL_AREA(#9799);
#9799 = FILL_AREA_STYLE('',(#9800));
#9800 = FILL_AREA_STYLE_COLOUR('',#9287);
#9801 = CURVE_STYLE('',#9802,POSITIVE_LENGTH_MEASURE(0.1),#9287);
#9802 = DRAUGHTING_PRE_DEFINED_CURVE_FONT('continuous');
#9803 = STYLED_ITEM('color',(#9804),#4508);
#9804 = PRESENTATION_STYLE_ASSIGNMENT((#9805,#9810));
#9805 = SURFACE_STYLE_USAGE(.BOTH.,#9806);
#9806 = SURFACE_SIDE_STYLE('',(#9807));
#9807 = SURFACE_STYLE_FILL_AREA(#9808);
#9808 = FILL_AREA_STYLE('',(#9809));
#9809 = FILL_AREA_STYLE_COLOUR('',#9287);
#9810 = CURVE_STYLE('',#9811,POSITIVE_LENGTH_MEASURE(0.1),#9287);
#9811 = DRAUGHTING_PRE_DEFINED_CURVE_FONT('continuous');
#9812 = STYLED_ITEM('color',(#9813),#4539);
#9813 = PRESENTATION_STYLE_ASSIGNMENT((#9814,#9819));
#9814 = SURFACE_STYLE_USAGE(.BOTH.,#9815);
#9815 = SURFACE_SIDE_STYLE('',(#9816));
#9816 = SURFACE_STYLE_FILL_AREA(#9817);
#9817 = FILL_AREA_STYLE('',(#9818));
#9818 = FILL_AREA_STYLE_COLOUR('',#9287);
#9819 = CURVE_STYLE('',#9820,POSITIVE_LENGTH_MEASURE(0.1),#9287);
#9820 = DRAUGHTING_PRE_DEFINED_CURVE_FONT('continuous');
#9821 = STYLED_ITEM('color',(#9822),#4579);
#9822 = PRESENTATION_STYLE_ASSIGNMENT((#9823,#9828));
#9823 = SURFACE_STYLE_USAGE(.BOTH.,#9824);
#9824 = SURFACE_SIDE_STYLE('',(#9825));
#9825 = SURFACE_STYLE_FILL_AREA(#9826);
#9826 = FILL_AREA_STYLE('',(#9827));
#9827 = FILL_AREA_STYLE_COLOUR('',#9287);
#9828 = CURVE_STYLE('',#9829,POSITIVE_LENGTH_MEASURE(0.1),#9287);
#9829 = DRAUGHTING_PRE_DEFINED_CURVE_FONT('continuous');
#9830 = STYLED_ITEM('color',(#9831),#4619);
#9831 = PRESENTATION_STYLE_ASSIGNMENT((#9832,#9837));
#9832 = SURFACE_STYLE_USAGE(.BOTH.,#9833);
#9833 = SURFACE_SIDE_STYLE('',(#9834));
#9834 = SURFACE_STYLE_FILL_AREA(#9835);
#9835 = FILL_AREA_STYLE('',(#9836));
#9836 = FILL_AREA_STYLE_COLOUR('',#9287);
#9837 = CURVE_STYLE('',#9838,POSITIVE_LENGTH_MEASURE(0.1),#9287);
#9838 = DRAUGHTING_PRE_DEFINED_CURVE_FONT('continuous');
#9839 = STYLED_ITEM('color',(#9840),#4659);
#9840 = PRESENTATION_STYLE_ASSIGNMENT((#9841,#9846));
#9841 = SURFACE_STYLE_USAGE(.BOTH.,#9842);
#9842 = SURFACE_SIDE_STYLE('',(#9843));
#9843 = SURFACE_STYLE_FILL_AREA(#9844);
#9844 = FILL_AREA_STYLE('',(#9845));
#9845 = FILL_AREA_STYLE_COLOUR('',#9287);
#9846 = CURVE_STYLE('',#9847,POSITIVE_LENGTH_MEASURE(0.1),#9287);
#9847 = DRAUGHTING_PRE_DEFINED_CURVE_FONT('continuous');
#9848 = STYLED_ITEM('color',(#9849),#4699);
#9849 = PRESENTATION_STYLE_ASSIGNMENT((#9850,#9855));
#9850 = SURFACE_STYLE_USAGE(.BOTH.,#9851);
#9851 = SURFACE_SIDE_STYLE('',(#9852));
#9852 = SURFACE_STYLE_FILL_AREA(#9853);
#9853 = FILL_AREA_STYLE('',(#9854));
#9854 = FILL_AREA_STYLE_COLOUR('',#9287);
#9855 = CURVE_STYLE('',#9856,POSITIVE_LENGTH_MEASURE(0.1),#9287);
#9856 = DRAUGHTING_PRE_DEFINED_CURVE_FONT('continuous');
#9857 = STYLED_ITEM('color',(#9858),#4721);
#9858 = PRESENTATION_STYLE_ASSIGNMENT((#9859,#9864));
#9859 = SURFACE_STYLE_USAGE(.BOTH.,#9860);
#9860 = SURFACE_SIDE_STYLE('',(#9861));
#9861 = SURFACE_STYLE_FILL_AREA(#9862);
#9862 = FILL_AREA_STYLE('',(#9863));
#9863 = FILL_AREA_STYLE_COLOUR('',#9287);
#9864 = CURVE_STYLE('',#9865,POSITIVE_LENGTH_MEASURE(0.1),#9287);
#9865 = DRAUGHTING_PRE_DEFINED_CURVE_FONT('continuous');
#9866 = STYLED_ITEM('color',(#9867),#4745);
#9867 = PRESENTATION_STYLE_ASSIGNMENT((#9868,#9873));
#9868 = SURFACE_STYLE_USAGE(.BOTH.,#9869);
#9869 = SURFACE_SIDE_STYLE('',(#9870));
#9870 = SURFACE_STYLE_FILL_AREA(#9871);
#9871 = FILL_AREA_STYLE('',(#9872));
#9872 = FILL_AREA_STYLE_COLOUR('',#9287);
#9873 = CURVE_STYLE('',#9874,POSITIVE_LENGTH_MEASURE(0.1),#9287);
#9874 = DRAUGHTING_PRE_DEFINED_CURVE_FONT('continuous');
#9875 = STYLED_ITEM('color',(#9876),#4769);
#9876 = PRESENTATION_STYLE_ASSIGNMENT((#9877,#9882));
#9877 = SURFACE_STYLE_USAGE(.BOTH.,#9878);
#9878 = SURFACE_SIDE_STYLE('',(#9879));
#9879 = SURFACE_STYLE_FILL_AREA(#9880);
#9880 = FILL_AREA_STYLE('',(#9881));
#9881 = FILL_AREA_STYLE_COLOUR('',#9287);
#9882 = CURVE_STYLE('',#9883,POSITIVE_LENGTH_MEASURE(0.1),#9287);
#9883 = DRAUGHTING_PRE_DEFINED_CURVE_FONT('continuous');
#9884 = STYLED_ITEM('color',(#9885),#4793);
#9885 = PRESENTATION_STYLE_ASSIGNMENT((#9886,#9891));
#9886 = SURFACE_STYLE_USAGE(.BOTH.,#9887);
#9887 = SURFACE_SIDE_STYLE('',(#9888));
#9888 = SURFACE_STYLE_FILL_AREA(#9889);
#9889 = FILL_AREA_STYLE('',(#9890));
#9890 = FILL_AREA_STYLE_COLOUR('',#9287);
#9891 = CURVE_STYLE('',#9892,POSITIVE_LENGTH_MEASURE(0.1),#9287);
#9892 = DRAUGHTING_PRE_DEFINED_CURVE_FONT('continuous');
#9893 = STYLED_ITEM('color',(#9894),#4817);
#9894 = PRESENTATION_STYLE_ASSIGNMENT((#9895,#9900));
#9895 = SURFACE_STYLE_USAGE(.BOTH.,#9896);
#9896 = SURFACE_SIDE_STYLE('',(#9897));
#9897 = SURFACE_STYLE_FILL_AREA(#9898);
#9898 = FILL_AREA_STYLE('',(#9899));
#9899 = FILL_AREA_STYLE_COLOUR('',#9287);
#9900 = CURVE_STYLE('',#9901,POSITIVE_LENGTH_MEASURE(0.1),#9287);
#9901 = DRAUGHTING_PRE_DEFINED_CURVE_FONT('continuous');
#9902 = STYLED_ITEM('color',(#9903),#4837);
#9903 = PRESENTATION_STYLE_ASSIGNMENT((#9904,#9909));
#9904 = SURFACE_STYLE_USAGE(.BOTH.,#9905);
#9905 = SURFACE_SIDE_STYLE('',(#9906));
#9906 = SURFACE_STYLE_FILL_AREA(#9907);
#9907 = FILL_AREA_STYLE('',(#9908));
#9908 = FILL_AREA_STYLE_COLOUR('',#9287);
#9909 = CURVE_STYLE('',#9910,POSITIVE_LENGTH_MEASURE(0.1),#9287);
#9910 = DRAUGHTING_PRE_DEFINED_CURVE_FONT('continuous');
ENDSEC;
END-ISO-10303-21;
